race_id,date,venue,race_no,race_class,race_type,field_size,number_of_lines,line_type,winner_car_no,second_car_no,third_car_no,winner_style,winner_line_position,winner_line_size,winner_is_line_leader,source_provider,archived_at_jst,predicted_winner_car_no,predicted_win_prob,top1_top2_margin,top1_confidence_class,predicted_line_position,predicted_line_size,predicted_style,second_pick_car_no,top1_hit
015320261005,2026-10-05,奈良,1,A級,予選,7,4,二分戦,1,5,3,逃,1,3,1,winticket,2026-10-05T16:03:43+09:00,1,0.4516623610612311,0.243063939377198,A,1,3,逃,3,True
025320261005,2026-10-05,奈良,2,A級,予選,7,3,三分戦,7,2,1,追,2,2,0,winticket,2026-10-05T16:03:43+09:00,4,0.480836316481147,0.2283118291655465,A,1,3,逃,1,False
035320261005,2026-10-05,奈良,3,A級,予選,7,3,三分戦,1,7,4,逃,1,3,1,winticket,2026-10-05T16:03:43+09:00,1,0.6521186844356983,0.5529509977522606,S,1,3,逃,4,True
045320261005,2026-10-05,奈良,4,A級,予選,7,3,三分戦,5,2,3,逃,1,3,1,winticket,2026-10-05T16:03:43+09:00,2,0.3608048506739361,0.0542321900916552,C,1,2,逃,1,False
055320261005,2026-10-05,奈良,5,A級,初特選,7,3,三分戦,6,2,5,両,2,2,0,winticket,2026-10-05T16:03:43+09:00,3,0.3140086702519008,0.0825601778961,B,2,3,追,1,False
065320261005,2026-10-05,奈良,6,S級,予選,7,3,二分戦,3,1,2,追,1,1,1,winticket,2026-10-05T16:03:43+09:00,1,0.4692268417391368,0.1274339206016224,B,1,3,逃,2,False
075320261005,2026-10-05,奈良,7,S級,予選,7,3,二分戦,3,4,7,逃,1,3,1,winticket,2026-10-05T16:03:43+09:00,5,0.298127662660624,0.0156554973195793,C,2,3,追,3,False
085320261005,2026-10-05,奈良,8,S級,予選,7,3,三分戦,6,7,1,逃,1,2,1,winticket,2026-10-05T16:03:43+09:00,7,0.4807710095278054,0.0885832797069008,B,2,3,追,2,False
095320261005,2026-10-05,奈良,9,S級,予選,7,3,三分戦,1,5,3,逃,1,2,1,winticket,2026-10-05T16:03:43+09:00,1,0.7278486632858486,0.6206907612286938,S,1,2,逃,2,True
105320261005,2026-10-05,奈良,10,S級,予選,7,3,三分戦,1,4,3,両,2,3,0,winticket,2026-10-05T16:03:43+09:00,1,0.4566537428407363,0.1202112792005437,B,2,3,両,4,True
115320261005,2026-10-05,奈良,11,S級,予選,7,3,三分戦,5,1,4,逃,1,3,1,winticket,2026-10-05T16:03:43+09:00,5,0.7041612920365058,0.5714398469496098,S,1,3,逃,1,True
017520261005,2026-10-05,松山,1,A級,一般,7,3,二分戦,5,4,3,追,3,3,0,winticket,2026-10-05T16:03:43+09:00,1,0.4724665668851668,0.2194416444687506,A,1,3,逃,4,False
013120261005,2026-10-05,松戸,1,A級,チャレンジ一般,5,3,細切れ,3,4,1,逃,1,3,1,winticket,2026-10-05T16:03:43+09:00,1,0.646587404567336,0.3525847134330191,A,2,3,追,3,False
023120261005,2026-10-05,松戸,2,A級,チャレンジ一般,5,2,二分戦,5,2,1,追,2,3,0,winticket,2026-10-05T16:03:43+09:00,2,0.5385976230847549,0.3332904150211623,A,1,3,逃,3,False
033120261005,2026-10-05,松戸,3,A級,チャレンジ選抜,7,3,三分戦,1,5,4,逃,1,2,1,winticket,2026-10-05T16:03:43+09:00,4,0.3484526805656428,0.0485891422625283,C,1,3,逃,1,False
043120261005,2026-10-05,松戸,4,A級,チャレンジ選抜,7,3,二分戦,2,6,1,逃,1,3,1,winticket,2026-10-05T16:03:43+09:00,2,0.5470885798509875,0.3815381460683538,A,1,3,逃,6,True
053120261005,2026-10-05,松戸,5,A級,チャレンジ決勝,7,4,三分戦,5,3,1,逃,1,2,1,winticket,2026-10-05T16:03:43+09:00,5,0.5812825600183414,0.3953527060164397,A,1,2,逃,4,True
063120261005,2026-10-05,松戸,6,L級,ガールズ一般,7,7,細切れ,5,7,1,両,1,1,1,winticket,2026-10-05T16:03:43+09:00,7,0.5919575900148981,0.3299631908385531,A,1,1,両,5,False
073120261005,2026-10-05,松戸,7,L級,ガールズ決勝,7,7,細切れ,6,1,5,逃,1,1,1,winticket,2026-10-05T16:03:44+09:00,1,0.7040699696378414,0.5030772791445843,S,1,1,両,6,False
016320261005,2026-10-05,防府,1,A級,一般,7,4,三分戦,2,7,4,追,2,2,0,winticket,2026-10-05T16:03:44+09:00,2,0.3903902549007125,0.143419455082535,B,2,2,追,7,True
026320261005,2026-10-05,防府,2,A級,一般,7,3,三分戦,7,2,3,両,2,2,0,winticket,2026-10-05T16:03:44+09:00,3,0.5455697952066867,0.3632760397088723,A,1,2,逃,7,False
036320261005,2026-10-05,防府,3,A級,選抜,7,3,二分戦,7,3,6,追,3,3,0,winticket,2026-10-05T16:03:44+09:00,1,0.4113874450493922,0.0347437736971119,C,2,3,追,5,False
046320261005,2026-10-05,防府,4,A級,選抜,7,4,二分戦,7,2,5,追,2,3,0,winticket,2026-10-05T16:03:44+09:00,7,0.3323186200409849,0.0178579933654373,C,2,3,追,2,True
056320261005,2026-10-05,防府,5,A級,準決勝,7,3,三分戦,2,5,7,逃,1,3,1,winticket,2026-10-05T16:03:44+09:00,5,0.3486599724921314,0.0327697394844987,C,2,3,追,2,False
066320261005,2026-10-05,防府,6,A級,準決勝,7,4,二分戦,5,4,7,両,2,3,0,winticket,2026-10-05T16:03:44+09:00,5,0.5648248734975743,0.4382841695644373,S,2,3,両,4,True
076320261005,2026-10-05,防府,7,A級,準決勝,7,4,三分戦,3,1,4,逃,1,2,1,winticket,2026-10-05T16:03:44+09:00,3,0.5204366298643187,0.2576719899665097,A,1,2,逃,1,True
