race_id,date,venue,race_no,expected_trifecta,secondary_trifecta,status,secondary_source,secondary_url,checked_at_jst,detail
021220260928,2026-09-28,青森,2,5-1-6,5-1-6,match,netkeirin,https://keirin.netkeiba.com/race/result/?race_id=202609281202,2026-10-06T09:25:01+09:00,
024320260928,2026-09-28,岐阜,2,3-2-7,3-2-7,match,netkeirin,https://keirin.netkeiba.com/race/result/?race_id=202609284302,2026-10-06T09:25:02+09:00,
026220260928,2026-09-28,広島,2,1-6-3,1-6-3,match,netkeirin,https://keirin.netkeiba.com/race/result/?race_id=202609286202,2026-10-06T09:25:04+09:00,
028420260928,2026-09-28,武雄,2,5-2-7,5-2-7,match,netkeirin,https://keirin.netkeiba.com/race/result/?race_id=202609288402,2026-10-06T09:25:00+09:00,
033520260928,2026-09-28,平塚,3,3-7-1,3-7-1,match,netkeirin,https://keirin.netkeiba.com/race/result/?race_id=202609283503,2026-10-06T09:25:04+09:00,
051220260928,2026-09-28,青森,5,4-5-1,4-5-1,match,netkeirin,https://keirin.netkeiba.com/race/result/?race_id=202609281205,2026-10-06T09:24:59+09:00,
054320260928,2026-09-28,岐阜,5,3-7-9,3-7-9,match,netkeirin,https://keirin.netkeiba.com/race/result/?race_id=202609284305,2026-10-06T09:25:01+09:00,
055620260928,2026-09-28,岸和田,5,3-4-6,3-4-6,match,netkeirin,https://keirin.netkeiba.com/race/result/?race_id=202609285605,2026-10-06T09:25:05+09:00,
061220260928,2026-09-28,青森,6,5-7-1,5-7-1,match,netkeirin,https://keirin.netkeiba.com/race/result/?race_id=202609281206,2026-10-06T09:25:06+09:00,
085620260928,2026-09-28,岸和田,8,5-1-2,5-1-2,match,netkeirin,https://keirin.netkeiba.com/race/result/?race_id=202609285608,2026-10-06T09:25:03+09:00,
093520260928,2026-09-28,平塚,9,3-1-4,3-1-4,match,netkeirin,https://keirin.netkeiba.com/race/result/?race_id=202609283509,2026-10-06T09:25:03+09:00,
094320260928,2026-09-28,岐阜,9,5-9-1,5-9-1,match,netkeirin,https://keirin.netkeiba.com/race/result/?race_id=202609284309,2026-10-06T09:25:00+09:00,
011320260929,2026-09-29,いわき平,1,4-2-5,4-2-5,match,netkeirin,https://keirin.netkeiba.com/race/result/?race_id=202609291301,2026-10-06T09:24:51+09:00,
013520260929,2026-09-29,平塚,1,1-3-5,1-3-5,match,netkeirin,https://keirin.netkeiba.com/race/result/?race_id=202609293501,2026-10-06T09:24:39+09:00,
016120260929,2026-09-29,玉野,1,5-6-1,5-6-1,match,netkeirin,https://keirin.netkeiba.com/race/result/?race_id=202609296101,2026-10-06T09:24:46+09:00,
016220260929,2026-09-29,広島,1,5-3-7,5-3-7,match,netkeirin,https://keirin.netkeiba.com/race/result/?race_id=202609296201,2026-10-06T09:24:57+09:00,
023520260929,2026-09-29,平塚,2,1-7-4,1-7-4,match,netkeirin,https://keirin.netkeiba.com/race/result/?race_id=202609293502,2026-10-06T09:24:43+09:00,
024320260929,2026-09-29,岐阜,2,1-5-4,1-5-4,match,netkeirin,https://keirin.netkeiba.com/race/result/?race_id=202609294302,2026-10-06T09:24:54+09:00,
026220260929,2026-09-29,広島,2,7-1-2,7-1-2,match,netkeirin,https://keirin.netkeiba.com/race/result/?race_id=202609296202,2026-10-06T09:24:40+09:00,
034320260929,2026-09-29,岐阜,3,1-5-8,1-5-8,match,netkeirin,https://keirin.netkeiba.com/race/result/?race_id=202609294303,2026-10-06T09:24:49+09:00,
036320260929,2026-09-29,防府,3,5-3-2,5-3-2,match,netkeirin,https://keirin.netkeiba.com/race/result/?race_id=202609296303,2026-10-06T09:24:41+09:00,
038420260929,2026-09-29,武雄,3,2-1-5,2-1-5,match,netkeirin,https://keirin.netkeiba.com/race/result/?race_id=202609298403,2026-10-06T09:24:42+09:00,
041320260929,2026-09-29,いわき平,4,3-7-1,3-7-1,match,netkeirin,https://keirin.netkeiba.com/race/result/?race_id=202609291304,2026-10-06T09:24:39+09:00,
043520260929,2026-09-29,平塚,4,7-4-3,7-4-3,match,netkeirin,https://keirin.netkeiba.com/race/result/?race_id=202609293504,2026-10-06T09:24:55+09:00,
046120260929,2026-09-29,玉野,4,2-3-5,2-3-5,match,netkeirin,https://keirin.netkeiba.com/race/result/?race_id=202609296104,2026-10-06T09:24:48+09:00,
053520260929,2026-09-29,平塚,5,5-2-7,5-2-7,match,netkeirin,https://keirin.netkeiba.com/race/result/?race_id=202609293505,2026-10-06T09:24:38+09:00,
054320260929,2026-09-29,岐阜,5,2-7-3,2-7-3,match,netkeirin,https://keirin.netkeiba.com/race/result/?race_id=202609294305,2026-10-06T09:24:52+09:00,
063520260929,2026-09-29,平塚,6,5-1-2,5-1-2,match,netkeirin,https://keirin.netkeiba.com/race/result/?race_id=202609293506,2026-10-06T09:24:41+09:00,
064320260929,2026-09-29,岐阜,6,5-7-4,5-7-4,match,netkeirin,https://keirin.netkeiba.com/race/result/?race_id=202609294306,2026-10-06T09:24:44+09:00,
066220260929,2026-09-29,広島,6,1-6-5,1-6-5,match,netkeirin,https://keirin.netkeiba.com/race/result/?race_id=202609296206,2026-10-06T09:24:46+09:00,
066320260929,2026-09-29,防府,6,3-7-4,3-7-4,match,netkeirin,https://keirin.netkeiba.com/race/result/?race_id=202609296306,2026-10-06T09:24:45+09:00,
068420260929,2026-09-29,武雄,6,2-1-7,2-1-7,match,netkeirin,https://keirin.netkeiba.com/race/result/?race_id=202609298406,2026-10-06T09:24:48+09:00,
071320260929,2026-09-29,いわき平,7,1-3-2,1-3-2,match,netkeirin,https://keirin.netkeiba.com/race/result/?race_id=202609291307,2026-10-06T09:24:55+09:00,
074320260929,2026-09-29,岐阜,7,7-1-5,7-1-5,match,netkeirin,https://keirin.netkeiba.com/race/result/?race_id=202609294307,2026-10-06T09:24:53+09:00,
076120260929,2026-09-29,玉野,7,1-2-5,1-2-5,match,netkeirin,https://keirin.netkeiba.com/race/result/?race_id=202609296107,2026-10-06T09:24:58+09:00,
076320260929,2026-09-29,防府,7,5-3-7,5-3-7,match,netkeirin,https://keirin.netkeiba.com/race/result/?race_id=202609296307,2026-10-06T09:24:38+09:00,
081320260929,2026-09-29,いわき平,8,4-1-3,4-1-3,match,netkeirin,https://keirin.netkeiba.com/race/result/?race_id=202609291308,2026-10-06T09:24:56+09:00,
083520260929,2026-09-29,平塚,8,1-7-5,1-7-5,match,netkeirin,https://keirin.netkeiba.com/race/result/?race_id=202609293508,2026-10-06T09:24:43+09:00,
094320260929,2026-09-29,岐阜,9,2-9-5,2-9-5,match,netkeirin,https://keirin.netkeiba.com/race/result/?race_id=202609294309,2026-10-06T09:24:59+09:00,
096220260929,2026-09-29,広島,9,1-2-7,1-2-7,match,netkeirin,https://keirin.netkeiba.com/race/result/?race_id=202609296209,2026-10-06T09:24:53+09:00,
098420260929,2026-09-29,武雄,9,1-5-4,1-5-4,match,netkeirin,https://keirin.netkeiba.com/race/result/?race_id=202609298409,2026-10-06T09:24:47+09:00,
103520260929,2026-09-29,平塚,10,4-2-1,4-2-1,match,netkeirin,https://keirin.netkeiba.com/race/result/?race_id=202609293510,2026-10-06T09:24:56+09:00,
104320260929,2026-09-29,岐阜,10,2-1-9,2-1-9,match,netkeirin,https://keirin.netkeiba.com/race/result/?race_id=202609294310,2026-10-06T09:24:57+09:00,
106220260929,2026-09-29,広島,10,5-4-6,5-4-6,match,netkeirin,https://keirin.netkeiba.com/race/result/?race_id=202609296210,2026-10-06T09:24:52+09:00,
118420260929,2026-09-29,武雄,11,5-7-1,5-7-1,match,netkeirin,https://keirin.netkeiba.com/race/result/?race_id=202609298411,2026-10-06T09:24:50+09:00,
124320260929,2026-09-29,岐阜,12,1-2-4,1-2-4,match,netkeirin,https://keirin.netkeiba.com/race/result/?race_id=202609294312,2026-10-06T09:24:50+09:00,
012220260930,2026-09-30,前橋,1,7-1-5,7-1-5,match,netkeirin,https://keirin.netkeiba.com/race/result/?race_id=202609302201,2026-10-06T09:24:18+09:00,
013520260930,2026-09-30,平塚,1,4-5-3,4-5-3,match,netkeirin,https://keirin.netkeiba.com/race/result/?race_id=202609303501,2026-10-06T09:24:29+09:00,
015320260930,2026-09-30,奈良,1,2-1-4,2-1-4,match,netkeirin,https://keirin.netkeiba.com/race/result/?race_id=202609305301,2026-10-06T09:24:21+09:00,
016220260930,2026-09-30,広島,1,5-7-4,5-7-4,match,netkeirin,https://keirin.netkeiba.com/race/result/?race_id=202609306201,2026-10-06T09:24:27+09:00,
018520260930,2026-09-30,佐世保,1,1-3-4,1-3-4,match,netkeirin,https://keirin.netkeiba.com/race/result/?race_id=202609308501,2026-10-06T09:24:21+09:00,
021220260930,2026-09-30,青森,2,1-2-3,1-2-3,match,netkeirin,https://keirin.netkeiba.com/race/result/?race_id=202609301202,2026-10-06T09:24:25+09:00,
022220260930,2026-09-30,前橋,2,1-3-5,1-3-5,match,netkeirin,https://keirin.netkeiba.com/race/result/?race_id=202609302202,2026-10-06T09:24:28+09:00,
026220260930,2026-09-30,広島,2,1-7-5,1-7-5,match,netkeirin,https://keirin.netkeiba.com/race/result/?race_id=202609306202,2026-10-06T09:24:35+09:00,
026320260930,2026-09-30,防府,2,6-3-7,6-3-7,match,netkeirin,https://keirin.netkeiba.com/race/result/?race_id=202609306302,2026-10-06T09:24:26+09:00,
032220260930,2026-09-30,前橋,3,1-4-2,1-4-2,match,netkeirin,https://keirin.netkeiba.com/race/result/?race_id=202609302203,2026-10-06T09:24:19+09:00,
033520260930,2026-09-30,平塚,3,6-7-1,6-7-1,match,netkeirin,https://keirin.netkeiba.com/race/result/?race_id=202609303503,2026-10-06T09:24:34+09:00,
036220260930,2026-09-30,広島,3,7-2-5,7-2-5,match,netkeirin,https://keirin.netkeiba.com/race/result/?race_id=202609306203,2026-10-06T09:24:32+09:00,
041220260930,2026-09-30,青森,4,2-1-5,2-1-5,match,netkeirin,https://keirin.netkeiba.com/race/result/?race_id=202609301204,2026-10-06T09:24:31+09:00,
042220260930,2026-09-30,前橋,4,1-2-5,1-2-5,match,netkeirin,https://keirin.netkeiba.com/race/result/?race_id=202609302204,2026-10-06T09:24:34+09:00,
043520260930,2026-09-30,平塚,4,3-6-2,3-6-2,match,netkeirin,https://keirin.netkeiba.com/race/result/?race_id=202609303504,2026-10-06T09:24:29+09:00,
045320260930,2026-09-30,奈良,4,5-1-4,5-1-4,match,netkeirin,https://keirin.netkeiba.com/race/result/?race_id=202609305304,2026-10-06T09:24:33+09:00,
046320260930,2026-09-30,防府,4,3-5-1,3-5-1,match,netkeirin,https://keirin.netkeiba.com/race/result/?race_id=202609306304,2026-10-06T09:24:28+09:00,
048520260930,2026-09-30,佐世保,4,3-1-2,3-1-2,match,netkeirin,https://keirin.netkeiba.com/race/result/?race_id=202609308504,2026-10-06T09:24:37+09:00,
051220260930,2026-09-30,青森,5,2-1-6,2-1-6,match,netkeirin,https://keirin.netkeiba.com/race/result/?race_id=202609301205,2026-10-06T09:24:35+09:00,
053520260930,2026-09-30,平塚,5,5-1-7,5-1-7,match,netkeirin,https://keirin.netkeiba.com/race/result/?race_id=202609303505,2026-10-06T09:24:26+09:00,
055320260930,2026-09-30,奈良,5,2-3-6,2-3-6,match,netkeirin,https://keirin.netkeiba.com/race/result/?race_id=202609305305,2026-10-06T09:24:31+09:00,
056320260930,2026-09-30,防府,5,4-1-2,4-1-2,match,netkeirin,https://keirin.netkeiba.com/race/result/?race_id=202609306305,2026-10-06T09:24:22+09:00,
061220260930,2026-09-30,青森,6,1-2-4,1-2-4,match,netkeirin,https://keirin.netkeiba.com/race/result/?race_id=202609301206,2026-10-06T09:24:20+09:00,
062220260930,2026-09-30,前橋,6,1-3-2,1-3-2,match,netkeirin,https://keirin.netkeiba.com/race/result/?race_id=202609302206,2026-10-06T09:24:23+09:00,
066220260930,2026-09-30,広島,6,1-3-4,1-3-4,match,netkeirin,https://keirin.netkeiba.com/race/result/?race_id=202609306206,2026-10-06T09:24:36+09:00,
072220260930,2026-09-30,前橋,7,1-2-4,1-2-4,match,netkeirin,https://keirin.netkeiba.com/race/result/?race_id=202609302207,2026-10-06T09:24:24+09:00,
073520260930,2026-09-30,平塚,7,5-6-2,5-6-2,match,netkeirin,https://keirin.netkeiba.com/race/result/?race_id=202609303507,2026-10-06T09:24:20+09:00,
075320260930,2026-09-30,奈良,7,1-2-4,1-2-4,match,netkeirin,https://keirin.netkeiba.com/race/result/?race_id=202609305307,2026-10-06T09:24:30+09:00,
093520260930,2026-09-30,平塚,9,1-4-2,1-4-2,match,netkeirin,https://keirin.netkeiba.com/race/result/?race_id=202609303509,2026-10-06T09:24:22+09:00,
103520260930,2026-09-30,平塚,10,1-4-7,1-4-7,match,netkeirin,https://keirin.netkeiba.com/race/result/?race_id=202609303510,2026-10-06T09:24:23+09:00,
113520260930,2026-09-30,平塚,11,2-3-5,2-3-5,match,netkeirin,https://keirin.netkeiba.com/race/result/?race_id=202609303511,2026-10-06T09:24:37+09:00,
116220260930,2026-09-30,広島,11,5-2-3,5-2-3,match,netkeirin,https://keirin.netkeiba.com/race/result/?race_id=202609306211,2026-10-06T09:24:33+09:00,
011220261001,2026-10-01,青森,1,1-2-4,1-2-4,match,netkeirin,https://keirin.netkeiba.com/race/result/?race_id=202610011201,2026-10-06T09:24:14+09:00,
012220261001,2026-10-01,前橋,1,1-4-2,1-4-2,match,netkeirin,https://keirin.netkeiba.com/race/result/?race_id=202610012201,2026-10-06T09:24:02+09:00,
015320261001,2026-10-01,奈良,1,3-4-1,3-4-1,match,netkeirin,https://keirin.netkeiba.com/race/result/?race_id=202610015301,2026-10-06T09:24:10+09:00,
016320261001,2026-10-01,防府,1,1-2-4,1-2-4,match,netkeirin,https://keirin.netkeiba.com/race/result/?race_id=202610016301,2026-10-06T09:24:00+09:00,
018320261001,2026-10-01,久留米,1,7-3-4,7-3-4,match,netkeirin,https://keirin.netkeiba.com/race/result/?race_id=202610018301,2026-10-06T09:23:55+09:00,
018520261001,2026-10-01,佐世保,1,7-1-3,7-1-3,match,netkeirin,https://keirin.netkeiba.com/race/result/?race_id=202610018501,2026-10-06T09:24:02+09:00,
024720261001,2026-10-01,松阪,2,9-4-2,9-4-2,match,netkeirin,https://keirin.netkeiba.com/race/result/?race_id=202610014702,2026-10-06T09:24:05+09:00,
025320261001,2026-10-01,奈良,2,5-6-1,5-6-1,match,netkeirin,https://keirin.netkeiba.com/race/result/?race_id=202610015302,2026-10-06T09:24:11+09:00,
026320261001,2026-10-01,防府,2,5-3-4,5-3-4,match,netkeirin,https://keirin.netkeiba.com/race/result/?race_id=202610016302,2026-10-06T09:24:13+09:00,
028320261001,2026-10-01,久留米,2,7-1-5,7-1-5,match,netkeirin,https://keirin.netkeiba.com/race/result/?race_id=202610018302,2026-10-06T09:23:59+09:00,
031220261001,2026-10-01,青森,3,3-5-2,3-5-2,match,netkeirin,https://keirin.netkeiba.com/race/result/?race_id=202610011203,2026-10-06T09:24:17+09:00,
032220261001,2026-10-01,前橋,3,6-4-5,6-4-5,match,netkeirin,https://keirin.netkeiba.com/race/result/?race_id=202610012203,2026-10-06T09:24:04+09:00,
033420261001,2026-10-01,川崎,3,1-7-4,1-7-4,match,netkeirin,https://keirin.netkeiba.com/race/result/?race_id=202610013403,2026-10-06T09:24:11+09:00,
034720261001,2026-10-01,松阪,3,6-4-1,6-4-1,match,netkeirin,https://keirin.netkeiba.com/race/result/?race_id=202610014703,2026-10-06T09:23:56+09:00,
035320261001,2026-10-01,奈良,3,1-2-7,1-2-7,match,netkeirin,https://keirin.netkeiba.com/race/result/?race_id=202610015303,2026-10-06T09:24:15+09:00,
038320261001,2026-10-01,久留米,3,1-4-3,1-4-3,match,netkeirin,https://keirin.netkeiba.com/race/result/?race_id=202610018303,2026-10-06T09:24:15+09:00,
041220261001,2026-10-01,青森,4,1-6-3,1-6-3,match,netkeirin,https://keirin.netkeiba.com/race/result/?race_id=202610011204,2026-10-06T09:23:58+09:00,
042220261001,2026-10-01,前橋,4,5-3-6,5-3-6,match,netkeirin,https://keirin.netkeiba.com/race/result/?race_id=202610012204,2026-10-06T09:24:18+09:00,
042520261001,2026-10-01,大宮,4,1-4-7,1-4-7,match,netkeirin,https://keirin.netkeiba.com/race/result/?race_id=202610012504,2026-10-06T09:23:55+09:00,
048320261001,2026-10-01,久留米,4,1-5-3,1-5-3,match,netkeirin,https://keirin.netkeiba.com/race/result/?race_id=202610018304,2026-10-06T09:24:08+09:00,
048520261001,2026-10-01,佐世保,4,4-7-3,4-7-3,match,netkeirin,https://keirin.netkeiba.com/race/result/?race_id=202610018504,2026-10-06T09:23:59+09:00,
051220261001,2026-10-01,青森,5,2-1-3,2-1-3,match,netkeirin,https://keirin.netkeiba.com/race/result/?race_id=202610011205,2026-10-06T09:24:01+09:00,
053420261001,2026-10-01,川崎,5,7-2-1,7-2-1,match,netkeirin,https://keirin.netkeiba.com/race/result/?race_id=202610013405,2026-10-06T09:23:52+09:00,
055320261001,2026-10-01,奈良,5,3-4-1,3-4-1,match,netkeirin,https://keirin.netkeiba.com/race/result/?race_id=202610015305,2026-10-06T09:24:01+09:00,
056320261001,2026-10-01,防府,5,5-3-7,5-3-7,match,netkeirin,https://keirin.netkeiba.com/race/result/?race_id=202610016305,2026-10-06T09:24:12+09:00,
058320261001,2026-10-01,久留米,5,4-1-5,4-1-5,match,netkeirin,https://keirin.netkeiba.com/race/result/?race_id=202610018305,2026-10-06T09:24:04+09:00,
063420261001,2026-10-01,川崎,6,1-4-6,1-4-6,match,netkeirin,https://keirin.netkeiba.com/race/result/?race_id=202610013406,2026-10-06T09:24:08+09:00,
064720261001,2026-10-01,松阪,6,9-5-3,9-5-3,match,netkeirin,https://keirin.netkeiba.com/race/result/?race_id=202610014706,2026-10-06T09:23:54+09:00,
065320261001,2026-10-01,奈良,6,5-1-3,5-1-3,match,netkeirin,https://keirin.netkeiba.com/race/result/?race_id=202610015306,2026-10-06T09:24:06+09:00,
071220261001,2026-10-01,青森,7,1-5-2,1-5-2,match,netkeirin,https://keirin.netkeiba.com/race/result/?race_id=202610011207,2026-10-06T09:23:57+09:00,
072220261001,2026-10-01,前橋,7,1-3-2,1-3-2,match,netkeirin,https://keirin.netkeiba.com/race/result/?race_id=202610012207,2026-10-06T09:23:53+09:00,
072520261001,2026-10-01,大宮,7,2-1-5,2-1-5,match,netkeirin,https://keirin.netkeiba.com/race/result/?race_id=202610012507,2026-10-06T09:23:53+09:00,
074720261001,2026-10-01,松阪,7,7-3-8,7-3-8,match,netkeirin,https://keirin.netkeiba.com/race/result/?race_id=202610014707,2026-10-06T09:24:16+09:00,
078320261001,2026-10-01,久留米,7,7-1-3,7-1-3,match,netkeirin,https://keirin.netkeiba.com/race/result/?race_id=202610018307,2026-10-06T09:24:05+09:00,
078520261001,2026-10-01,佐世保,7,3-7-1,3-7-1,match,netkeirin,https://keirin.netkeiba.com/race/result/?race_id=202610018507,2026-10-06T09:24:10+09:00,
088320261001,2026-10-01,久留米,8,3-2-7,3-2-7,match,netkeirin,https://keirin.netkeiba.com/race/result/?race_id=202610018308,2026-10-06T09:24:13+09:00,
093420261001,2026-10-01,川崎,9,7-4-1,7-4-1,match,netkeirin,https://keirin.netkeiba.com/race/result/?race_id=202610013409,2026-10-06T09:24:17+09:00,
104720261001,2026-10-01,松阪,10,7-2-9,7-2-9,match,netkeirin,https://keirin.netkeiba.com/race/result/?race_id=202610014710,2026-10-06T09:24:07+09:00,
108320261001,2026-10-01,久留米,10,7-3-4,7-3-4,match,netkeirin,https://keirin.netkeiba.com/race/result/?race_id=202610018310,2026-10-06T09:24:06+09:00,
113420261001,2026-10-01,川崎,11,7-2-3,7-2-3,match,netkeirin,https://keirin.netkeiba.com/race/result/?race_id=202610013411,2026-10-06T09:23:56+09:00,
114720261001,2026-10-01,松阪,11,3-6-4,3-6-4,match,netkeirin,https://keirin.netkeiba.com/race/result/?race_id=202610014711,2026-10-06T09:24:09+09:00,
122520261001,2026-10-01,大宮,12,5-7-4,5-7-4,match,netkeirin,https://keirin.netkeiba.com/race/result/?race_id=202610012512,2026-10-06T09:24:03+09:00,
123420261001,2026-10-01,川崎,12,2-5-1,2-5-1,match,netkeirin,https://keirin.netkeiba.com/race/result/?race_id=202610013412,2026-10-06T09:23:58+09:00,
011220261002,2026-10-02,青森,1,2-3-4,2-3-4,match,netkeirin,https://keirin.netkeiba.com/race/result/?race_id=202610021201,2026-10-06T09:23:33+09:00,
012220261002,2026-10-02,前橋,1,2-5-1,2-5-1,match,netkeirin,https://keirin.netkeiba.com/race/result/?race_id=202610022201,2026-10-06T09:23:39+09:00,
012520261002,2026-10-02,大宮,1,7-2-4,7-2-4,match,netkeirin,https://keirin.netkeiba.com/race/result/?race_id=202610022501,2026-10-06T09:23:45+09:00,
013420261002,2026-10-02,川崎,1,6-3-2,6-3-2,match,netkeirin,https://keirin.netkeiba.com/race/result/?race_id=202610023401,2026-10-06T09:23:47+09:00,
014720261002,2026-10-02,松阪,1,1-8-5,1-8-5,match,netkeirin,https://keirin.netkeiba.com/race/result/?race_id=202610024701,2026-10-06T09:23:43+09:00,
021220261002,2026-10-02,青森,2,2-3-6,2-3-6,match,netkeirin,https://keirin.netkeiba.com/race/result/?race_id=202610021202,2026-10-06T09:23:43+09:00,
024720261002,2026-10-02,松阪,2,1-4-8,1-4-8,match,netkeirin,https://keirin.netkeiba.com/race/result/?race_id=202610024702,2026-10-06T09:23:27+09:00,
025320261002,2026-10-02,奈良,2,2-1-4,2-1-4,match,netkeirin,https://keirin.netkeiba.com/race/result/?race_id=202610025302,2026-10-06T09:23:48+09:00,
032220261002,2026-10-02,前橋,3,1-4-3,1-4-3,match,netkeirin,https://keirin.netkeiba.com/race/result/?race_id=202610022203,2026-10-06T09:23:44+09:00,
034720261002,2026-10-02,松阪,3,2-6-9,2-6-9,match,netkeirin,https://keirin.netkeiba.com/race/result/?race_id=202610024703,2026-10-06T09:23:29+09:00,
035320261002,2026-10-02,奈良,3,3-4-1,3-4-1,match,netkeirin,https://keirin.netkeiba.com/race/result/?race_id=202610025303,2026-10-06T09:23:26+09:00,
038320261002,2026-10-02,久留米,3,7-1-4,7-1-4,match,netkeirin,https://keirin.netkeiba.com/race/result/?race_id=202610028303,2026-10-06T09:23:28+09:00,
038520261002,2026-10-02,佐世保,3,3-5-1,3-5-1,match,netkeirin,https://keirin.netkeiba.com/race/result/?race_id=202610028503,2026-10-06T09:23:27+09:00,
041220261002,2026-10-02,青森,4,6-1-7,6-1-7,match,netkeirin,https://keirin.netkeiba.com/race/result/?race_id=202610021204,2026-10-06T09:23:41+09:00,
042220261002,2026-10-02,前橋,4,1-3-5,1-3-5,match,netkeirin,https://keirin.netkeiba.com/race/result/?race_id=202610022204,2026-10-06T09:23:42+09:00,
043420261002,2026-10-02,川崎,4,3-5-1,3-5-1,match,netkeirin,https://keirin.netkeiba.com/race/result/?race_id=202610023404,2026-10-06T09:23:35+09:00,
044720261002,2026-10-02,松阪,4,1-9-2,1-9-2,match,netkeirin,https://keirin.netkeiba.com/race/result/?race_id=202610024704,2026-10-06T09:23:51+09:00,
048320261002,2026-10-02,久留米,4,1-2-6,1-2-6,match,netkeirin,https://keirin.netkeiba.com/race/result/?race_id=202610028304,2026-10-06T09:23:37+09:00,
052220261002,2026-10-02,前橋,5,5-1-7,5-1-7,match,netkeirin,https://keirin.netkeiba.com/race/result/?race_id=202610022205,2026-10-06T09:23:30+09:00,
052520261002,2026-10-02,大宮,5,1-5-4,1-5-4,match,netkeirin,https://keirin.netkeiba.com/race/result/?race_id=202610022505,2026-10-06T09:23:44+09:00,
053420261002,2026-10-02,川崎,5,3-5-4,3-5-4,match,netkeirin,https://keirin.netkeiba.com/race/result/?race_id=202610023405,2026-10-06T09:23:38+09:00,
058320261002,2026-10-02,久留米,5,2-4-6,2-4-6,match,netkeirin,https://keirin.netkeiba.com/race/result/?race_id=202610028305,2026-10-06T09:23:33+09:00,
061220261002,2026-10-02,青森,6,3-5-1,3-5-1,match,netkeirin,https://keirin.netkeiba.com/race/result/?race_id=202610021206,2026-10-06T09:23:29+09:00,
062220261002,2026-10-02,前橋,6,3-2-1,3-2-1,match,netkeirin,https://keirin.netkeiba.com/race/result/?race_id=202610022206,2026-10-06T09:23:49+09:00,
064720261002,2026-10-02,松阪,6,2-1-7,2-1-7,match,netkeirin,https://keirin.netkeiba.com/race/result/?race_id=202610024706,2026-10-06T09:23:30+09:00,
065320261002,2026-10-02,奈良,6,4-3-1,4-3-1,match,netkeirin,https://keirin.netkeiba.com/race/result/?race_id=202610025306,2026-10-06T09:23:32+09:00,
071220261002,2026-10-02,青森,7,2-3-6,2-3-6,match,netkeirin,https://keirin.netkeiba.com/race/result/?race_id=202610021207,2026-10-06T09:23:31+09:00,
073420261002,2026-10-02,川崎,7,2-1-6,2-1-6,match,netkeirin,https://keirin.netkeiba.com/race/result/?race_id=202610023407,2026-10-06T09:23:52+09:00,
074720261002,2026-10-02,松阪,7,2-7-3,2-7-3,match,netkeirin,https://keirin.netkeiba.com/race/result/?race_id=202610024707,2026-10-06T09:23:41+09:00,
075320261002,2026-10-02,奈良,7,3-1-2,3-1-2,match,netkeirin,https://keirin.netkeiba.com/race/result/?race_id=202610025307,2026-10-06T09:23:46+09:00,
078320261002,2026-10-02,久留米,7,1-4-5,1-4-5,match,netkeirin,https://keirin.netkeiba.com/race/result/?race_id=202610028307,2026-10-06T09:23:46+09:00,
078520261002,2026-10-02,佐世保,7,2-7-5,2-7-5,match,netkeirin,https://keirin.netkeiba.com/race/result/?race_id=202610028507,2026-10-06T09:23:49+09:00,
082520261002,2026-10-02,大宮,8,7-5-1,7-5-1,match,netkeirin,https://keirin.netkeiba.com/race/result/?race_id=202610022508,2026-10-06T09:23:38+09:00,
088320261002,2026-10-02,久留米,8,5-1-3,5-1-3,match,netkeirin,https://keirin.netkeiba.com/race/result/?race_id=202610028308,2026-10-06T09:23:26+09:00,
093420261002,2026-10-02,川崎,9,4-6-3,4-6-3,match,netkeirin,https://keirin.netkeiba.com/race/result/?race_id=202610023409,2026-10-06T09:23:36+09:00,
098320261002,2026-10-02,久留米,9,4-5-7,4-5-7,match,netkeirin,https://keirin.netkeiba.com/race/result/?race_id=202610028309,2026-10-06T09:23:40+09:00,
104720261002,2026-10-02,松阪,10,1-9-4,1-9-4,match,netkeirin,https://keirin.netkeiba.com/race/result/?race_id=202610024710,2026-10-06T09:23:50+09:00,
108320261002,2026-10-02,久留米,10,5-4-3,5-4-3,match,netkeirin,https://keirin.netkeiba.com/race/result/?race_id=202610028310,2026-10-06T09:23:50+09:00,
118320261002,2026-10-02,久留米,11,5-1-2,5-1-2,match,netkeirin,https://keirin.netkeiba.com/race/result/?race_id=202610028311,2026-10-06T09:23:34+09:00,
122520261002,2026-10-02,大宮,12,1-7-2,1-7-2,match,netkeirin,https://keirin.netkeiba.com/race/result/?race_id=202610022512,2026-10-06T09:23:40+09:00,
123420261002,2026-10-02,川崎,12,1-4-2,1-4-2,match,netkeirin,https://keirin.netkeiba.com/race/result/?race_id=202610023412,2026-10-06T09:23:36+09:00,
124720261002,2026-10-02,松阪,12,5-1-9,5-1-9,match,netkeirin,https://keirin.netkeiba.com/race/result/?race_id=202610024712,2026-10-06T09:23:34+09:00,
013420261003,2026-10-03,川崎,1,3-1-5,3-1-5,match,netkeirin,https://keirin.netkeiba.com/race/result/?race_id=202610033401,2026-10-06T09:23:17+09:00,
014720261003,2026-10-03,松阪,1,4-8-5,4-8-5,match,netkeirin,https://keirin.netkeiba.com/race/result/?race_id=202610034701,2026-10-06T09:23:22+09:00,
018320261003,2026-10-03,久留米,1,4-3-2,4-3-2,match,netkeirin,https://keirin.netkeiba.com/race/result/?race_id=202610038301,2026-10-06T09:23:24+09:00,
022520261003,2026-10-03,大宮,2,4-3-1,4-3-1,match,netkeirin,https://keirin.netkeiba.com/race/result/?race_id=202610032502,2026-10-06T09:23:11+09:00,
023420261003,2026-10-03,川崎,2,2-4-1,2-4-1,match,netkeirin,https://keirin.netkeiba.com/race/result/?race_id=202610033402,2026-10-06T09:23:09+09:00,
024720261003,2026-10-03,松阪,2,2-7-5,2-7-5,match,netkeirin,https://keirin.netkeiba.com/race/result/?race_id=202610034702,2026-10-06T09:23:21+09:00,
028320261003,2026-10-03,久留米,2,1-6-2,1-6-2,match,netkeirin,https://keirin.netkeiba.com/race/result/?race_id=202610038302,2026-10-06T09:23:09+09:00,
033120261003,2026-10-03,松戸,3,1-2-7,1-2-7,match,netkeirin,https://keirin.netkeiba.com/race/result/?race_id=202610033103,2026-10-06T09:23:23+09:00,
034720261003,2026-10-03,松阪,3,7-2-1,7-2-1,match,netkeirin,https://keirin.netkeiba.com/race/result/?race_id=202610034703,2026-10-06T09:23:11+09:00,
043520261003,2026-10-03,平塚,4,4-1-5,4-1-5,match,netkeirin,https://keirin.netkeiba.com/race/result/?race_id=202610033504,2026-10-06T09:23:08+09:00,
047320261003,2026-10-03,小松島,4,1-3-2,1-3-2,match,netkeirin,https://keirin.netkeiba.com/race/result/?race_id=202610037304,2026-10-06T09:23:18+09:00,
052520261003,2026-10-03,大宮,5,2-3-6,2-3-6,match,netkeirin,https://keirin.netkeiba.com/race/result/?race_id=202610032505,2026-10-06T09:23:14+09:00,
053420261003,2026-10-03,川崎,5,4-3-6,4-3-6,match,netkeirin,https://keirin.netkeiba.com/race/result/?race_id=202610033405,2026-10-06T09:23:07+09:00,
054720261003,2026-10-03,松阪,5,3-2-1,3-2-1,match,netkeirin,https://keirin.netkeiba.com/race/result/?race_id=202610034705,2026-10-06T09:23:15+09:00,
058320261003,2026-10-03,久留米,5,4-5-7,4-5-7,match,netkeirin,https://keirin.netkeiba.com/race/result/?race_id=202610038305,2026-10-06T09:23:16+09:00,
064720261003,2026-10-03,松阪,6,7-9-4,7-9-4,match,netkeirin,https://keirin.netkeiba.com/race/result/?race_id=202610034706,2026-10-06T09:23:21+09:00,
068320261003,2026-10-03,久留米,6,5-4-7,5-4-7,match,netkeirin,https://keirin.netkeiba.com/race/result/?race_id=202610038306,2026-10-06T09:23:13+09:00,
073120261003,2026-10-03,松戸,7,4-2-6,4-2-6,match,netkeirin,https://keirin.netkeiba.com/race/result/?race_id=202610033107,2026-10-06T09:23:12+09:00,
074720261003,2026-10-03,松阪,7,1-8-7,1-8-7,match,netkeirin,https://keirin.netkeiba.com/race/result/?race_id=202610034707,2026-10-06T09:23:19+09:00,
083420261003,2026-10-03,川崎,8,3-4-1,3-4-1,match,netkeirin,https://keirin.netkeiba.com/race/result/?race_id=202610033408,2026-10-06T09:23:25+09:00,
084720261003,2026-10-03,松阪,8,7-1-9,7-1-9,match,netkeirin,https://keirin.netkeiba.com/race/result/?race_id=202610034708,2026-10-06T09:23:24+09:00,
088320261003,2026-10-03,久留米,8,3-4-1,3-4-1,match,netkeirin,https://keirin.netkeiba.com/race/result/?race_id=202610038308,2026-10-06T09:23:20+09:00,
092520261003,2026-10-03,大宮,9,7-4-6,7-4-6,match,netkeirin,https://keirin.netkeiba.com/race/result/?race_id=202610032509,2026-10-06T09:23:17+09:00,
093420261003,2026-10-03,川崎,9,1-6-5,1-6-5,match,netkeirin,https://keirin.netkeiba.com/race/result/?race_id=202610033409,2026-10-06T09:23:23+09:00,
098320261003,2026-10-03,久留米,9,2-1-5,2-1-5,match,netkeirin,https://keirin.netkeiba.com/race/result/?race_id=202610038309,2026-10-06T09:23:15+09:00,
102520261003,2026-10-03,大宮,10,1-2-4,1-2-4,match,netkeirin,https://keirin.netkeiba.com/race/result/?race_id=202610032510,2026-10-06T09:23:12+09:00,
104720261003,2026-10-03,松阪,10,9-7-2,9-7-2,match,netkeirin,https://keirin.netkeiba.com/race/result/?race_id=202610034710,2026-10-06T09:23:14+09:00,
118320261003,2026-10-03,久留米,11,4-1-2,4-1-2,match,netkeirin,https://keirin.netkeiba.com/race/result/?race_id=202610038311,2026-10-06T09:23:10+09:00,
123420261003,2026-10-03,川崎,12,5-1-2,5-1-2,match,netkeirin,https://keirin.netkeiba.com/race/result/?race_id=202610033412,2026-10-06T09:23:18+09:00,
013520261004,2026-10-04,平塚,1,1-3-5,1-3-5,match,netkeirin,https://keirin.netkeiba.com/race/result/?race_id=202610043501,2026-10-06T09:23:04+09:00,
014720261004,2026-10-04,松阪,1,2-6-4,2-6-4,match,netkeirin,https://keirin.netkeiba.com/race/result/?race_id=202610044701,2026-10-06T09:23:03+09:00,
017320261004,2026-10-04,小松島,1,1-2-4,1-2-4,match,netkeirin,https://keirin.netkeiba.com/race/result/?race_id=202610047301,2026-10-06T09:23:07+09:00,
024720261004,2026-10-04,松阪,2,7-3-2,7-3-2,match,netkeirin,https://keirin.netkeiba.com/race/result/?race_id=202610044702,2026-10-06T09:23:06+09:00,
043120261004,2026-10-04,松戸,4,7-3-5,7-3-5,match,netkeirin,https://keirin.netkeiba.com/race/result/?race_id=202610043104,2026-10-06T09:23:05+09:00,
053520261004,2026-10-04,平塚,5,1-5-3,1-5-3,match,netkeirin,https://keirin.netkeiba.com/race/result/?race_id=202610043505,2026-10-06T09:23:02+09:00,
057320261004,2026-10-04,小松島,5,3-1-2,3-1-2,match,netkeirin,https://keirin.netkeiba.com/race/result/?race_id=202610047305,2026-10-06T09:23:02+09:00,
064720261004,2026-10-04,松阪,6,2-3-4,2-3-4,match,netkeirin,https://keirin.netkeiba.com/race/result/?race_id=202610044706,2026-10-06T09:23:04+09:00,
