date,venue,race_no,race_id,ticket_count,actual_trifecta,is_hit,winning_rank,prediction_created_at_jst,strategy_version
2026-10-06,防府,1,016320261006,8,4-1-2,False,,2026-10-06T08:18:02+09:00,near_close_v4_position_20261004
2026-10-06,防府,2,026320261006,2,1-5-3,False,,2026-10-06T08:18:02+09:00,near_close_v4_position_20261004
2026-10-06,防府,3,036320261006,4,6-1-5,False,,2026-10-06T08:18:02+09:00,near_close_v4_position_20261004
2026-10-06,奈良,1,015320261006,5,5-3-7,True,4.0,2026-10-06T10:40:43+09:00,near_close_v4_position_20261004
2026-10-06,大宮,2,022520261006,5,4-2-6,False,,2026-10-06T10:40:43+09:00,near_close_v4_position_20261004
2026-10-06,奈良,2,025320261006,5,1-2-7,False,,2026-10-06T10:40:43+09:00,near_close_v4_position_20261004
2026-10-06,大宮,3,032520261006,5,3-2-7,False,,2026-10-06T10:40:43+09:00,near_close_v4_position_20261004
2026-10-06,大宮,6,062520261006,4,1-2-3,False,,2026-10-06T12:41:59+09:00,near_close_v4_position_20261004
2026-10-06,奈良,6,065320261006,8,5-3-2,False,,2026-10-06T13:01:04+09:00,near_close_v4_position_20261004
2026-10-06,奈良,7,075320261006,9,5-7-6,False,,2026-10-06T13:01:04+09:00,near_close_v4_position_20261004
2026-10-06,奈良,9,095320261006,6,1-4-6,False,,2026-10-06T14:16:03+09:00,near_close_v4_position_20261004
2026-10-06,大宮,10,102520261006,1,3-7-1,False,,2026-10-06T14:16:03+09:00,near_close_v4_position_20261004
2026-10-06,松山,1,017520261006,6,7-3-1,False,,2026-10-06T15:31:28+09:00,near_close_v4_position_20261004
2026-10-06,いわき平,1,011320261006,2,5-2-3,False,,2026-10-06T15:31:28+09:00,near_close_v4_position_20261004
2026-10-06,松山,2,027520261006,5,7-1-3,False,,2026-10-06T15:31:28+09:00,near_close_v4_position_20261004
2026-10-06,奈良,12,125320261006,1,3-6-5,False,,2026-10-06T15:31:28+09:00,near_close_v4_position_20261004
2026-10-06,いわき平,2,021320261006,8,4-2-7,False,,2026-10-06T16:05:18+09:00,near_close_v4_position_20261004
2026-10-06,松山,3,037520261006,6,1-5-4,False,,2026-10-06T16:05:18+09:00,near_close_v4_position_20261004
2026-10-06,いわき平,3,031320261006,4,3-5-2,False,,2026-10-06T16:05:18+09:00,near_close_v4_position_20261004
