logged_at_jst,kind,target_date,history_rows,history_races,auc_binary,brier_score_binary,race_logloss,top1_bets,top1_hits,top1_hit_rate,settlement_bets,settlement_hits,stake_yen,return_yen,profit_yen,roi,note
2026-06-30T22:15:02+09:00,train,2026-06-30,2115.0,299.0,0.7222842261904762,0.1231858995220632,1.7200788918933267,36.0,12.0,0.3333333333333333,,,,,,,WINTICKET history training metrics
2026-06-30T22:15:02+09:00,settle,2026-06-29,,,,,,,,,431.0,1.0,43100.0,3120.0,-39980.0,-0.9276102088167052,AI purchase settlement
2026-06-30T22:18:23+09:00,train,2026-06-30,2115.0,299.0,0.6956225198412699,0.1171203088712775,1.7162306567248258,36.0,15.0,0.4166666666666667,,,,,,,WINTICKET history training metrics
2026-06-30T22:19:00+09:00,walk_forward,2026-06-30,,206.0,0.680860326883738,,2.003680900396498,206.0,60.0,0.2912621359223301,,,,,,,hide-result then predict then reveal walk-forward test
2026-06-30T23:12:50+09:00,profit_backtest,2026-06-30,,4981.0,,,,,,,76.0,3.0,38000.0,169950.0,131950.0,3.472368421052632,walk-forward trifecta profit backtest with variable stake
2026-06-30T23:13:11+09:00,train,2026-06-30,34930.0,4981.0,0.7698988281405523,0.1048827504243306,1.5923408911161223,750.0,327.0,0.436,,,,,,,WINTICKET history training metrics
2026-06-30T23:17:33+09:00,settle,2026-06-30,,,,,,,,,1.0,0.0,500.0,0.0,-500.0,-1.0,AI purchase settlement
2026-07-01T06:15:21+09:00,settle,2026-06-30,,,,,,,,,1.0,0.0,500.0,0.0,-500.0,-1.0,AI purchase settlement
2026-07-01T08:17:08+09:00,multi_bet_backtest,2026-06-30,,9970.0,,,,,,,54521.0,1074.0,8879000.0,9454780.0,575780.0,0.0648473927244059,best broad bet type: trio profit_yen=576760
2026-07-01T08:17:37+09:00,train,2026-06-30,69833.0,9970.0,0.7729103315261602,0.1049029802101045,1.528678091159061,1514.0,622.0,0.4108322324966975,,,,,,,WINTICKET history training metrics
2026-07-01T19:22:44+09:00,train,2026-07-01,69902.0,9971.0,0.7759166735732581,0.1044328649179516,1.550268567824171,1514.0,634.0,0.4187582562747688,,,,,,,WINTICKET history training metrics
2026-07-01T19:22:48+09:00,multi_bet_backtest,2026-07-01,,9971.0,,,,,,,54051.0,1085.0,8719700.0,10082770.0,1363070.0,0.1563207449797584,"best broad bet type: 3連単, profit_yen=757820"
2026-07-01T20:38:25+09:00,settle,2026-07-01,,,,,,,,,16.0,0.0,5500.0,0.0,-5500.0,-1.0,AI purchase settlement
2026-07-02T19:29:04+09:00,settle,2026-07-01,,,,,,,,,24.0,0.0,8400.0,0.0,-8400.0,-1.0,AI purchase settlement
2026-07-02T19:37:22+09:00,settle,2026-07-02,,,,,,,,,4.0,0.0,1400.0,0.0,-1400.0,-1.0,manual catch-up prediction after daily action failure
2026-07-03T19:11:40+09:00,settle,2026-07-03,,,,,,,,,3.0,0.0,1300.0,0.0,-1300.0,-1.0,AI purchase settlement
2026-07-05T09:55:52+09:00,settle,2026-07-04,,,,,,,,,20.0,1.0,7500.0,1500.0,-6000.0,-0.8,AI purchase settlement
2026-07-05T23:26:19+09:00,settle,2026-07-05,,,,,,,,,15.0,0.0,5700.0,0.0,-5700.0,-1.0,AI purchase settlement
2026-07-06T09:34:32+09:00,train,2026-07-05,69949.0,9969.0,0.7746898620445577,0.1046152283567644,1.5372478112579708,1501.0,632.0,0.4210526315789473,,,,,,,WINTICKET history training metrics
2026-07-06T10:01:33+09:00,multi_bet_backtest,2026-07-05,,9969.0,,,,,,,55475.0,1059.0,9045300.0,9317670.0,272370.0,0.0301117707538721,"best broad bet type: 3連単, profit_yen=822220"
2026-07-07T18:23:07+09:00,settle,2026-07-06,,,,,,,,,3.0,0.0,900.0,0.0,-900.0,-1.0,AI purchase settlement
2026-07-07T18:26:11+09:00,settle,2026-07-07,,,,,,,,,8.0,0.0,2300.0,0.0,-2300.0,-1.0,AI purchase settlement
2026-07-07T21:34:17+09:00,train,2026-07-07,69902.0,9971.0,0.8045423173791675,0.0995755914327039,1.4735853848786706,1514.0,673.0,0.4445178335535006,,,,,,,WINTICKET history training metrics
2026-07-07T21:34:17+09:00,multi_bet_backtest,2026-07-07,,9971.0,,,,,,,48449.0,1184.0,7267600.0,9297730.0,2030130.0,0.2793398095657438,"best broad bet type: 3連単, profit_yen=790530"
2026-07-07T21:46:12+09:00,train,2026-07-07,69902.0,9971.0,0.8025044687757527,0.0996944823848822,1.4747249504689937,1514.0,687.0,0.4537648612945839,,,,,,,WINTICKET history training metrics
2026-07-07T21:46:12+09:00,walk_forward,2026-07-07,,9537.0,0.8004478188562562,,1.483145216089257,9537.0,4168.0,0.4370347069309007,,,,,,,hide-result then predict then reveal walk-forward test
2026-07-07T21:46:13+09:00,multi_bet_backtest,2026-07-07,,9971.0,,,,,,,50340.0,1109.0,7726400.0,8732050.0,1005650.0,0.1301576413336094,"best broad bet type: 3連単, profit_yen=525800"
2026-07-07T21:52:17+09:00,train,2026-07-07,73611.0,10500.0,0.7975675732901484,0.1011865260449513,1.4920220750151043,1972.0,854.0,0.4330628803245436,,,,,,,WINTICKET history training metrics
2026-07-07T21:52:17+09:00,walk_forward,2026-07-07,,10066.0,0.7999694869955164,,1.4832595383766338,10066.0,4420.0,0.4391019272799523,,,,,,,hide-result then predict then reveal walk-forward test
2026-07-07T21:52:18+09:00,multi_bet_backtest,2026-07-07,,10500.0,,,,,,,52159.0,1150.0,8091000.0,8626390.0,535390.0,0.0661710542578173,"best broad bet type: 3連複, profit_yen=460670"
2026-07-07T23:10:55+09:00,train,2026-07-07,236329.0,33882.0,0.8022862234653718,0.0998637109312642,1.4820308535506763,7005.0,3036.0,0.4334047109207709,,,,,,,WINTICKET history training metrics
2026-07-07T23:10:55+09:00,walk_forward,2026-07-07,,33519.0,0.8095491359997389,,1.4474571240078855,33519.0,15046.0,0.4488797398490408,,,,,,,hide-result then predict then reveal walk-forward test
2026-07-07T23:10:56+09:00,multi_bet_backtest,2026-07-07,,33882.0,,,,,,,165849.0,4061.0,24817500.0,30628090.0,5810590.0,0.2341327692152714,"best broad bet type: 3連複, profit_yen=2447650"
2026-07-08T18:24:11+09:00,settle,2026-07-08,,,,,,,,,4.0,0.0,1600.0,0.0,-1600.0,-1.0,AI purchase settlement
2026-07-09T19:30:54+09:00,settle,2026-07-09,,,,,,,,,2.0,0.0,600.0,0.0,-600.0,-1.0,AI purchase settlement
2026-07-09T19:33:44+09:00,settle,2026-07-08,,,,,,,,,14.0,1.0,5400.0,1620.0,-3780.0,-0.7,AI purchase settlement final recheck
2026-07-10T18:47:14+09:00,settle,2026-07-10,,,,,,,,,3.0,0.0,1000.0,0.0,-1000.0,-1.0,AI purchase settlement
2026-07-19T02:44:56+09:00,settle,2026-07-18,,,,,,,,,0.0,0.0,0.0,0.0,0.0,,AI purchase settlement
2026-08-10T06:09:13+09:00,train,2026-08-09,6070.0,862.0,0.8299888085399449,0.0985019612505827,1.3647342295670624,0.0,0.0,,,,,,,,WINTICKET history training metrics
2026-08-10T06:09:25+09:00,multi_bet_backtest,2026-08-09,,862.0,,,,,,,2319.0,100.0,455900.0,254490.0,-201410.0,-0.4417854792717701,"best broad bet type: 枠複, profit_yen=0"
2026-08-17T05:56:53+09:00,train,2026-08-16,7022.0,994.0,0.7883045061262883,0.1086056783102997,1.622265228080244,0.0,0.0,,,,,,,,WINTICKET history training metrics
2026-08-17T05:57:08+09:00,multi_bet_backtest,2026-08-16,,994.0,,,,,,,2666.0,70.0,467200.0,132660.0,-334540.0,-0.7160530821917809,"best broad bet type: 枠複, profit_yen=0"
2026-08-17T23:52:23+09:00,settle,2026-08-17,,,,,,,,,0.0,0.0,0.0,0.0,0.0,,AI purchase settlement
2026-09-01T18:31:40+09:00,settle,2026-09-01,,,,,,,,,0.0,0.0,0.0,0.0,0.0,,AI purchase settlement
2026-09-01T18:40:34+09:00,train,2026-09-01,4316.0,617.0,0.7870610296624616,0.1069135376954734,1.5339631089201424,0.0,0.0,,,,,,,,WINTICKET history training metrics
2026-09-01T18:40:41+09:00,multi_bet_backtest,2026-09-01,,617.0,,,,,,,1077.0,23.0,215200.0,96440.0,-118760.0,-0.5518587360594795,"best broad bet type: 枠複, profit_yen=0"
2026-09-02T02:55:17+09:00,settle,2026-09-01,,,,,,,,,0.0,0.0,0.0,0.0,0.0,,AI purchase settlement
2026-09-03T02:58:59+09:00,settle,2026-09-02,,,,,,,,,0.0,0.0,0.0,0.0,0.0,,AI purchase settlement
2026-09-04T02:57:08+09:00,settle,2026-09-03,,,,,,,,,0.0,0.0,0.0,0.0,0.0,,AI purchase settlement
2026-09-05T02:42:47+09:00,settle,2026-09-04,,,,,,,,,0.0,0.0,0.0,0.0,0.0,,AI purchase settlement
2026-09-06T01:54:32+09:00,settle,2026-09-05,,,,,,,,,0.0,0.0,0.0,0.0,0.0,,AI purchase settlement
2026-09-07T02:12:50+09:00,settle,2026-09-06,,,,,,,,,0.0,0.0,0.0,0.0,0.0,,AI purchase settlement
2026-09-07T08:01:35+09:00,train,2026-09-06,35497.0,4999.0,0.800880087099586,0.1012112479365287,1.5307687980753937,0.0,0.0,,,,,,,,WINTICKET history training metrics
2026-09-07T08:04:40+09:00,multi_bet_backtest,2026-09-06,,4999.0,,,,,,,22096.0,483.0,3169300.0,2078320.0,-1090980.0,-0.3442337424667908,"best broad bet type: 枠複, profit_yen=0"
2026-09-08T03:48:35+09:00,settle,2026-09-07,,,,,,,,,0.0,0.0,0.0,0.0,0.0,,AI purchase settlement
2026-09-09T02:59:50+09:00,settle,2026-09-08,,,,,,,,,0.0,0.0,0.0,0.0,0.0,,AI purchase settlement
2026-09-10T02:54:42+09:00,settle,2026-09-09,,,,,,,,,0.0,0.0,0.0,0.0,0.0,,AI purchase settlement
2026-09-11T02:47:31+09:00,settle,2026-09-10,,,,,,,,,0.0,0.0,0.0,0.0,0.0,,AI purchase settlement
2026-09-12T02:49:14+09:00,settle,2026-09-11,,,,,,,,,0.0,0.0,0.0,0.0,0.0,,AI purchase settlement
2026-09-13T02:19:58+09:00,settle,2026-09-12,,,,,,,,,0.0,0.0,0.0,0.0,0.0,,AI purchase settlement
2026-09-14T02:30:49+09:00,settle,2026-09-13,,,,,,,,,0.0,0.0,0.0,0.0,0.0,,AI purchase settlement
2026-09-14T08:21:21+09:00,train,2026-09-13,35454.0,5000.0,0.8135992194612397,0.0999342419114985,1.4595194752342653,0.0,0.0,,,,,,,,WINTICKET history training metrics
2026-09-14T08:24:07+09:00,multi_bet_backtest,2026-09-13,,5000.0,,,,,,,22174.0,501.0,3192100.0,2167410.0,-1024690.0,-0.3210081137808966,"best broad bet type: 枠複, profit_yen=0"
2026-09-15T04:31:42+09:00,settle,2026-09-14,,,,,,,,,0.0,0.0,0.0,0.0,0.0,,AI purchase settlement
2026-09-16T03:20:43+09:00,settle,2026-09-15,,,,,,,,,0.0,0.0,0.0,0.0,0.0,,AI purchase settlement
2026-09-17T03:17:44+09:00,settle,2026-09-16,,,,,,,,,0.0,0.0,0.0,0.0,0.0,,AI purchase settlement
2026-09-18T03:24:18+09:00,settle,2026-09-17,,,,,,,,,0.0,0.0,0.0,0.0,0.0,,AI purchase settlement
2026-09-19T02:45:53+09:00,settle,2026-09-18,,,,,,,,,0.0,0.0,0.0,0.0,0.0,,AI purchase settlement
2026-09-20T02:21:49+09:00,settle,2026-09-19,,,,,,,,,0.0,0.0,0.0,0.0,0.0,,AI purchase settlement
2026-09-21T02:34:13+09:00,settle,2026-09-20,,,,,,,,,0.0,0.0,0.0,0.0,0.0,,AI purchase settlement
2026-09-21T08:25:03+09:00,train,2026-09-20,35495.0,4998.0,0.8083735643371617,0.0994334631323314,1.506543489388377,0.0,0.0,,,,,,,,WINTICKET history training metrics
2026-09-21T08:27:08+09:00,multi_bet_backtest,2026-09-20,,4998.0,,,,,,,22107.0,494.0,3198400.0,1945360.0,-1253040.0,-0.3917708854427214,"best broad bet type: 枠複, profit_yen=0"
2026-09-22T04:38:50+09:00,settle,2026-09-21,,,,,,,,,0.0,0.0,0.0,0.0,0.0,,AI purchase settlement
2026-09-23T03:11:43+09:00,settle,2026-09-22,,,,,,,,,0.0,0.0,0.0,0.0,0.0,,AI purchase settlement
2026-09-26T09:15:52+09:00,settle,2026-09-26,,,,,,,,,0.0,0.0,0.0,0.0,0.0,,AI purchase settlement
2026-09-26T09:39:35+09:00,settle,2026-09-26,,,,,,,,,0.0,0.0,0.0,0.0,0.0,,AI purchase settlement
2026-09-26T09:58:04+09:00,settle,2026-09-26,,,,,,,,,1.0,0.0,10000.0,0.0,-10000.0,-1.0,AI purchase settlement
2026-09-26T10:13:02+09:00,settle,2026-09-26,,,,,,,,,1.0,0.0,10000.0,0.0,-10000.0,-1.0,AI purchase settlement
2026-09-26T10:28:13+09:00,settle,2026-09-26,,,,,,,,,1.0,0.0,10000.0,0.0,-10000.0,-1.0,AI purchase settlement
2026-09-26T10:42:19+09:00,settle,2026-09-26,,,,,,,,,1.0,0.0,10000.0,0.0,-10000.0,-1.0,AI purchase settlement
2026-09-26T10:55:09+09:00,settle,2026-09-26,,,,,,,,,1.0,0.0,10000.0,0.0,-10000.0,-1.0,AI purchase settlement
2026-09-26T11:13:04+09:00,settle,2026-09-26,,,,,,,,,1.0,0.0,10000.0,0.0,-10000.0,-1.0,AI purchase settlement
2026-09-26T11:29:02+09:00,settle,2026-09-26,,,,,,,,,1.0,0.0,10000.0,0.0,-10000.0,-1.0,AI purchase settlement
2026-09-26T11:43:57+09:00,settle,2026-09-26,,,,,,,,,1.0,0.0,10000.0,0.0,-10000.0,-1.0,AI purchase settlement
2026-09-26T11:56:02+09:00,settle,2026-09-26,,,,,,,,,1.0,0.0,10000.0,0.0,-10000.0,-1.0,AI purchase settlement
2026-09-26T12:12:03+09:00,settle,2026-09-26,,,,,,,,,1.0,0.0,10000.0,0.0,-10000.0,-1.0,AI purchase settlement
2026-09-26T12:29:16+09:00,settle,2026-09-26,,,,,,,,,1.0,0.0,10000.0,0.0,-10000.0,-1.0,AI purchase settlement
2026-09-26T12:44:14+09:00,settle,2026-09-26,,,,,,,,,1.0,0.0,10000.0,0.0,-10000.0,-1.0,AI purchase settlement
2026-09-26T12:56:31+09:00,settle,2026-09-26,,,,,,,,,1.0,0.0,10000.0,0.0,-10000.0,-1.0,AI purchase settlement
2026-09-26T13:12:53+09:00,settle,2026-09-26,,,,,,,,,1.0,0.0,10000.0,0.0,-10000.0,-1.0,AI purchase settlement
2026-09-26T13:30:03+09:00,settle,2026-09-26,,,,,,,,,1.0,0.0,10000.0,0.0,-10000.0,-1.0,AI purchase settlement
2026-09-26T13:45:55+09:00,settle,2026-09-26,,,,,,,,,1.0,0.0,10000.0,0.0,-10000.0,-1.0,AI purchase settlement
2026-09-26T13:57:05+09:00,settle,2026-09-26,,,,,,,,,1.0,0.0,10000.0,0.0,-10000.0,-1.0,AI purchase settlement
2026-09-26T14:12:38+09:00,settle,2026-09-26,,,,,,,,,1.0,0.0,10000.0,0.0,-10000.0,-1.0,AI purchase settlement
2026-09-26T14:27:17+09:00,settle,2026-09-26,,,,,,,,,1.0,0.0,10000.0,0.0,-10000.0,-1.0,AI purchase settlement
2026-09-26T14:43:17+09:00,settle,2026-09-26,,,,,,,,,1.0,0.0,10000.0,0.0,-10000.0,-1.0,AI purchase settlement
2026-09-26T14:54:03+09:00,settle,2026-09-26,,,,,,,,,1.0,0.0,10000.0,0.0,-10000.0,-1.0,AI purchase settlement
2026-09-26T15:16:16+09:00,settle,2026-09-26,,,,,,,,,1.0,0.0,10000.0,0.0,-10000.0,-1.0,AI purchase settlement
2026-09-26T15:36:55+09:00,settle,2026-09-26,,,,,,,,,1.0,0.0,10000.0,0.0,-10000.0,-1.0,AI purchase settlement
2026-09-26T15:57:32+09:00,settle,2026-09-26,,,,,,,,,1.0,0.0,10000.0,0.0,-10000.0,-1.0,AI purchase settlement
2026-09-26T16:12:48+09:00,settle,2026-09-26,,,,,,,,,1.0,0.0,10000.0,0.0,-10000.0,-1.0,AI purchase settlement
2026-09-26T16:28:11+09:00,settle,2026-09-26,,,,,,,,,1.0,0.0,10000.0,0.0,-10000.0,-1.0,AI purchase settlement
2026-09-26T16:42:52+09:00,settle,2026-09-26,,,,,,,,,1.0,0.0,10000.0,0.0,-10000.0,-1.0,AI purchase settlement
2026-09-26T16:54:02+09:00,settle,2026-09-26,,,,,,,,,2.0,0.0,20000.0,0.0,-20000.0,-1.0,AI purchase settlement
2026-09-26T17:13:49+09:00,settle,2026-09-26,,,,,,,,,2.0,0.0,20000.0,0.0,-20000.0,-1.0,AI purchase settlement
2026-09-26T17:31:02+09:00,settle,2026-09-26,,,,,,,,,2.0,0.0,20000.0,0.0,-20000.0,-1.0,AI purchase settlement
2026-09-26T17:47:15+09:00,settle,2026-09-26,,,,,,,,,2.0,0.0,20000.0,0.0,-20000.0,-1.0,AI purchase settlement
2026-09-26T17:57:32+09:00,settle,2026-09-26,,,,,,,,,2.0,0.0,20000.0,0.0,-20000.0,-1.0,AI purchase settlement
2026-09-26T18:13:54+09:00,settle,2026-09-26,,,,,,,,,2.0,0.0,20000.0,0.0,-20000.0,-1.0,AI purchase settlement
2026-09-26T18:28:24+09:00,settle,2026-09-26,,,,,,,,,2.0,0.0,20000.0,0.0,-20000.0,-1.0,AI purchase settlement
2026-09-26T18:42:19+09:00,settle,2026-09-26,,,,,,,,,2.0,0.0,20000.0,0.0,-20000.0,-1.0,AI purchase settlement
2026-09-26T18:53:36+09:00,settle,2026-09-26,,,,,,,,,2.0,0.0,20000.0,0.0,-20000.0,-1.0,AI purchase settlement
2026-09-26T19:12:23+09:00,settle,2026-09-26,,,,,,,,,2.0,0.0,20000.0,0.0,-20000.0,-1.0,AI purchase settlement
2026-09-26T19:27:48+09:00,settle,2026-09-26,,,,,,,,,2.0,0.0,20000.0,0.0,-20000.0,-1.0,AI purchase settlement
2026-09-26T19:42:27+09:00,settle,2026-09-26,,,,,,,,,2.0,0.0,20000.0,0.0,-20000.0,-1.0,AI purchase settlement
2026-09-26T19:53:52+09:00,settle,2026-09-26,,,,,,,,,2.0,0.0,20000.0,0.0,-20000.0,-1.0,AI purchase settlement
2026-09-26T20:11:36+09:00,settle,2026-09-26,,,,,,,,,2.0,0.0,20000.0,0.0,-20000.0,-1.0,AI purchase settlement
2026-09-26T20:40:49+09:00,settle,2026-09-26,,,,,,,,,2.0,0.0,20000.0,0.0,-20000.0,-1.0,AI purchase settlement
2026-09-26T20:52:57+09:00,settle,2026-09-26,,,,,,,,,2.0,0.0,20000.0,0.0,-20000.0,-1.0,AI purchase settlement
2026-09-26T21:14:23+09:00,settle,2026-09-26,,,,,,,,,2.0,0.0,20000.0,0.0,-20000.0,-1.0,AI purchase settlement
2026-09-26T21:35:06+09:00,settle,2026-09-26,,,,,,,,,2.0,0.0,20000.0,0.0,-20000.0,-1.0,AI purchase settlement
2026-09-26T21:56:10+09:00,settle,2026-09-26,,,,,,,,,2.0,0.0,20000.0,0.0,-20000.0,-1.0,AI purchase settlement
2026-09-26T22:11:14+09:00,settle,2026-09-26,,,,,,,,,2.0,0.0,20000.0,0.0,-20000.0,-1.0,AI purchase settlement
2026-09-26T22:26:31+09:00,settle,2026-09-26,,,,,,,,,2.0,0.0,20000.0,0.0,-20000.0,-1.0,AI purchase settlement
2026-09-26T22:40:20+09:00,settle,2026-09-26,,,,,,,,,5.0,0.0,30000.0,0.0,-30000.0,-1.0,AI purchase settlement
2026-09-26T22:52:30+09:00,settle,2026-09-26,,,,,,,,,5.0,0.0,30000.0,0.0,-30000.0,-1.0,AI purchase settlement
2026-09-26T23:11:56+09:00,settle,2026-09-26,,,,,,,,,5.0,0.0,30000.0,0.0,-30000.0,-1.0,AI purchase settlement
2026-09-26T23:28:18+09:00,settle,2026-09-26,,,,,,,,,5.0,0.0,30000.0,0.0,-30000.0,-1.0,AI purchase settlement
2026-09-26T23:42:36+09:00,settle,2026-09-26,,,,,,,,,5.0,0.0,30000.0,0.0,-30000.0,-1.0,AI purchase settlement
2026-09-26T23:54:02+09:00,settle,2026-09-26,,,,,,,,,5.0,0.0,30000.0,0.0,-30000.0,-1.0,AI purchase settlement
2026-09-27T09:18:12+09:00,settle,2026-09-27,,,,,,,,,3.0,0.0,10000.0,0.0,-10000.0,-1.0,AI purchase settlement
2026-09-27T09:48:09+09:00,settle,2026-09-27,,,,,,,,,3.0,0.0,10000.0,0.0,-10000.0,-1.0,AI purchase settlement
2026-09-27T10:12:28+09:00,settle,2026-09-27,,,,,,,,,3.0,0.0,10000.0,0.0,-10000.0,-1.0,AI purchase settlement
2026-09-27T10:28:41+09:00,settle,2026-09-27,,,,,,,,,3.0,0.0,10000.0,0.0,-10000.0,-1.0,AI purchase settlement
2026-09-27T10:43:46+09:00,settle,2026-09-27,,,,,,,,,3.0,0.0,10000.0,0.0,-10000.0,-1.0,AI purchase settlement
2026-09-27T10:55:11+09:00,settle,2026-09-27,,,,,,,,,3.0,0.0,10000.0,0.0,-10000.0,-1.0,AI purchase settlement
2026-09-27T11:13:01+09:00,settle,2026-09-27,,,,,,,,,3.0,0.0,10000.0,0.0,-10000.0,-1.0,AI purchase settlement
2026-09-27T11:30:15+09:00,settle,2026-09-27,,,,,,,,,3.0,0.0,10000.0,0.0,-10000.0,-1.0,AI purchase settlement
2026-09-27T11:46:08+09:00,settle,2026-09-27,,,,,,,,,3.0,0.0,10000.0,0.0,-10000.0,-1.0,AI purchase settlement
2026-09-27T11:58:38+09:00,settle,2026-09-27,,,,,,,,,3.0,0.0,10000.0,0.0,-10000.0,-1.0,AI purchase settlement
2026-09-27T12:16:18+09:00,settle,2026-09-27,,,,,,,,,3.0,0.0,10000.0,0.0,-10000.0,-1.0,AI purchase settlement
2026-09-27T12:33:22+09:00,settle,2026-09-27,,,,,,,,,3.0,0.0,10000.0,0.0,-10000.0,-1.0,AI purchase settlement
2026-09-27T12:56:01+09:00,settle,2026-09-27,,,,,,,,,3.0,0.0,10000.0,0.0,-10000.0,-1.0,AI purchase settlement
2026-09-27T13:12:23+09:00,settle,2026-09-27,,,,,,,,,3.0,0.0,10000.0,0.0,-10000.0,-1.0,AI purchase settlement
2026-09-27T13:30:20+09:00,settle,2026-09-27,,,,,,,,,3.0,0.0,10000.0,0.0,-10000.0,-1.0,AI purchase settlement
2026-09-27T13:45:52+09:00,settle,2026-09-27,,,,,,,,,3.0,0.0,10000.0,0.0,-10000.0,-1.0,AI purchase settlement
2026-09-27T13:58:06+09:00,settle,2026-09-27,,,,,,,,,3.0,0.0,10000.0,0.0,-10000.0,-1.0,AI purchase settlement
2026-09-27T14:14:53+09:00,settle,2026-09-27,,,,,,,,,3.0,0.0,10000.0,0.0,-10000.0,-1.0,AI purchase settlement
2026-09-27T14:29:15+09:00,settle,2026-09-27,,,,,,,,,3.0,0.0,10000.0,0.0,-10000.0,-1.0,AI purchase settlement
2026-09-27T14:45:22+09:00,settle,2026-09-27,,,,,,,,,3.0,0.0,10000.0,0.0,-10000.0,-1.0,AI purchase settlement
2026-09-27T14:56:16+09:00,settle,2026-09-27,,,,,,,,,3.0,0.0,10000.0,0.0,-10000.0,-1.0,AI purchase settlement
2026-09-27T15:15:46+09:00,settle,2026-09-27,,,,,,,,,3.0,0.0,10000.0,0.0,-10000.0,-1.0,AI purchase settlement
2026-09-27T15:38:29+09:00,settle,2026-09-27,,,,,,,,,3.0,0.0,10000.0,0.0,-10000.0,-1.0,AI purchase settlement
2026-09-27T15:57:58+09:00,settle,2026-09-27,,,,,,,,,3.0,0.0,10000.0,0.0,-10000.0,-1.0,AI purchase settlement
2026-09-27T16:14:58+09:00,settle,2026-09-27,,,,,,,,,3.0,0.0,10000.0,0.0,-10000.0,-1.0,AI purchase settlement
2026-09-27T16:30:58+09:00,settle,2026-09-27,,,,,,,,,3.0,0.0,10000.0,0.0,-10000.0,-1.0,AI purchase settlement
2026-09-27T16:46:31+09:00,settle,2026-09-27,,,,,,,,,3.0,0.0,10000.0,0.0,-10000.0,-1.0,AI purchase settlement
2026-09-27T16:57:10+09:00,settle,2026-09-27,,,,,,,,,3.0,0.0,10000.0,0.0,-10000.0,-1.0,AI purchase settlement
2026-09-27T17:12:33+09:00,settle,2026-09-27,,,,,,,,,3.0,0.0,10000.0,0.0,-10000.0,-1.0,AI purchase settlement
2026-09-27T17:30:10+09:00,settle,2026-09-27,,,,,,,,,3.0,0.0,10000.0,0.0,-10000.0,-1.0,AI purchase settlement
2026-09-27T17:45:29+09:00,settle,2026-09-27,,,,,,,,,3.0,0.0,10000.0,0.0,-10000.0,-1.0,AI purchase settlement
2026-09-27T17:58:06+09:00,settle,2026-09-27,,,,,,,,,3.0,0.0,10000.0,0.0,-10000.0,-1.0,AI purchase settlement
2026-09-27T18:14:51+09:00,settle,2026-09-27,,,,,,,,,3.0,0.0,10000.0,0.0,-10000.0,-1.0,AI purchase settlement
2026-09-27T18:29:57+09:00,settle,2026-09-27,,,,,,,,,4.0,0.0,20000.0,0.0,-20000.0,-1.0,AI purchase settlement
2026-09-27T18:45:10+09:00,settle,2026-09-27,,,,,,,,,4.0,0.0,20000.0,0.0,-20000.0,-1.0,AI purchase settlement
2026-09-27T18:57:08+09:00,settle,2026-09-27,,,,,,,,,4.0,0.0,20000.0,0.0,-20000.0,-1.0,AI purchase settlement
2026-09-27T19:12:29+09:00,settle,2026-09-27,,,,,,,,,4.0,0.0,20000.0,0.0,-20000.0,-1.0,AI purchase settlement
2026-09-27T19:28:22+09:00,settle,2026-09-27,,,,,,,,,4.0,0.0,20000.0,0.0,-20000.0,-1.0,AI purchase settlement
2026-09-27T19:43:07+09:00,settle,2026-09-27,,,,,,,,,4.0,0.0,20000.0,0.0,-20000.0,-1.0,AI purchase settlement
2026-09-27T19:54:16+09:00,settle,2026-09-27,,,,,,,,,4.0,0.0,20000.0,0.0,-20000.0,-1.0,AI purchase settlement
2026-09-27T20:12:07+09:00,settle,2026-09-27,,,,,,,,,4.0,0.0,20000.0,0.0,-20000.0,-1.0,AI purchase settlement
2026-09-27T20:27:55+09:00,settle,2026-09-27,,,,,,,,,4.0,0.0,20000.0,0.0,-20000.0,-1.0,AI purchase settlement
2026-09-27T20:42:57+09:00,settle,2026-09-27,,,,,,,,,4.0,0.0,20000.0,0.0,-20000.0,-1.0,AI purchase settlement
2026-09-27T20:54:20+09:00,settle,2026-09-27,,,,,,,,,5.0,0.0,30000.0,0.0,-30000.0,-1.0,AI purchase settlement
2026-09-27T21:15:19+09:00,settle,2026-09-27,,,,,,,,,5.0,0.0,30000.0,0.0,-30000.0,-1.0,AI purchase settlement
2026-09-27T21:36:30+09:00,settle,2026-09-27,,,,,,,,,5.0,0.0,30000.0,0.0,-30000.0,-1.0,AI purchase settlement
2026-09-27T21:56:46+09:00,settle,2026-09-27,,,,,,,,,5.0,0.0,30000.0,0.0,-30000.0,-1.0,AI purchase settlement
2026-09-27T22:12:38+09:00,settle,2026-09-27,,,,,,,,,5.0,0.0,30000.0,0.0,-30000.0,-1.0,AI purchase settlement
2026-09-27T22:27:29+09:00,settle,2026-09-27,,,,,,,,,5.0,0.0,30000.0,0.0,-30000.0,-1.0,AI purchase settlement
2026-09-27T22:42:30+09:00,settle,2026-09-27,,,,,,,,,5.0,0.0,30000.0,0.0,-30000.0,-1.0,AI purchase settlement
2026-09-27T22:53:32+09:00,settle,2026-09-27,,,,,,,,,5.0,0.0,30000.0,0.0,-30000.0,-1.0,AI purchase settlement
2026-09-27T23:12:12+09:00,settle,2026-09-27,,,,,,,,,6.0,0.0,40000.0,0.0,-40000.0,-1.0,AI purchase settlement
2026-09-27T23:27:33+09:00,settle,2026-09-27,,,,,,,,,7.0,0.0,50000.0,0.0,-50000.0,-1.0,AI purchase settlement
2026-09-27T23:42:55+09:00,settle,2026-09-27,,,,,,,,,9.0,0.0,60000.0,0.0,-60000.0,-1.0,AI purchase settlement
2026-09-27T23:53:56+09:00,settle,2026-09-27,,,,,,,,,9.0,0.0,60000.0,0.0,-60000.0,-1.0,AI purchase settlement
2026-09-28T06:26:13+09:00,train,2026-09-27,35518.0,5000.0,0.8201971880874085,0.097059063273064,1.4415463870997267,0.0,0.0,,,,,,,,WINTICKET history training metrics
2026-09-28T06:28:20+09:00,multi_bet_backtest,2026-09-27,,5000.0,,,,,,,22071.0,512.0,3193800.0,2329240.0,-864560.0,-0.2706994802429707,"best broad bet type: 枠複, profit_yen=0"
2026-09-28T09:20:46+09:00,settle,2026-09-27,,,,,,,,,0.0,0.0,0.0,0.0,0.0,,AI purchase settlement
2026-09-28T09:49:36+09:00,settle,2026-09-27,,,,,,,,,0.0,0.0,0.0,0.0,0.0,,AI purchase settlement
2026-09-28T10:13:54+09:00,settle,2026-09-27,,,,,,,,,0.0,0.0,0.0,0.0,0.0,,AI purchase settlement
2026-09-28T10:31:13+09:00,settle,2026-09-27,,,,,,,,,0.0,0.0,0.0,0.0,0.0,,AI purchase settlement
2026-09-28T10:47:41+09:00,settle,2026-09-28,,,,,,,,,0.0,0.0,0.0,0.0,0.0,,AI purchase settlement
2026-09-28T10:58:19+09:00,settle,2026-09-28,,,,,,,,,0.0,0.0,0.0,0.0,0.0,,AI purchase settlement
2026-09-28T11:15:41+09:00,settle,2026-09-28,,,,,,,,,0.0,0.0,0.0,0.0,0.0,,AI purchase settlement
2026-09-28T11:33:51+09:00,settle,2026-09-28,,,,,,,,,1.0,0.0,10000.0,0.0,-10000.0,-1.0,AI purchase settlement
2026-09-28T11:57:39+09:00,settle,2026-09-28,,,,,,,,,1.0,0.0,10000.0,0.0,-10000.0,-1.0,AI purchase settlement
2026-09-28T12:14:15+09:00,settle,2026-09-28,,,,,,,,,2.0,0.0,20000.0,0.0,-20000.0,-1.0,AI purchase settlement
2026-09-28T12:34:32+09:00,settle,2026-09-28,,,,,,,,,2.0,0.0,20000.0,0.0,-20000.0,-1.0,AI purchase settlement
2026-09-28T12:58:20+09:00,settle,2026-09-28,,,,,,,,,2.0,0.0,20000.0,0.0,-20000.0,-1.0,AI purchase settlement
2026-09-28T13:14:56+09:00,settle,2026-09-28,,,,,,,,,2.0,0.0,20000.0,0.0,-20000.0,-1.0,AI purchase settlement
2026-09-28T13:34:18+09:00,settle,2026-09-28,,,,,,,,,2.0,0.0,20000.0,0.0,-20000.0,-1.0,AI purchase settlement
2026-09-28T13:58:16+09:00,settle,2026-09-28,,,,,,,,,3.0,0.0,30000.0,0.0,-30000.0,-1.0,AI purchase settlement
2026-09-28T14:15:15+09:00,settle,2026-09-28,,,,,,,,,6.0,0.0,40000.0,0.0,-40000.0,-1.0,AI purchase settlement
2026-09-28T14:33:58+09:00,settle,2026-09-28,,,,,,,,,6.0,0.0,40000.0,0.0,-40000.0,-1.0,AI purchase settlement
2026-09-28T14:56:48+09:00,settle,2026-09-28,,,,,,,,,7.0,0.0,50000.0,0.0,-50000.0,-1.0,AI purchase settlement
2026-09-28T15:18:23+09:00,settle,2026-09-28,,,,,,,,,8.0,0.0,60000.0,0.0,-60000.0,-1.0,AI purchase settlement
2026-09-28T15:51:12+09:00,settle,2026-09-28,,,,,,,,,9.0,0.0,70000.0,0.0,-70000.0,-1.0,AI purchase settlement
2026-09-28T16:15:41+09:00,settle,2026-09-28,,,,,,,,,9.0,0.0,70000.0,0.0,-70000.0,-1.0,AI purchase settlement
2026-09-28T16:35:40+09:00,settle,2026-09-28,,,,,,,,,9.0,0.0,70000.0,0.0,-70000.0,-1.0,AI purchase settlement
2026-09-28T16:58:31+09:00,settle,2026-09-28,,,,,,,,,9.0,0.0,70000.0,0.0,-70000.0,-1.0,AI purchase settlement
2026-09-28T17:18:09+09:00,settle,2026-09-28,,,,,,,,,10.0,0.0,80000.0,0.0,-80000.0,-1.0,AI purchase settlement
2026-09-28T17:46:06+09:00,settle,2026-09-28,,,,,,,,,10.0,0.0,80000.0,0.0,-80000.0,-1.0,AI purchase settlement
2026-09-28T17:59:54+09:00,settle,2026-09-28,,,,,,,,,10.0,0.0,80000.0,0.0,-80000.0,-1.0,AI purchase settlement
2026-09-28T18:22:57+09:00,settle,2026-09-28,,,,,,,,,10.0,0.0,80000.0,0.0,-80000.0,-1.0,AI purchase settlement
2026-09-28T18:45:24+09:00,settle,2026-09-28,,,,,,,,,10.0,0.0,80000.0,0.0,-80000.0,-1.0,AI purchase settlement
2026-09-28T18:59:52+09:00,settle,2026-09-28,,,,,,,,,10.0,0.0,80000.0,0.0,-80000.0,-1.0,AI purchase settlement
2026-09-28T19:22:38+09:00,settle,2026-09-28,,,,,,,,,10.0,0.0,80000.0,0.0,-80000.0,-1.0,AI purchase settlement
2026-09-28T19:44:17+09:00,settle,2026-09-28,,,,,,,,,10.0,0.0,80000.0,0.0,-80000.0,-1.0,AI purchase settlement
2026-09-28T19:58:14+09:00,settle,2026-09-28,,,,,,,,,10.0,0.0,80000.0,0.0,-80000.0,-1.0,AI purchase settlement
2026-09-28T20:15:38+09:00,settle,2026-09-28,,,,,,,,,10.0,0.0,80000.0,0.0,-80000.0,-1.0,AI purchase settlement
2026-09-28T20:35:41+09:00,settle,2026-09-28,,,,,,,,,10.0,0.0,80000.0,0.0,-80000.0,-1.0,AI purchase settlement
2026-09-28T20:57:08+09:00,settle,2026-09-28,,,,,,,,,10.0,0.0,80000.0,0.0,-80000.0,-1.0,AI purchase settlement
2026-09-28T21:18:27+09:00,settle,2026-09-28,,,,,,,,,10.0,0.0,80000.0,0.0,-80000.0,-1.0,AI purchase settlement
2026-09-28T21:50:20+09:00,settle,2026-09-28,,,,,,,,,10.0,0.0,80000.0,0.0,-80000.0,-1.0,AI purchase settlement
2026-09-28T22:14:34+09:00,settle,2026-09-28,,,,,,,,,10.0,0.0,80000.0,0.0,-80000.0,-1.0,AI purchase settlement
2026-09-28T22:34:24+09:00,settle,2026-09-28,,,,,,,,,10.0,0.0,80000.0,0.0,-80000.0,-1.0,AI purchase settlement
2026-09-28T22:58:29+09:00,settle,2026-09-28,,,,,,,,,10.0,0.0,80000.0,0.0,-80000.0,-1.0,AI purchase settlement
2026-09-28T23:19:28+09:00,settle,2026-09-28,,,,,,,,,11.0,0.0,90000.0,0.0,-90000.0,-1.0,AI purchase settlement
2026-09-28T23:46:34+09:00,settle,2026-09-28,,,,,,,,,11.0,0.0,90000.0,0.0,-90000.0,-1.0,AI purchase settlement
2026-09-28T23:51:20+09:00,settle,2026-09-28,,,,,,,,,11.0,0.0,90000.0,0.0,-90000.0,-1.0,AI purchase settlement
2026-09-29T00:03:46+09:00,settle,2026-09-28,,,,,,,,,0.0,0.0,0.0,0.0,0.0,,AI purchase settlement
2026-09-29T09:19:24+09:00,settle,2026-09-29,,,,,,,,,34.0,0.0,20000.0,0.0,-20000.0,-1.0,AI purchase settlement
2026-09-29T09:49:37+09:00,settle,2026-09-29,,,,,,,,,62.0,0.0,40000.0,0.0,-40000.0,-1.0,AI purchase settlement
2026-09-29T10:14:46+09:00,settle,2026-09-29,,,,,,,,,78.0,0.0,50000.0,0.0,-50000.0,-1.0,AI purchase settlement
2026-09-29T10:30:17+09:00,settle,2026-09-29,,,,,,,,,91.0,0.0,60000.0,0.0,-60000.0,-1.0,AI purchase settlement
2026-09-29T10:46:59+09:00,settle,2026-09-29,,,,,,,,,91.0,0.0,60000.0,0.0,-60000.0,-1.0,AI purchase settlement
2026-09-29T10:59:59+09:00,settle,2026-09-29,,,,,,,,,132.0,1.0,80000.0,12740.0,-67260.0,-0.84075,AI purchase settlement
2026-09-29T11:17:57+09:00,settle,2026-09-29,,,,,,,,,153.0,1.0,90100.0,12740.0,-77360.0,-0.8586015538290788,AI purchase settlement
2026-09-29T11:33:34+09:00,settle,2026-09-29,,,,,,,,,170.0,1.0,100100.0,12740.0,-87360.0,-0.8727272727272727,AI purchase settlement
2026-09-29T11:56:57+09:00,settle,2026-09-29,,,,,,,,,203.0,1.0,120100.0,12740.0,-107360.0,-0.8939217318900916,AI purchase settlement
2026-09-29T12:13:57+09:00,settle,2026-09-29,,,,,,,,,240.0,2.0,140100.0,35540.0,-104560.0,-0.7463240542469665,AI purchase settlement
2026-09-29T12:34:01+09:00,settle,2026-09-29,,,,,,,,,260.0,3.0,150100.0,112130.0,-37970.0,-0.252964690206529,AI purchase settlement
2026-09-29T12:57:57+09:00,settle,2026-09-29,,,,,,,,,280.0,4.0,170100.0,116490.0,-53610.0,-0.3151675485008818,AI purchase settlement
2026-09-29T13:15:20+09:00,settle,2026-09-29,,,,,,,,,287.0,4.0,180300.0,116490.0,-63810.0,-0.3539101497504159,AI purchase settlement
2026-09-29T13:33:52+09:00,settle,2026-09-29,,,,,,,,,316.0,4.0,200300.0,116490.0,-83810.0,-0.4184223664503245,AI purchase settlement
2026-09-29T13:57:31+09:00,settle,2026-09-29,,,,,,,,,329.0,5.0,210300.0,117250.0,-93050.0,-0.4424631478839753,AI purchase settlement
2026-09-29T14:13:28+09:00,settle,2026-09-29,,,,,,,,,344.0,5.0,220300.0,117250.0,-103050.0,-0.4677712210621879,AI purchase settlement
2026-09-29T14:32:03+09:00,settle,2026-09-29,,,,,,,,,371.0,5.0,230300.0,117250.0,-113050.0,-0.4908814589665654,AI purchase settlement
2026-09-29T14:48:58+09:00,settle,2026-09-29,,,,,,,,,411.0,5.0,250300.0,117250.0,-133050.0,-0.5315621254494607,AI purchase settlement
2026-09-29T15:16:52+09:00,settle,2026-09-29,,,,,,,,,452.0,7.0,270300.0,144360.0,-125940.0,-0.4659267480577136,AI purchase settlement
2026-09-29T15:50:37+09:00,settle,2026-09-29,,,,,,,,,501.0,7.0,290300.0,144360.0,-145940.0,-0.5027213227695487,AI purchase settlement
2026-09-29T16:01:28+09:00,settle,2026-09-29,,,,,,,,,501.0,7.0,290300.0,144360.0,-145940.0,-0.5027213227695487,AI purchase settlement
2026-09-29T16:22:51+09:00,settle,2026-09-29,,,,,,,,,527.0,7.0,300300.0,144360.0,-155940.0,-0.5192807192807193,AI purchase settlement
2026-09-29T16:45:01+09:00,settle,2026-09-29,,,,,,,,,568.0,9.0,320300.0,159290.0,-161010.0,-0.5026849828285982,AI purchase settlement
2026-09-29T16:59:31+09:00,settle,2026-09-29,,,,,,,,,609.0,9.0,340300.0,159290.0,-181010.0,-0.5319130179253599,AI purchase settlement
2026-09-29T17:22:49+09:00,settle,2026-09-29,,,,,,,,,635.0,9.0,350300.0,159290.0,-191010.0,-0.5452754781615758,AI purchase settlement
2026-09-29T17:45:58+09:00,settle,2026-09-29,,,,,,,,,682.0,11.0,371000.0,196830.0,-174170.0,-0.4694609164420485,AI purchase settlement
2026-09-29T18:01:12+09:00,settle,2026-09-29,,,,,,,,,686.0,11.0,381000.0,196830.0,-184170.0,-0.4833858267716535,AI purchase settlement
2026-09-29T18:22:19+09:00,settle,2026-09-29,,,,,,,,,713.0,12.0,391400.0,201380.0,-190020.0,-0.4854879918242207,AI purchase settlement
2026-09-29T18:45:38+09:00,settle,2026-09-29,,,,,,,,,757.0,13.0,411600.0,325540.0,-86060.0,-0.2090864917395529,AI purchase settlement
2026-09-29T19:01:05+09:00,settle,2026-09-29,,,,,,,,,775.0,13.0,421600.0,325540.0,-96060.0,-0.2278462998102466,AI purchase settlement
2026-09-29T19:21:03+09:00,settle,2026-09-29,,,,,,,,,800.0,13.0,431700.0,325540.0,-106160.0,-0.2459115126245077,AI purchase settlement
2026-09-29T19:45:28+09:00,settle,2026-09-29,,,,,,,,,838.0,15.0,451700.0,425860.0,-25840.0,-0.057206110250166,AI purchase settlement
2026-09-29T19:59:20+09:00,settle,2026-09-29,,,,,,,,,851.0,16.0,461700.0,451930.0,-9770.0,-0.0211609270088802,AI purchase settlement
2026-09-29T20:19:19+09:00,settle,2026-09-29,,,,,,,,,875.0,16.0,471800.0,451930.0,-19870.0,-0.0421153030945315,AI purchase settlement
2026-09-29T20:44:23+09:00,settle,2026-09-29,,,,,,,,,927.0,17.0,492000.0,459670.0,-32330.0,-0.0657113821138211,AI purchase settlement
2026-09-29T20:58:48+09:00,settle,2026-09-29,,,,,,,,,937.0,17.0,502000.0,459670.0,-42330.0,-0.0843227091633466,AI purchase settlement
2026-09-29T21:21:36+09:00,settle,2026-09-29,,,,,,,,,1002.0,17.0,532000.0,459670.0,-72330.0,-0.1359586466165413,AI purchase settlement
2026-09-29T21:49:49+09:00,settle,2026-09-29,,,,,,,,,1048.0,17.0,552100.0,459670.0,-92430.0,-0.1674153233109943,AI purchase settlement
2026-09-29T22:15:37+09:00,settle,2026-09-29,,,,,,,,,1092.0,18.0,582100.0,490330.0,-91770.0,-0.1576533241711046,AI purchase settlement
2026-09-29T22:37:26+09:00,settle,2026-09-29,,,,,,,,,1137.0,18.0,602100.0,490330.0,-111770.0,-0.1856336156784587,AI purchase settlement
2026-09-29T22:58:51+09:00,settle,2026-09-29,,,,,,,,,1169.0,20.0,622200.0,497080.0,-125120.0,-0.2010928961748634,AI purchase settlement
2026-09-29T23:19:21+09:00,settle,2026-09-29,,,,,,,,,1214.0,23.0,652300.0,579930.0,-72370.0,-0.1109458837957994,AI purchase settlement
2026-09-29T23:46:18+09:00,settle,2026-09-29,,,,,,,,,1267.0,23.0,672300.0,579930.0,-92370.0,-0.1373940205265506,AI purchase settlement
2026-09-30T00:03:15+09:00,settle,2026-09-29,,,,,,,,,0.0,0.0,0.0,0.0,0.0,,AI purchase settlement
2026-09-30T09:50:49+09:00,settle,2026-09-30,,,,,,,,,95.0,2.0,70400.0,30770.0,-39630.0,-0.5629261363636363,AI purchase settlement
2026-09-30T10:14:45+09:00,settle,2026-09-30,,,,,,,,,165.0,2.0,108100.0,30770.0,-77330.0,-0.7153561517113783,AI purchase settlement
2026-09-30T10:33:09+09:00,settle,2026-09-30,,,,,,,,,188.0,3.0,118500.0,56520.0,-61980.0,-0.5230379746835443,AI purchase settlement
2026-09-30T10:57:14+09:00,settle,2026-09-30,,,,,,,,,269.0,3.0,160900.0,56520.0,-104380.0,-0.6487259167184587,AI purchase settlement
2026-09-30T11:12:46+09:00,settle,2026-09-30,,,,,,,,,269.0,3.0,160900.0,56520.0,-104380.0,-0.6487259167184587,AI purchase settlement
2026-09-30T11:30:31+09:00,settle,2026-09-30,,,,,,,,,285.0,3.0,171000.0,56520.0,-114480.0,-0.6694736842105263,AI purchase settlement
2026-09-30T11:47:36+09:00,settle,2026-09-30,,,,,,,,,285.0,3.0,171000.0,56520.0,-114480.0,-0.6694736842105263,AI purchase settlement
2026-09-30T12:13:49+09:00,settle,2026-09-30,,,,,,,,,312.0,3.0,181400.0,56520.0,-124880.0,-0.6884233737596472,AI purchase settlement
2026-09-30T12:33:11+09:00,settle,2026-09-30,,,,,,,,,335.0,3.0,191600.0,56520.0,-135080.0,-0.7050104384133612,AI purchase settlement
2026-09-30T12:57:25+09:00,settle,2026-09-30,,,,,,,,,357.0,4.0,201700.0,70180.0,-131520.0,-0.652057511155181,AI purchase settlement
2026-09-30T13:57:54+09:00,settle,2026-09-30,,,,,,,,,377.0,4.0,222000.0,70180.0,-151820.0,-0.6838738738738739,AI purchase settlement
2026-09-30T14:16:31+09:00,settle,2026-09-30,,,,,,,,,350.0,4.0,211600.0,70180.0,-141420.0,-0.6683364839319471,AI purchase settlement
2026-09-30T14:34:30+09:00,settle,2026-09-30,,,,,,,,,384.0,4.0,232000.0,70180.0,-161820.0,-0.6975,AI purchase settlement
2026-09-30T14:56:56+09:00,settle,2026-09-30,,,,,,,,,391.0,4.0,242000.0,70180.0,-171820.0,-0.71,AI purchase settlement
2026-09-30T15:20:30+09:00,settle,2026-09-30,,,,,,,,,419.0,4.0,252000.0,70180.0,-181820.0,-0.7215079365079365,AI purchase settlement
2026-09-30T15:44:48+09:00,settle,2026-09-30,,,,,,,,,419.0,4.0,252000.0,70180.0,-181820.0,-0.7215079365079365,AI purchase settlement
2026-09-30T16:01:13+09:00,settle,2026-09-30,,,,,,,,,451.0,4.0,272100.0,70180.0,-201920.0,-0.7420801176038221,AI purchase settlement
2026-09-30T16:23:13+09:00,settle,2026-09-30,,,,,,,,,481.0,4.0,282100.0,70180.0,-211920.0,-0.7512229705778093,AI purchase settlement
2026-09-30T16:45:23+09:00,settle,2026-09-30,,,,,,,,,508.0,4.0,292100.0,70180.0,-221920.0,-0.7597398151318042,AI purchase settlement
2026-09-30T17:01:05+09:00,settle,2026-09-30,,,,,,,,,533.0,4.0,302100.0,70180.0,-231920.0,-0.7676928169480305,AI purchase settlement
2026-09-30T17:25:00+09:00,settle,2026-09-30,,,,,,,,,553.0,4.0,312200.0,70180.0,-242020.0,-0.7752081998718771,AI purchase settlement
2026-09-30T17:46:02+09:00,settle,2026-09-30,,,,,,,,,553.0,4.0,312200.0,70180.0,-242020.0,-0.7752081998718771,AI purchase settlement
2026-09-30T18:00:37+09:00,settle,2026-09-30,,,,,,,,,572.0,5.0,322200.0,80530.0,-241670.0,-0.7500620732464308,AI purchase settlement
2026-09-30T18:21:58+09:00,settle,2026-09-30,,,,,,,,,597.0,5.0,332200.0,80530.0,-251670.0,-0.757585791691752,AI purchase settlement
2026-09-30T18:46:15+09:00,settle,2026-09-30,,,,,,,,,597.0,5.0,332200.0,80530.0,-251670.0,-0.757585791691752,AI purchase settlement
2026-09-30T19:01:56+09:00,settle,2026-09-30,,,,,,,,,621.0,5.0,342300.0,80530.0,-261770.0,-0.7647385334501899,AI purchase settlement
2026-09-30T19:22:56+09:00,settle,2026-09-30,,,,,,,,,642.0,6.0,352400.0,95410.0,-256990.0,-0.7292565266742338,AI purchase settlement
2026-09-30T19:48:18+09:00,settle,2026-09-30,,,,,,,,,651.0,6.0,362500.0,95410.0,-267090.0,-0.7368,AI purchase settlement
2026-09-30T20:03:40+09:00,settle,2026-09-30,,,,,,,,,651.0,6.0,362500.0,95410.0,-267090.0,-0.7368,AI purchase settlement
2026-09-30T20:19:07+09:00,settle,2026-09-30,,,,,,,,,654.0,6.0,372500.0,95410.0,-277090.0,-0.7438657718120806,AI purchase settlement
2026-09-30T20:44:00+09:00,settle,2026-09-30,,,,,,,,,677.0,6.0,382700.0,95410.0,-287290.0,-0.7506924483929971,AI purchase settlement
2026-09-30T20:59:11+09:00,settle,2026-09-30,,,,,,,,,690.0,6.0,392900.0,95410.0,-297490.0,-0.7571646729447696,AI purchase settlement
2026-09-30T21:27:26+09:00,settle,2026-09-30,,,,,,,,,761.0,7.0,434100.0,145740.0,-288360.0,-0.6642709053213546,AI purchase settlement
2026-09-30T21:52:33+09:00,settle,2026-09-30,,,,,,,,,803.0,7.0,464200.0,145740.0,-318460.0,-0.6860404997845756,AI purchase settlement
2026-09-30T22:16:36+09:00,settle,2026-09-30,,,,,,,,,847.0,9.0,494700.0,214810.0,-279890.0,-0.5657772387305438,AI purchase settlement
2026-09-30T22:36:38+09:00,settle,2026-09-30,,,,,,,,,877.0,9.0,519400.0,214810.0,-304590.0,-0.5864266461301502,AI purchase settlement
2026-09-30T22:58:54+09:00,settle,2026-09-30,,,,,,,,,929.0,9.0,552300.0,214810.0,-337490.0,-0.6110628281730943,AI purchase settlement
2026-09-30T23:21:30+09:00,settle,2026-09-30,,,,,,,,,960.0,9.0,573100.0,214810.0,-358290.0,-0.6251788518583145,AI purchase settlement
2026-09-30T23:47:58+09:00,settle,2026-09-30,,,,,,,,,1006.0,10.0,603300.0,237760.0,-365540.0,-0.6059008785015747,AI purchase settlement
2026-09-30T23:52:52+09:00,settle,2026-09-30,,,,,,,,,1006.0,10.0,603300.0,237760.0,-365540.0,-0.6059008785015747,AI purchase settlement
2026-10-01T17:46:36+09:00,settle,2026-10-01,,,,,,,,,0.0,0.0,0.0,0.0,0.0,,AI purchase settlement
2026-10-01T18:01:49+09:00,settle,2026-10-01,,,,,,,,,7.0,0.0,10000.0,0.0,-10000.0,-1.0,AI purchase settlement
2026-10-01T18:24:48+09:00,settle,2026-10-01,,,,,,,,,40.0,0.0,30200.0,0.0,-30200.0,-1.0,AI purchase settlement
2026-10-01T18:46:09+09:00,settle,2026-10-01,,,,,,,,,0.0,0.0,0.0,0.0,0.0,,AI purchase settlement
2026-10-01T19:02:13+09:00,settle,2026-10-01,,,,,,,,,25.0,0.0,10100.0,0.0,-10100.0,-1.0,AI purchase settlement
2026-10-01T19:32:40+09:00,settle,2026-10-01,,,,,,,,,0.0,0.0,0.0,0.0,0.0,,AI purchase settlement
2026-10-01T19:58:29+09:00,settle,2026-10-01,,,,,,,,,0.0,0.0,0.0,0.0,0.0,,AI purchase settlement
2026-10-01T20:16:24+09:00,settle,2026-10-01,,,,,,,,,0.0,0.0,0.0,0.0,0.0,,AI purchase settlement
2026-10-01T20:35:19+09:00,settle,2026-10-01,,,,,,,,,19.0,0.0,10000.0,0.0,-10000.0,-1.0,AI purchase settlement
2026-10-01T21:50:31+09:00,settle,2026-10-01,,,,,,,,,158.0,3.0,100600.0,195540.0,94940.0,0.943737574552684,AI purchase settlement
2026-10-01T22:16:34+09:00,settle,2026-10-01,,,,,,,,,158.0,3.0,100600.0,195540.0,94940.0,0.943737574552684,AI purchase settlement
2026-10-01T22:46:10+09:00,settle,2026-10-01,,,,,,,,,1227.0,14.0,663400.0,304620.0,-358780.0,-0.5408200180886343,AI purchase settlement
2026-10-01T23:34:42+09:00,settle,2026-10-01,,,,,,,,,1272.0,14.0,693400.0,304620.0,-388780.0,-0.5606864724545717,AI purchase settlement
2026-10-01T23:50:47+09:00,settle,2026-10-01,,,,,,,,,1285.0,15.0,703400.0,323670.0,-379730.0,-0.5398493033835655,AI purchase settlement
2026-10-01T23:58:37+09:00,settle,2026-10-01,,,,,,,,,1285.0,15.0,703400.0,323670.0,-379730.0,-0.5398493033835655,AI purchase settlement
2026-10-02T09:23:10+09:00,settle,2026-10-02,,,,,,,,,37.0,0.0,15500.0,0.0,-15500.0,-1.0,AI purchase settlement
2026-10-02T09:52:26+09:00,settle,2026-10-02,,,,,,,,,47.0,0.0,19200.0,0.0,-19200.0,-1.0,AI purchase settlement
2026-10-02T10:19:56+09:00,settle,2026-10-02,,,,,,,,,55.0,0.0,25800.0,0.0,-25800.0,-1.0,AI purchase settlement
2026-10-02T10:37:02+09:00,settle,2026-10-02,,,,,,,,,55.0,0.0,25800.0,0.0,-25800.0,-1.0,AI purchase settlement
2026-10-02T11:02:26+09:00,settle,2026-10-02,,,,,,,,,72.0,0.0,31300.0,0.0,-31300.0,-1.0,AI purchase settlement
2026-10-02T11:18:28+09:00,settle,2026-10-02,,,,,,,,,82.0,0.0,34600.0,0.0,-34600.0,-1.0,AI purchase settlement
2026-10-02T11:35:51+09:00,settle,2026-10-02,,,,,,,,,87.0,0.0,38200.0,0.0,-38200.0,-1.0,AI purchase settlement
2026-10-02T11:51:44+09:00,settle,2026-10-02,,,,,,,,,97.0,0.0,40200.0,0.0,-40200.0,-1.0,AI purchase settlement
2026-10-02T12:18:50+09:00,settle,2026-10-02,,,,,,,,,121.0,0.0,49300.0,0.0,-49300.0,-1.0,AI purchase settlement
2026-10-02T12:37:46+09:00,settle,2026-10-02,,,,,,,,,121.0,0.0,49300.0,0.0,-49300.0,-1.0,AI purchase settlement
2026-10-02T13:02:13+09:00,settle,2026-10-02,,,,,,,,,135.0,0.0,57200.0,0.0,-57200.0,-1.0,AI purchase settlement
2026-10-02T13:40:41+09:00,settle,2026-10-02,,,,,,,,,149.0,0.0,61000.0,0.0,-61000.0,-1.0,AI purchase settlement
2026-10-02T14:01:02+09:00,settle,2026-10-02,,,,,,,,,159.0,0.0,64900.0,0.0,-64900.0,-1.0,AI purchase settlement
2026-10-02T14:19:02+09:00,settle,2026-10-02,,,,,,,,,173.0,0.0,68100.0,0.0,-68100.0,-1.0,AI purchase settlement
2026-10-02T15:00:36+09:00,settle,2026-10-02,,,,,,,,,188.0,0.0,83100.0,0.0,-83100.0,-1.0,AI purchase settlement
2026-10-02T15:19:21+09:00,settle,2026-10-02,,,,,,,,,200.0,0.0,100100.0,0.0,-100100.0,-1.0,AI purchase settlement
2026-10-02T15:47:38+09:00,settle,2026-10-02,,,,,,,,,220.0,0.0,121700.0,0.0,-121700.0,-1.0,AI purchase settlement
2026-10-02T16:05:08+09:00,settle,2026-10-02,,,,,,,,,235.0,0.0,141700.0,0.0,-141700.0,-1.0,AI purchase settlement
2026-10-02T16:26:01+09:00,settle,2026-10-02,,,,,,,,,242.0,0.0,151700.0,0.0,-151700.0,-1.0,AI purchase settlement
2026-10-02T16:49:42+09:00,settle,2026-10-02,,,,,,,,,280.0,1.0,192800.0,28500.0,-164300.0,-0.8521784232365145,AI purchase settlement
2026-10-02T17:03:10+09:00,settle,2026-10-02,,,,,,,,,287.0,1.0,202800.0,28500.0,-174300.0,-0.8594674556213018,AI purchase settlement
2026-10-02T17:27:34+09:00,settle,2026-10-02,,,,,,,,,297.0,1.0,212800.0,28500.0,-184300.0,-0.8660714285714286,AI purchase settlement
2026-10-02T17:48:49+09:00,settle,2026-10-02,,,,,,,,,323.0,2.0,244200.0,43050.0,-201150.0,-0.8237100737100738,AI purchase settlement
2026-10-02T18:02:49+09:00,settle,2026-10-02,,,,,,,,,323.0,2.0,244200.0,43050.0,-201150.0,-0.8237100737100738,AI purchase settlement
2026-10-02T18:21:55+09:00,settle,2026-10-02,,,,,,,,,325.0,3.0,254200.0,138500.0,-115700.0,-0.4551534225019669,AI purchase settlement
2026-10-02T18:47:57+09:00,settle,2026-10-02,,,,,,,,,348.0,3.0,284200.0,138500.0,-145700.0,-0.5126671358198451,AI purchase settlement
2026-10-02T19:02:48+09:00,settle,2026-10-02,,,,,,,,,356.0,3.0,294300.0,138500.0,-155800.0,-0.5293917770981991,AI purchase settlement
2026-10-02T19:21:09+09:00,settle,2026-10-02,,,,,,,,,370.0,3.0,317800.0,138500.0,-179300.0,-0.5641913152926369,AI purchase settlement
2026-10-02T19:47:56+09:00,settle,2026-10-02,,,,,,,,,387.0,3.0,337800.0,138500.0,-199300.0,-0.5899940793368857,AI purchase settlement
2026-10-02T20:01:33+09:00,settle,2026-10-02,,,,,,,,,387.0,3.0,337800.0,138500.0,-199300.0,-0.5899940793368857,AI purchase settlement
2026-10-02T20:19:52+09:00,settle,2026-10-02,,,,,,,,,403.0,3.0,358000.0,138500.0,-219500.0,-0.6131284916201117,AI purchase settlement
2026-10-02T20:47:50+09:00,settle,2026-10-02,,,,,,,,,414.0,3.0,378200.0,138500.0,-239700.0,-0.6337916446324696,AI purchase settlement
2026-10-02T21:02:10+09:00,settle,2026-10-02,,,,,,,,,425.0,3.0,398200.0,138500.0,-259700.0,-0.6521848317428428,AI purchase settlement
2026-10-02T21:25:10+09:00,settle,2026-10-02,,,,,,,,,445.0,3.0,433500.0,138500.0,-295000.0,-0.6805074971164936,AI purchase settlement
2026-10-02T21:52:18+09:00,settle,2026-10-02,,,,,,,,,468.0,3.0,465700.0,138500.0,-327200.0,-0.7025982392097917,AI purchase settlement
2026-10-02T22:17:35+09:00,settle,2026-10-02,,,,,,,,,501.0,5.0,496000.0,214850.0,-281150.0,-0.5668346774193549,AI purchase settlement
2026-10-02T22:38:38+09:00,settle,2026-10-02,,,,,,,,,517.0,5.0,516300.0,214850.0,-301450.0,-0.583865969397637,AI purchase settlement
2026-10-02T23:00:57+09:00,settle,2026-10-02,,,,,,,,,533.0,6.0,536300.0,234970.0,-301330.0,-0.5618683572627261,AI purchase settlement
2026-10-02T23:22:50+09:00,settle,2026-10-02,,,,,,,,,544.0,7.0,558600.0,289150.0,-269450.0,-0.4823666308628714,AI purchase settlement
2026-10-02T23:49:09+09:00,settle,2026-10-02,,,,,,,,,560.0,7.0,589200.0,289150.0,-300050.0,-0.5092498302783435,AI purchase settlement
2026-10-03T09:24:04+09:00,settle,2026-10-03,,,,,,,,,12.0,1.0,30300.0,8280.0,-22020.0,-0.7267326732673267,AI purchase settlement
2026-10-03T09:52:27+09:00,settle,2026-10-03,,,,,,,,,15.0,2.0,40300.0,34240.0,-6060.0,-0.1503722084367245,AI purchase settlement
2026-10-03T10:16:32+09:00,settle,2026-10-03,,,,,,,,,22.0,2.0,50300.0,34240.0,-16060.0,-0.3192842942345924,AI purchase settlement
2026-10-03T10:35:17+09:00,settle,2026-10-03,,,,,,,,,22.0,2.0,50300.0,34240.0,-16060.0,-0.3192842942345924,AI purchase settlement
2026-10-03T10:53:00+09:00,settle,2026-10-03,,,,,,,,,23.0,2.0,60300.0,34240.0,-26060.0,-0.4321724709784411,AI purchase settlement
2026-10-03T11:18:38+09:00,settle,2026-10-03,,,,,,,,,40.0,2.0,80500.0,34240.0,-46260.0,-0.5746583850931677,AI purchase settlement
2026-10-03T11:42:12+09:00,settle,2026-10-03,,,,,,,,,58.0,3.0,103900.0,73720.0,-30180.0,-0.2904716073147257,AI purchase settlement
2026-10-03T12:10:23+09:00,settle,2026-10-03,,,,,,,,,76.0,3.0,123900.0,73720.0,-50180.0,-0.4050040355125101,AI purchase settlement
2026-10-03T12:39:51+09:00,settle,2026-10-03,,,,,,,,,86.0,3.0,134900.0,73720.0,-61180.0,-0.4535211267605634,AI purchase settlement
2026-10-03T13:08:58+09:00,settle,2026-10-03,,,,,,,,,117.0,3.0,168000.0,73720.0,-94280.0,-0.5611904761904762,AI purchase settlement
2026-10-03T13:34:43+09:00,settle,2026-10-03,,,,,,,,,131.0,3.0,188000.0,73720.0,-114280.0,-0.607872340425532,AI purchase settlement
2026-10-03T13:52:58+09:00,settle,2026-10-03,,,,,,,,,137.0,3.0,198000.0,73720.0,-124280.0,-0.6276767676767677,AI purchase settlement
2026-10-03T14:43:52+09:00,settle,2026-10-03,,,,,,,,,180.0,3.0,239600.0,73720.0,-165880.0,-0.6923205342237062,AI purchase settlement
2026-10-03T15:02:37+09:00,settle,2026-10-03,,,,,,,,,180.0,3.0,239600.0,73720.0,-165880.0,-0.6923205342237062,AI purchase settlement
2026-10-03T16:02:24+09:00,settle,2026-10-03,,,,,,,,,212.0,4.0,280400.0,195400.0,-85000.0,-0.3031383737517831,AI purchase settlement
2026-10-03T16:23:04+09:00,settle,2026-10-03,,,,,,,,,234.0,4.0,310600.0,195400.0,-115200.0,-0.3708950418544752,AI purchase settlement
2026-10-03T17:25:03+09:00,settle,2026-10-03,,,,,,,,,302.0,5.0,392300.0,241180.0,-151120.0,-0.3852153963803212,AI purchase settlement
2026-10-03T17:50:47+09:00,settle,2026-10-03,,,,,,,,,316.0,5.0,412300.0,241180.0,-171120.0,-0.4150375939849624,AI purchase settlement
2026-10-03T18:17:47+09:00,settle,2026-10-03,,,,,,,,,336.0,5.0,433000.0,241180.0,-191820.0,-0.4430023094688222,AI purchase settlement
2026-10-03T18:36:21+09:00,settle,2026-10-03,,,,,,,,,356.0,7.0,456000.0,402740.0,-53260.0,-0.116798245614035,AI purchase settlement
2026-10-03T18:59:54+09:00,settle,2026-10-03,,,,,,,,,371.0,7.0,479700.0,402740.0,-76960.0,-0.1604336043360433,AI purchase settlement
2026-10-03T19:14:53+09:00,settle,2026-10-03,,,,,,,,,383.0,7.0,491000.0,402740.0,-88260.0,-0.1797556008146639,AI purchase settlement
2026-10-03T19:34:25+09:00,settle,2026-10-03,,,,,,,,,396.0,7.0,511300.0,402740.0,-108560.0,-0.212321533346372,AI purchase settlement
2026-10-03T20:08:33+09:00,settle,2026-10-03,,,,,,,,,408.0,7.0,531300.0,402740.0,-128560.0,-0.2419725202333898,AI purchase settlement
2026-10-03T23:41:14+09:00,settle,2026-10-03,,,,,,,,,511.0,10.0,721700.0,516760.0,-204940.0,-0.2839684079257309,AI purchase settlement
2026-10-04T03:41:47+09:00,settle,2026-10-03,,,,,,,,,0.0,0.0,0.0,0.0,0.0,,AI purchase settlement
2026-10-04T12:11:57+09:00,settle,2026-10-04,,,,,,,,,0.0,0.0,0.0,0.0,0.0,,AI purchase settlement
2026-10-04T14:23:40+09:00,settle,2026-10-04,,,,,,,,,10.0,0.0,10000.0,0.0,-10000.0,-1.0,AI purchase settlement
2026-10-04T20:11:37+09:00,settle,2026-10-04,,,,,,,,,19.0,0.0,20000.0,0.0,-20000.0,-1.0,AI purchase settlement
2026-10-05T03:06:37+09:00,settle,2026-10-04,,,,,,,,,0.0,0.0,0.0,0.0,0.0,,AI purchase settlement
2026-10-05T05:39:04+09:00,settle,2026-10-04,,,,,,,,,0.0,0.0,0.0,0.0,0.0,,AI purchase settlement
2026-10-05T09:23:48+09:00,settle,2026-10-05,,,,,,,,,17.0,0.0,40000.0,0.0,-40000.0,-1.0,AI purchase settlement
2026-10-05T09:57:59+09:00,settle,2026-10-05,,,,,,,,,33.0,0.0,70000.0,0.0,-70000.0,-1.0,AI purchase settlement
2026-10-05T10:18:35+09:00,settle,2026-10-05,,,,,,,,,43.0,0.0,90000.0,0.0,-90000.0,-1.0,AI purchase settlement
2026-10-05T10:37:27+09:00,settle,2026-10-05,,,,,,,,,54.0,0.0,110000.0,0.0,-110000.0,-1.0,AI purchase settlement
2026-10-05T11:01:07+09:00,settle,2026-10-05,,,,,,,,,71.0,0.0,146500.0,0.0,-146500.0,-1.0,AI purchase settlement
2026-10-05T11:18:20+09:00,settle,2026-10-05,,,,,,,,,71.0,0.0,146500.0,0.0,-146500.0,-1.0,AI purchase settlement
2026-10-05T11:37:36+09:00,settle,2026-10-05,,,,,,,,,80.0,0.0,156500.0,0.0,-156500.0,-1.0,AI purchase settlement
2026-10-05T12:02:37+09:00,settle,2026-10-05,,,,,,,,,85.0,0.0,166500.0,0.0,-166500.0,-1.0,AI purchase settlement
2026-10-05T12:23:41+09:00,settle,2026-10-05,,,,,,,,,85.0,0.0,166500.0,0.0,-166500.0,-1.0,AI purchase settlement
2026-10-05T12:51:29+09:00,settle,2026-10-05,,,,,,,,,100.0,0.0,188100.0,0.0,-188100.0,-1.0,AI purchase settlement
2026-10-05T13:19:07+09:00,settle,2026-10-05,,,,,,,,,100.0,0.0,188100.0,0.0,-188100.0,-1.0,AI purchase settlement
2026-10-05T13:46:27+09:00,settle,2026-10-05,,,,,,,,,110.0,0.0,198100.0,0.0,-198100.0,-1.0,AI purchase settlement
2026-10-05T14:19:25+09:00,settle,2026-10-05,,,,,,,,,126.0,0.0,220200.0,0.0,-220200.0,-1.0,AI purchase settlement
2026-10-05T14:43:25+09:00,settle,2026-10-05,,,,,,,,,126.0,0.0,220200.0,0.0,-220200.0,-1.0,AI purchase settlement
2026-10-05T16:23:12+09:00,settle,2026-10-05,,,,,,,,,141.0,0.0,250200.0,0.0,-250200.0,-1.0,AI purchase settlement
2026-10-05T16:52:11+09:00,settle,2026-10-05,,,,,,,,,153.0,0.0,281500.0,0.0,-281500.0,-1.0,AI purchase settlement
2026-10-05T17:20:55+09:00,settle,2026-10-05,,,,,,,,,170.0,0.0,301500.0,0.0,-301500.0,-1.0,AI purchase settlement
2026-10-05T17:45:56+09:00,settle,2026-10-05,,,,,,,,,176.0,0.0,329300.0,0.0,-329300.0,-1.0,AI purchase settlement
2026-10-05T18:05:16+09:00,settle,2026-10-05,,,,,,,,,187.0,0.0,349300.0,0.0,-349300.0,-1.0,AI purchase settlement
2026-10-05T18:27:35+09:00,settle,2026-10-05,,,,,,,,,187.0,0.0,349300.0,0.0,-349300.0,-1.0,AI purchase settlement
2026-10-05T18:51:01+09:00,settle,2026-10-05,,,,,,,,,199.0,0.0,370700.0,0.0,-370700.0,-1.0,AI purchase settlement
2026-10-05T19:19:35+09:00,settle,2026-10-05,,,,,,,,,217.0,0.0,396000.0,0.0,-396000.0,-1.0,AI purchase settlement
2026-10-05T19:41:35+09:00,settle,2026-10-05,,,,,,,,,227.0,0.0,416000.0,0.0,-416000.0,-1.0,AI purchase settlement
2026-10-05T20:03:26+09:00,settle,2026-10-05,,,,,,,,,239.0,0.0,436400.0,0.0,-436400.0,-1.0,AI purchase settlement
2026-10-05T20:51:22+09:00,settle,2026-10-05,,,,,,,,,257.0,0.0,467500.0,0.0,-467500.0,-1.0,AI purchase settlement
2026-10-05T21:21:15+09:00,settle,2026-10-05,,,,,,,,,282.0,1.0,500500.0,233310.0,-267190.0,-0.5338461538461539,AI purchase settlement
2026-10-05T21:56:10+09:00,settle,2026-10-05,,,,,,,,,308.0,1.0,542400.0,233310.0,-309090.0,-0.5698561946902655,AI purchase settlement
2026-10-05T22:51:13+09:00,settle,2026-10-05,,,,,,,,,345.0,2.0,615700.0,323750.0,-291950.0,-0.4741757349358453,AI purchase settlement
2026-10-06T09:33:45+09:00,settle,2026-10-06,,,,,,,,,14.0,0.0,30000.0,0.0,-30000.0,-1.0,AI purchase settlement
2026-10-06T09:57:11+09:00,settle,2026-10-06,,,,,,,,,14.0,0.0,30000.0,0.0,-30000.0,-1.0,AI purchase settlement
2026-10-06T10:19:36+09:00,settle,2026-10-06,,,,,,,,,14.0,0.0,30000.0,0.0,-30000.0,-1.0,AI purchase settlement
2026-10-06T10:35:16+09:00,settle,2026-10-06,,,,,,,,,14.0,0.0,30000.0,0.0,-30000.0,-1.0,AI purchase settlement
2026-10-06T11:06:30+09:00,settle,2026-10-06,,,,,,,,,14.0,0.0,30000.0,0.0,-30000.0,-1.0,AI purchase settlement
2026-10-06T11:16:50+09:00,settle,2026-10-06,,,,,,,,,19.0,1.0,40000.0,286250.0,246250.0,6.15625,AI purchase settlement
2026-10-06T11:35:23+09:00,settle,2026-10-06,,,,,,,,,24.0,1.0,50000.0,286250.0,236250.0,4.725,AI purchase settlement
2026-10-06T12:06:31+09:00,settle,2026-10-06,,,,,,,,,34.0,1.0,70000.0,286250.0,216250.0,3.0892857142857144,AI purchase settlement
2026-10-06T12:18:38+09:00,settle,2026-10-06,,,,,,,,,34.0,1.0,70000.0,286250.0,216250.0,3.0892857142857144,AI purchase settlement
2026-10-06T13:25:51+09:00,settle,2026-10-06,,,,,,,,,38.0,1.0,80000.0,286250.0,206250.0,2.578125,AI purchase settlement
2026-10-06T13:38:09+09:00,settle,2026-10-06,,,,,,,,,46.0,1.0,90000.0,286250.0,196250.0,2.180555555555556,AI purchase settlement
2026-10-06T13:50:01+09:00,settle,2026-10-06,,,,,,,,,47.0,1.0,100000.0,286250.0,186250.0,1.8625,AI purchase settlement
2026-10-06T14:09:17+09:00,settle,2026-10-06,,,,,,,,,56.0,1.0,110000.0,286250.0,176250.0,1.6022727272727273,AI purchase settlement
2026-10-06T14:36:44+09:00,settle,2026-10-06,,,,,,,,,56.0,1.0,110000.0,286250.0,176250.0,1.6022727272727273,AI purchase settlement
2026-10-06T14:53:49+09:00,settle,2026-10-06,,,,,,,,,62.0,1.0,120000.0,286250.0,166250.0,1.3854166666666667,AI purchase settlement
2026-10-06T15:01:15+09:00,settle,2026-10-06,,,,,,,,,62.0,1.0,120000.0,286250.0,166250.0,1.3854166666666667,AI purchase settlement
2026-10-06T15:28:29+09:00,settle,2026-10-06,,,,,,,,,63.0,1.0,130000.0,286250.0,156250.0,1.2019230769230769,AI purchase settlement
2026-10-06T15:54:35+09:00,settle,2026-10-06,,,,,,,,,63.0,1.0,130000.0,286250.0,156250.0,1.2019230769230769,AI purchase settlement
2026-10-06T16:22:54+09:00,settle,2026-10-06,,,,,,,,,76.0,1.0,160000.0,286250.0,126250.0,0.7890625,AI purchase settlement
2026-10-06T16:52:15+09:00,settle,2026-10-06,,,,,,,,,91.0,1.0,190000.0,286250.0,96250.0,0.506578947368421,AI purchase settlement
2026-10-06T17:00:20+09:00,settle,2026-10-06,,,,,,,,,91.0,1.0,190000.0,286250.0,96250.0,0.506578947368421,AI purchase settlement
2026-10-06T17:25:30+09:00,settle,2026-10-06,,,,,,,,,95.0,1.0,200000.0,286250.0,86250.0,0.43125,AI purchase settlement
2026-10-06T17:48:44+09:00,settle,2026-10-06,,,,,,,,,95.0,1.0,200000.0,286250.0,86250.0,0.43125,AI purchase settlement
2026-10-06T18:03:15+09:00,settle,2026-10-06,,,,,,,,,95.0,1.0,200000.0,286250.0,86250.0,0.43125,AI purchase settlement
2026-10-06T18:30:27+09:00,settle,2026-10-06,,,,,,,,,95.0,1.0,200000.0,286250.0,86250.0,0.43125,AI purchase settlement
2026-10-06T19:31:12+09:00,settle,2026-10-06,,,,,,,,,165.0,1.0,242800.0,286250.0,43450.0,0.1789538714991762,AI purchase settlement
2026-10-06T19:44:07+09:00,settle,2026-10-06,,,,,,,,,173.0,1.0,252800.0,286250.0,33450.0,0.1323180379746835,AI purchase settlement
2026-10-06T21:30:10+09:00,settle,2026-10-06,,,,,,,,,295.0,2.0,347900.0,538090.0,190190.0,0.5466800804828974,AI purchase settlement
2026-10-06T21:43:43+09:00,settle,2026-10-06,,,,,,,,,314.0,3.0,370000.0,585850.0,215850.0,0.5833783783783784,AI purchase settlement
2026-10-06T22:41:13+09:00,settle,2026-10-06,,,,,,,,,377.0,3.0,421400.0,585850.0,164450.0,0.3902467963929757,AI purchase settlement
2026-10-06T23:07:30+09:00,settle,2026-10-06,,,,,,,,,413.0,3.0,455100.0,585850.0,130750.0,0.2872994946165678,AI purchase settlement
2026-10-06T23:54:11+09:00,settle,2026-10-06,,,,,,,,,475.0,3.0,504900.0,585850.0,80950.0,0.1603287779758368,AI purchase settlement
2026-10-07T00:21:14+09:00,settle,2026-10-06,,,,,,,,,0.0,0.0,0.0,0.0,0.0,,AI purchase settlement
2026-10-07T00:44:32+09:00,settle,2026-10-06,,,,,,,,,0.0,0.0,0.0,0.0,0.0,,AI purchase settlement
2026-10-07T10:22:59+09:00,settle,2026-10-07,,,,,,,,,514.0,5.0,562400.0,699040.0,136640.0,0.2429587482219061,AI purchase settlement
2026-10-07T10:42:29+09:00,settle,2026-10-07,,,,,,,,,522.0,5.0,577300.0,699040.0,121740.0,0.2108782262255326,AI purchase settlement
2026-10-07T11:05:57+09:00,settle,2026-10-07,,,,,,,,,552.0,5.0,598500.0,699040.0,100540.0,0.1679866332497911,AI purchase settlement
2026-10-07T11:23:09+09:00,settle,2026-10-07,,,,,,,,,570.0,5.0,619300.0,699040.0,79740.0,0.1287582754723074,AI purchase settlement
2026-10-07T11:42:26+09:00,settle,2026-10-07,,,,,,,,,601.0,6.0,649300.0,708420.0,59120.0,0.0910519020483597,AI purchase settlement
2026-10-07T12:03:14+09:00,settle,2026-10-07,,,,,,,,,601.0,6.0,649300.0,708420.0,59120.0,0.0910519020483597,AI purchase settlement
2026-10-07T12:24:44+09:00,settle,2026-10-07,,,,,,,,,614.0,6.0,669300.0,708420.0,39120.0,0.0584491259524876,AI purchase settlement
2026-10-07T12:52:47+09:00,settle,2026-10-07,,,,,,,,,635.0,6.0,689300.0,708420.0,19120.0,0.0277382852168866,AI purchase settlement
2026-10-07T13:08:05+09:00,settle,2026-10-07,,,,,,,,,659.0,6.0,715400.0,708420.0,-6980.0,-0.0097567794240984,AI purchase settlement
2026-10-07T13:38:50+09:00,settle,2026-10-07,,,,,,,,,671.0,6.0,735700.0,708420.0,-27280.0,-0.0370803316569253,AI purchase settlement
2026-10-07T14:03:36+09:00,settle,2026-10-07,,,,,,,,,729.0,6.0,780000.0,708420.0,-71580.0,-0.0917692307692307,AI purchase settlement
2026-10-07T14:29:30+09:00,settle,2026-10-07,,,,,,,,,747.0,7.0,810000.0,735040.0,-74960.0,-0.0925432098765432,AI purchase settlement
2026-10-07T14:52:03+09:00,settle,2026-10-07,,,,,,,,,773.0,7.0,830000.0,735040.0,-94960.0,-0.1144096385542168,AI purchase settlement
2026-10-07T15:05:58+09:00,settle,2026-10-07,,,,,,,,,800.0,7.0,852000.0,735040.0,-116960.0,-0.1372769953051643,AI purchase settlement
2026-10-07T15:31:10+09:00,settle,2026-10-07,,,,,,,,,850.0,7.0,892200.0,735040.0,-157160.0,-0.176148845550325,AI purchase settlement
2026-10-07T15:56:09+09:00,settle,2026-10-07,,,,,,,,,864.0,8.0,914700.0,750770.0,-163930.0,-0.1792172296927954,AI purchase settlement
2026-10-07T16:19:29+09:00,settle,2026-10-07,,,,,,,,,894.0,8.0,941400.0,750770.0,-190630.0,-0.2024962821329934,AI purchase settlement
2026-10-07T16:41:48+09:00,settle,2026-10-07,,,,,,,,,927.0,8.0,971400.0,750770.0,-220630.0,-0.2271257978175828,AI purchase settlement
2026-10-07T17:02:56+09:00,settle,2026-10-07,,,,,,,,,946.0,8.0,985100.0,750770.0,-234330.0,-0.2378743274794437,AI purchase settlement
2026-10-07T17:24:25+09:00,settle,2026-10-07,,,,,,,,,965.0,8.0,1005900.0,750770.0,-255130.0,-0.2536335619842926,AI purchase settlement
2026-10-07T17:50:45+09:00,settle,2026-10-07,,,,,,,,,983.0,8.0,1016500.0,750770.0,-265730.0,-0.2614166256763404,AI purchase settlement
2026-10-07T18:06:56+09:00,settle,2026-10-07,,,,,,,,,993.0,8.0,1026500.0,750770.0,-275730.0,-0.2686117876278616,AI purchase settlement
2026-10-07T18:38:31+09:00,settle,2026-10-07,,,,,,,,,1017.0,8.0,1040100.0,750770.0,-289330.0,-0.2781751754638977,AI purchase settlement
2026-10-07T19:04:41+09:00,settle,2026-10-07,,,,,,,,,1038.0,9.0,1051200.0,775020.0,-276180.0,-0.2627283105022831,AI purchase settlement
2026-10-07T19:25:56+09:00,settle,2026-10-07,,,,,,,,,1044.0,9.0,1061200.0,775020.0,-286180.0,-0.2696758386732001,AI purchase settlement
2026-10-07T19:47:54+09:00,settle,2026-10-07,,,,,,,,,1065.0,9.0,1075200.0,775020.0,-300180.0,-0.2791852678571428,AI purchase settlement
2026-10-07T20:05:25+09:00,settle,2026-10-07,,,,,,,,,1087.0,9.0,1086000.0,775020.0,-310980.0,-0.286353591160221,AI purchase settlement
2026-10-07T20:27:00+09:00,settle,2026-10-07,,,,,,,,,1102.0,9.0,1096300.0,775020.0,-321280.0,-0.2930584693970628,AI purchase settlement
2026-10-07T20:48:45+09:00,settle,2026-10-07,,,,,,,,,1115.0,9.0,1106300.0,775020.0,-331280.0,-0.2994486124920907,AI purchase settlement
2026-10-07T21:03:22+09:00,settle,2026-10-07,,,,,,,,,1122.0,9.0,1122100.0,775020.0,-347080.0,-0.3093128954638624,AI purchase settlement
2026-10-07T21:32:47+09:00,settle,2026-10-07,,,,,,,,,1154.0,9.0,1170900.0,775020.0,-395880.0,-0.3380988982833717,AI purchase settlement
2026-10-07T21:59:28+09:00,settle,2026-10-07,,,,,,,,,1177.0,9.0,1197100.0,775020.0,-422080.0,-0.3525854147523181,AI purchase settlement
2026-10-07T22:21:28+09:00,settle,2026-10-07,,,,,,,,,1183.0,10.0,1217100.0,794020.0,-423080.0,-0.3476131788678005,AI purchase settlement
2026-10-07T22:48:59+09:00,settle,2026-10-07,,,,,,,,,1205.0,10.0,1249600.0,794020.0,-455580.0,-0.3645806658130602,AI purchase settlement
2026-10-07T23:04:46+09:00,settle,2026-10-07,,,,,,,,,1218.0,10.0,1269600.0,794020.0,-475580.0,-0.3745904221802142,AI purchase settlement
2026-10-07T23:37:03+09:00,settle,2026-10-07,,,,,,,,,1235.0,10.0,1300300.0,794020.0,-506280.0,-0.3893563023917557,AI purchase settlement
2026-10-07T23:53:50+09:00,settle,2026-10-07,,,,,,,,,1243.0,11.0,1315000.0,895250.0,-419750.0,-0.3192015209125475,AI purchase settlement
2026-10-08T00:01:00+09:00,settle,2026-10-07,,,,,,,,,1243.0,11.0,1315000.0,895250.0,-419750.0,-0.3192015209125475,AI purchase settlement
2026-10-08T09:24:00+09:00,settle,2026-10-08,,,,,,,,,1254.0,11.0,1335000.0,895250.0,-439750.0,-0.3294007490636704,AI purchase settlement
2026-10-08T10:03:03+09:00,settle,2026-10-08,,,,,,,,,1279.0,11.0,1361100.0,895250.0,-465850.0,-0.3422599368158107,AI purchase settlement
2026-10-08T10:22:25+09:00,settle,2026-10-08,,,,,,,,,1279.0,11.0,1361100.0,895250.0,-465850.0,-0.3422599368158107,AI purchase settlement
2026-10-08T10:42:49+09:00,settle,2026-10-08,,,,,,,,,1279.0,11.0,1361100.0,895250.0,-465850.0,-0.3422599368158107,AI purchase settlement
2026-10-08T11:12:36+09:00,settle,2026-10-08,,,,,,,,,1301.0,11.0,1391100.0,895250.0,-495850.0,-0.3564445402918553,AI purchase settlement
2026-10-08T11:25:15+09:00,settle,2026-10-08,,,,,,,,,1301.0,11.0,1391100.0,895250.0,-495850.0,-0.3564445402918553,AI purchase settlement
2026-10-08T11:51:41+09:00,settle,2026-10-08,,,,,,,,,1327.0,11.0,1418000.0,895250.0,-522750.0,-0.3686530324400564,AI purchase settlement
2026-10-08T12:07:14+09:00,settle,2026-10-08,,,,,,,,,1337.0,11.0,1428000.0,895250.0,-532750.0,-0.3730742296918767,AI purchase settlement
2026-10-08T12:27:47+09:00,settle,2026-10-08,,,,,,,,,1352.0,11.0,1457000.0,895250.0,-561750.0,-0.3855525051475635,AI purchase settlement
2026-10-08T12:55:03+09:00,settle,2026-10-08,,,,,,,,,1357.0,11.0,1467000.0,895250.0,-571750.0,-0.3897409679618268,AI purchase settlement
2026-10-08T13:19:28+09:00,settle,2026-10-08,,,,,,,,,1365.0,12.0,1477000.0,905850.0,-571150.0,-0.3866960054163845,AI purchase settlement
2026-10-08T13:42:03+09:00,settle,2026-10-08,,,,,,,,,1393.0,12.0,1498000.0,905850.0,-592150.0,-0.3952937249666222,AI purchase settlement
