date,venue,race_no,race_id,start_at,close_at,rank_in_race,car_no,player_id,style,score,odds_win,p_win,nexus_form_adj,nexus_line_adj,nexus_style_adj,nexus_condition_adj,nexus_uncertainty,expected_value_win,stake_yen,win_return_yen,win_profit_yen,loss_amount_yen,expected_profit_yen
2026-10-01,久留米,11,118320261001,1790853360,1790853060,1,5,15751,逃,96.72,,0.6030316134855144,0.24696827020632905,0.17057024307254745,0.11673546031131274,0.05681636547022258,0.0031658253724181577,,0,,,0,
2026-10-01,久留米,11,118320261001,1790853360,1790853060,2,1,15204,逃,95.52,,0.16749347362222905,0.1304214460640165,0.06945028540023768,0.0861180842303034,-0.06641913146518978,0.0016209025906780965,,0,,,0,
2026-10-01,久留米,11,118320261001,1790853360,1790853060,3,4,15632,逃,91.81,,0.09862146378926118,0.03329909261208937,0.10074923012084053,0.063614112297412,0.05681636547022258,0.0006838182804423225,,0,,,0,
2026-10-01,久留米,11,118320261001,1790853360,1790853060,4,3,15809,逃,93.05,,0.06364536954933246,-0.10267220222060869,0.22022347999682754,-0.03460416278303775,0.15204379492031395,0.002456680488996491,,0,,,0,
2026-10-01,久留米,11,118320261001,1790853360,1790853060,5,2,14565,追,94.28,,0.03729521581195407,0.05272356330247482,-0.10433604383474283,-0.008872625831052416,-0.12803687993289598,0.0019754750323889305,,0,,,0,
2026-10-01,久留米,11,118320261001,1790853360,1790853060,6,7,12829,両,92.22,,0.01583754446446682,-0.1803700849821504,-0.054682806910462685,-0.11110311138517805,-0.12803687993289598,0.0005571852655455956,,0,,,0,
2026-10-01,久留米,11,118320261001,1790853360,1790853060,7,6,15545,逃,90.47,,0.014075319277242175,-0.1803700849821504,-0.11493586924206343,-0.11188775683975996,0.05681636547022258,0.002152761253244347,,0,,,0,
2026-10-01,川崎,12,123420261001,1790854200,1790853900,1,5,14505,両,110.0,,0.30247907236480637,0.3318692440132878,0.09574361325245699,0.12626048213130506,0.08573826971990477,0.0007623663738033122,,0,,,0,
2026-10-01,川崎,12,123420261001,1790854200,1790853900,2,4,15243,逃,112.72,,0.2532781666931948,-0.023426064283290946,0.08150387466224004,-0.09100462370392157,0.08573826971990477,0.0007097893825065329,,0,,,0,
2026-10-01,川崎,12,123420261001,1790854200,1790853900,3,2,14462,追,112.86,,0.22612880938607272,0.05856516070822719,0.24249626525864246,0.09522260986912984,-0.0838743942912112,0.004574198242819877,,0,,,0,
2026-10-01,川崎,12,123420261001,1790854200,1790853900,4,7,14117,追,109.4,,0.10698791232004957,-0.023426064283290946,-0.021856437533641082,-0.05996675144174633,-0.12953934229420394,0.0003943274347258511,,0,,,0,
2026-10-01,川崎,12,123420261001,1790854200,1790853900,5,3,15121,逃,107.61,,0.07150849719453468,-0.10541728927480908,-0.019296168868701193,0.04942178602872563,0.08573826971990477,0.0013144247824195046,,0,,,0,
2026-10-01,川崎,12,123420261001,1790854200,1790853900,6,1,12450,追,107.27,,0.02096993600662869,-0.07808688094430312,-0.26150395239606355,-0.028928879179571106,0.08573826971990477,0.001682463721496966,,0,,,0,
2026-10-01,川崎,12,123420261001,1790854200,1790853900,7,6,14029,追,106.3,,0.01864760603471314,-0.16007810593582125,0.007296163686446306,-0.09100462370392157,-0.12953934229420394,0.001130405312880774,,0,,,0,
2026-10-01,奈良,1,015320261001,1790854860,1790854560,1,2,014072,両,71.03,,0.38670914174780435,0.16984418194608578,0.3164881389180848,0.2765623875705883,-0.040824829046386304,0.000523936831995584,,0,,,0,
2026-10-01,奈良,1,015320261001,1790854860,1790854560,2,3,014274,両,70.85,,0.3488048479918377,0.15286611279534348,0.1354103852637599,0.16831911911452374,0.24494897427831785,0.000523936831995584,,0,,,0,
2026-10-01,奈良,1,015320261001,1790854860,1790854560,3,4,013446,追,69.52,,0.15541551419985541,0.08201304973292294,0.07007654233033753,-0.07273981106861271,-0.040824829046386304,0.000523936831995584,,0,,,0,
2026-10-01,奈良,1,015320261001,1790854860,1790854560,4,1,012795,追,72.05,,0.08920224953679076,0.03485174653641682,0.07007654233033753,-0.04567899395459658,-0.040824829046386304,0.0026196841599779187,,0,,,0,
2026-10-01,奈良,1,015320261001,1790854860,1790854560,5,5,012157,追,69.0,,0.013217716872218975,0.08495383619237472,-0.07787003821746177,-0.07273981106861271,-0.040824829046386304,0.003667557823969087,,0,,,0,
2026-10-01,奈良,1,015320261001,1790854860,1790854560,6,6,014213,追,66.58,,0.005715509169882971,-0.16888508327248974,-0.17097922973157373,-0.126861445296645,-0.040824829046386304,3.635542089566622e-19,,0,,,0,
2026-10-01,奈良,1,015320261001,1790854860,1790854560,7,7,011431,追,62.53,,0.0009350204816097666,-0.35564384393065407,-0.17097922973157373,-0.126861445296645,-0.040824829046386304,0.0026196841599779187,,0,,,0,
2026-10-01,青森,1,011220261001,1790855340,1790855040,1,1,015855,逃,56.95,,0.946293144857876,0.3244658798325227,-0.028703851860318427,0.25844081953992315,0.22753458035076243,0.00450657049723227,,0,,,0,
2026-10-01,青森,1,011220261001,1790855340,1790855040,2,3,016043,両,53.45,,0.019764185647121065,0.12894411659688446,-0.028703851860318427,0.025991983498417727,-0.05581036876528135,0.0009194006700039082,,0,,,0,
2026-10-01,青森,1,011220261001,1790855340,1790855040,3,2,015069,両,53.66,,0.01881147436070127,0.08603396042025328,-0.028703851860318427,0.030250160734061983,-0.05581036876528135,0.0008741842436102731,,0,,,0,
2026-10-01,青森,1,011220261001,1790855340,1790855040,4,5,015678,両,51.44,,0.007156578243080098,-0.047174744874001986,-0.028703851860318427,-0.0053511704937644795,-0.05581036876528135,0.0003466592690178668,,0,,,0,
2026-10-01,青森,1,011220261001,1790855340,1790855040,5,4,015770,両,53.0,,0.0064656878584004925,0.03603396042025328,-0.028703851860318427,-0.021022747489855585,0.051517263475644316,0.0011906992283657167,,0,,,0,
2026-10-01,青森,1,011220261001,1790855340,1790855040,6,7,016027,両,46.76,,0.0009017068248351882,-0.2565023116391438,-0.028703851860318427,-0.12941137701256275,-0.05581036876528135,0.0015072142131211603,,0,,,0,
2026-10-01,青森,1,011220261001,1790855340,1790855040,7,6,015943,両,47.23,,0.0006072222079858575,-0.2718008607567679,-0.028703851860318427,-0.15889766877622,-0.05581036876528135,0.0015072142131211603,,0,,,0,
2026-10-01,前橋,1,012220261001,1790855820,1790855520,1,1,015482,逃,73.78,,0.6731871281144913,0.087031311124052,0.25204436946949044,0.21140580112427143,0.0,0.0046590151339471544,,0,,,0,
2026-10-01,前橋,1,012220261001,1790855820,1790855520,2,4,015962,逃,71.5,,0.16294136101688836,0.1200534334080859,0.25204436946949044,-0.07909274049712539,0.0,0.0010751573386031895,,0,,,0,
2026-10-01,前橋,1,012220261001,1790855820,1790855520,3,2,014120,追,73.55,,0.08435581518182392,0.16695976087301734,-0.0173241488169188,0.041764273973225734,0.0,0.0010751573386031895,,0,,,0,
2026-10-01,前橋,1,012220261001,1790855820,1790855520,4,3,014316,両,73.03,,0.053368098609348456,0.023707769046394517,-0.1678870729790778,0.09960522686296105,0.0,0.0007167715590687929,,0,,,0,
2026-10-01,前橋,1,012220261001,1790855820,1790855520,5,5,014810,両,69.6,,0.022177079959324743,0.10363621879535995,-0.01984843457645808,-0.03197009406627936,0.0,0.0010751573386031895,,0,,,0,
2026-10-01,前橋,1,012220261001,1790855820,1790855520,6,6,011364,追,66.8,,0.002770664241482455,-0.12404716246813954,-0.0173241488169188,-0.1060725511829129,0.0,0.0010751573386031895,,0,,,0,
2026-10-01,前橋,1,012220261001,1790855820,1790855520,7,7,012277,追,64.0,,0.0011998528766407049,-0.3773413307787692,0.005333584853576916,-0.13563991621414062,0.0,0.0010751573386031895,,0,,,0,
2026-10-01,奈良,2,025320261001,1790856300,1790856000,1,1,015998,逃,75.77,,0.8926366250603074,0.22085432021723095,0.3172341922188394,0.14680677255677474,0.10589895059840562,0.00027160723812755526,,0,,,0,
2026-10-01,奈良,2,025320261001,1790856300,1790856000,2,5,014101,両,68.77,,0.07867502936801378,0.13925660203321777,0.20131348187264209,-0.02185196343540222,0.10589895059840562,0.0003621429841700749,,0,,,0,
2026-10-01,奈良,2,025320261001,1790856300,1790856000,3,2,014067,追,71.68,,0.012412772389628643,0.06011519540659883,-0.0061164384932136575,-0.0689198358685664,-0.038041370603310753,0.003214018984509408,,0,,,0,
2026-10-01,奈良,2,025320261001,1790856300,1790856000,4,3,011935,追,70.18,,0.007203193824883602,-0.07136010425028536,-0.06769443839525371,0.16641268493728653,-0.016450322423053297,0.003440358349615703,,0,,,0,
2026-10-01,奈良,2,025320261001,1790856300,1790856000,5,4,012348,追,69.52,,0.003980159995164513,0.039822527040799,-0.1399456918223237,-0.0296977490675909,0.10589895059840562,0.0019465185399141487,,0,,,0,
2026-10-01,奈良,2,025320261001,1790856300,1790856000,6,6,014482,両,67.8,,0.0032025558423376533,-0.13469442090507883,-0.08535887067341427,-0.0689198358685664,-0.1316025793844264,0.0012222325715739997,,0,,,0,
2026-10-01,奈良,2,025320261001,1790856300,1790856000,7,7,014694,逃,65.68,,0.0018896635196644165,-0.253994119542483,0.0006306295551650137,-0.12383007325393529,-0.1316025793844264,0.0005884823492763695,,0,,,0,
