date,venue,race_no,race_id,start_at,close_at,source_url,schedule_fetched_at_jst
2026-10-11,武雄,1,018420261011,1791675000,1791674700,https://www.winticket.jp/keirin/takeo/racecard/2026100984/3/1,2026-10-11T00:07:17+09:00
2026-10-11,武雄,2,028420261011,1791676200,1791675900,https://www.winticket.jp/keirin/takeo/racecard/2026100984/3/2,2026-10-11T00:07:17+09:00
2026-10-11,武雄,3,038420261011,1791677460,1791677160,https://www.winticket.jp/keirin/takeo/racecard/2026100984/3/3,2026-10-11T00:07:17+09:00
2026-10-11,武雄,4,048420261011,1791678720,1791678420,https://www.winticket.jp/keirin/takeo/racecard/2026100984/3/4,2026-10-11T00:07:17+09:00
2026-10-11,武雄,5,058420261011,1791679980,1791679680,https://www.winticket.jp/keirin/takeo/racecard/2026100984/3/5,2026-10-11T00:07:17+09:00
2026-10-11,武雄,6,068420261011,1791681240,1791680940,https://www.winticket.jp/keirin/takeo/racecard/2026100984/3/6,2026-10-11T00:07:17+09:00
2026-10-11,武雄,7,078420261011,1791682500,1791682200,https://www.winticket.jp/keirin/takeo/racecard/2026100984/3/7,2026-10-11T00:07:17+09:00
2026-10-11,弥彦,1,012120261011,1791683100,1791682800,https://www.winticket.jp/keirin/yahiko/racecard/2026100921/3/1,2026-10-11T00:07:17+09:00
2026-10-11,富山,1,014620261011,1791683820,1791683520,https://www.winticket.jp/keirin/toyama/racecard/2026101046/2/1,2026-10-11T00:07:17+09:00
2026-10-11,弥彦,2,022120261011,1791684540,1791684240,https://www.winticket.jp/keirin/yahiko/racecard/2026100921/3/2,2026-10-11T00:07:17+09:00
2026-10-11,富山,2,024620261011,1791685260,1791684960,https://www.winticket.jp/keirin/toyama/racecard/2026101046/2/2,2026-10-11T00:07:17+09:00
2026-10-11,弥彦,3,032120261011,1791685980,1791685680,https://www.winticket.jp/keirin/yahiko/racecard/2026100921/3/3,2026-10-11T00:07:17+09:00
2026-10-11,富山,3,034620261011,1791686700,1791686400,https://www.winticket.jp/keirin/toyama/racecard/2026101046/2/3,2026-10-11T00:07:17+09:00
2026-10-11,弥彦,4,042120261011,1791687420,1791687120,https://www.winticket.jp/keirin/yahiko/racecard/2026100921/3/4,2026-10-11T00:07:17+09:00
2026-10-11,富山,4,044620261011,1791688140,1791687840,https://www.winticket.jp/keirin/toyama/racecard/2026101046/2/4,2026-10-11T00:07:17+09:00
2026-10-11,弥彦,5,052120261011,1791688920,1791688620,https://www.winticket.jp/keirin/yahiko/racecard/2026100921/3/5,2026-10-11T00:07:17+09:00
2026-10-11,富山,5,054620261011,1791689820,1791689520,https://www.winticket.jp/keirin/toyama/racecard/2026101046/2/5,2026-10-11T00:07:17+09:00
2026-10-11,弥彦,6,062120261011,1791690720,1791690420,https://www.winticket.jp/keirin/yahiko/racecard/2026100921/3/6,2026-10-11T00:07:17+09:00
2026-10-11,富山,6,064620261011,1791691560,1791691260,https://www.winticket.jp/keirin/toyama/racecard/2026101046/2/6,2026-10-11T00:07:17+09:00
2026-10-11,弥彦,7,072120261011,1791692520,1791692220,https://www.winticket.jp/keirin/yahiko/racecard/2026100921/3/7,2026-10-11T00:07:17+09:00
2026-10-11,富山,7,074620261011,1791692940,1791692640,https://www.winticket.jp/keirin/toyama/racecard/2026101046/2/7,2026-10-11T00:07:17+09:00
2026-10-11,富山,8,084620261011,1791694320,1791694020,https://www.winticket.jp/keirin/toyama/racecard/2026101046/2/8,2026-10-11T00:07:17+09:00
2026-10-11,弥彦,8,082120261011,1791694740,1791694440,https://www.winticket.jp/keirin/yahiko/racecard/2026100921/3/8,2026-10-11T00:07:17+09:00
2026-10-11,富山,9,094620261011,1791696000,1791695700,https://www.winticket.jp/keirin/toyama/racecard/2026101046/2/9,2026-10-11T00:07:17+09:00
2026-10-11,弥彦,9,092120261011,1791696960,1791696660,https://www.winticket.jp/keirin/yahiko/racecard/2026100921/3/9,2026-10-11T00:07:17+09:00
2026-10-11,富山,10,104620261011,1791698100,1791697800,https://www.winticket.jp/keirin/toyama/racecard/2026101046/2/10,2026-10-11T00:07:17+09:00
2026-10-11,弥彦,10,102120261011,1791699180,1791698880,https://www.winticket.jp/keirin/yahiko/racecard/2026100921/3/10,2026-10-11T00:07:17+09:00
2026-10-11,富山,11,114620261011,1791700260,1791699960,https://www.winticket.jp/keirin/toyama/racecard/2026101046/2/11,2026-10-11T00:07:17+09:00
2026-10-11,弥彦,11,112120261011,1791701400,1791701100,https://www.winticket.jp/keirin/yahiko/racecard/2026100921/3/11,2026-10-11T00:07:17+09:00
2026-10-11,小倉,1,018120261011,1791701700,1791701400,https://www.winticket.jp/keirin/kokura/racecard/2026101181/1/1,2026-10-11T00:07:17+09:00
2026-10-11,富山,12,124620261011,1791702480,1791702180,https://www.winticket.jp/keirin/toyama/racecard/2026101046/2/12,2026-10-11T00:07:17+09:00
2026-10-11,岐阜,1,014320261011,1791702780,1791702480,https://www.winticket.jp/keirin/gifu/racecard/2026101043/2/1,2026-10-11T00:07:17+09:00
2026-10-11,小倉,2,028120261011,1791703200,1791702900,https://www.winticket.jp/keirin/kokura/racecard/2026101181/1/2,2026-10-11T00:07:17+09:00
2026-10-11,弥彦,12,122120261011,1791703800,1791703500,https://www.winticket.jp/keirin/yahiko/racecard/2026100921/3/12,2026-10-11T00:07:17+09:00
2026-10-11,岐阜,2,024320261011,1791704220,1791703920,https://www.winticket.jp/keirin/gifu/racecard/2026101043/2/2,2026-10-11T00:07:17+09:00
2026-10-11,小倉,3,038120261011,1791704640,1791704340,https://www.winticket.jp/keirin/kokura/racecard/2026101181/1/3,2026-10-11T00:07:17+09:00
2026-10-11,岐阜,3,034320261011,1791705600,1791705300,https://www.winticket.jp/keirin/gifu/racecard/2026101043/2/3,2026-10-11T00:07:17+09:00
2026-10-11,小倉,4,048120261011,1791706080,1791705780,https://www.winticket.jp/keirin/kokura/racecard/2026101181/1/4,2026-10-11T00:07:17+09:00
2026-10-11,岐阜,4,044320261011,1791706980,1791706680,https://www.winticket.jp/keirin/gifu/racecard/2026101043/2/4,2026-10-11T00:07:17+09:00
2026-10-11,小倉,5,058120261011,1791707520,1791707220,https://www.winticket.jp/keirin/kokura/racecard/2026101181/1/5,2026-10-11T00:07:17+09:00
2026-10-11,岐阜,5,054320261011,1791708360,1791708060,https://www.winticket.jp/keirin/gifu/racecard/2026101043/2/5,2026-10-11T00:07:17+09:00
2026-10-11,小倉,6,068120261011,1791708960,1791708660,https://www.winticket.jp/keirin/kokura/racecard/2026101181/1/6,2026-10-11T00:07:17+09:00
2026-10-11,岐阜,6,064320261011,1791709740,1791709440,https://www.winticket.jp/keirin/gifu/racecard/2026101043/2/6,2026-10-11T00:07:17+09:00
2026-10-11,小倉,7,078120261011,1791710400,1791710100,https://www.winticket.jp/keirin/kokura/racecard/2026101181/1/7,2026-10-11T00:07:17+09:00
2026-10-11,岐阜,7,074320261011,1791711120,1791710820,https://www.winticket.jp/keirin/gifu/racecard/2026101043/2/7,2026-10-11T00:07:17+09:00
2026-10-11,小倉,8,088120261011,1791711840,1791711540,https://www.winticket.jp/keirin/kokura/racecard/2026101181/1/8,2026-10-11T00:07:17+09:00
2026-10-11,岐阜,8,084320261011,1791712560,1791712260,https://www.winticket.jp/keirin/gifu/racecard/2026101043/2/8,2026-10-11T00:07:17+09:00
2026-10-11,小倉,9,098120261011,1791713340,1791713040,https://www.winticket.jp/keirin/kokura/racecard/2026101181/1/9,2026-10-11T00:07:17+09:00
2026-10-11,岐阜,9,094320261011,1791714060,1791713760,https://www.winticket.jp/keirin/gifu/racecard/2026101043/2/9,2026-10-11T00:07:17+09:00
2026-10-11,小倉,10,108120261011,1791714900,1791714600,https://www.winticket.jp/keirin/kokura/racecard/2026101181/1/10,2026-10-11T00:07:17+09:00
2026-10-11,岐阜,10,104320261011,1791715680,1791715380,https://www.winticket.jp/keirin/gifu/racecard/2026101043/2/10,2026-10-11T00:07:17+09:00
2026-10-11,小倉,11,118120261011,1791716520,1791716220,https://www.winticket.jp/keirin/kokura/racecard/2026101181/1/11,2026-10-11T00:07:17+09:00
2026-10-11,岐阜,11,114320261011,1791717360,1791717060,https://www.winticket.jp/keirin/gifu/racecard/2026101043/2/11,2026-10-11T00:07:17+09:00
2026-10-11,小倉,12,128120261011,1791718200,1791717900,https://www.winticket.jp/keirin/kokura/racecard/2026101181/1/12,2026-10-11T00:07:17+09:00
2026-10-11,川崎,1,013420261011,1791718800,1791718500,https://www.winticket.jp/keirin/kawasaki/racecard/2026100934/3/1,2026-10-11T00:07:17+09:00
2026-10-11,奈良,1,015320261011,1791719400,1791719100,https://www.winticket.jp/keirin/nara/racecard/2026100953/3/1,2026-10-11T00:07:17+09:00
2026-10-11,川崎,2,023420261011,1791720000,1791719700,https://www.winticket.jp/keirin/kawasaki/racecard/2026100934/3/2,2026-10-11T00:07:17+09:00
2026-10-11,奈良,2,025320261011,1791720600,1791720300,https://www.winticket.jp/keirin/nara/racecard/2026100953/3/2,2026-10-11T00:07:17+09:00
2026-10-11,川崎,3,033420261011,1791721200,1791720900,https://www.winticket.jp/keirin/kawasaki/racecard/2026100934/3/3,2026-10-11T00:07:17+09:00
2026-10-11,奈良,3,035320261011,1791721800,1791721500,https://www.winticket.jp/keirin/nara/racecard/2026100953/3/3,2026-10-11T00:07:17+09:00
2026-10-11,川崎,4,043420261011,1791722400,1791722100,https://www.winticket.jp/keirin/kawasaki/racecard/2026100934/3/4,2026-10-11T00:07:17+09:00
2026-10-11,奈良,4,045320261011,1791723000,1791722700,https://www.winticket.jp/keirin/nara/racecard/2026100953/3/4,2026-10-11T00:07:17+09:00
2026-10-11,川崎,5,053420261011,1791723600,1791723300,https://www.winticket.jp/keirin/kawasaki/racecard/2026100934/3/5,2026-10-11T00:07:17+09:00
2026-10-11,奈良,5,055320261011,1791724200,1791723900,https://www.winticket.jp/keirin/nara/racecard/2026100953/3/5,2026-10-11T00:07:17+09:00
2026-10-11,川崎,6,063420261011,1791724800,1791724500,https://www.winticket.jp/keirin/kawasaki/racecard/2026100934/3/6,2026-10-11T00:07:17+09:00
2026-10-11,奈良,6,065320261011,1791725400,1791725100,https://www.winticket.jp/keirin/nara/racecard/2026100953/3/6,2026-10-11T00:07:17+09:00
2026-10-11,川崎,7,073420261011,1791726000,1791725700,https://www.winticket.jp/keirin/kawasaki/racecard/2026100934/3/7,2026-10-11T00:07:17+09:00
2026-10-11,奈良,7,075320261011,1791726600,1791726300,https://www.winticket.jp/keirin/nara/racecard/2026100953/3/7,2026-10-11T00:07:17+09:00
2026-10-11,川崎,8,083420261011,1791727200,1791726900,https://www.winticket.jp/keirin/kawasaki/racecard/2026100934/3/8,2026-10-11T00:07:17+09:00
2026-10-11,奈良,8,085320261011,1791727800,1791727500,https://www.winticket.jp/keirin/nara/racecard/2026100953/3/8,2026-10-11T00:07:17+09:00
2026-10-11,川崎,9,093420261011,1791728400,1791728100,https://www.winticket.jp/keirin/kawasaki/racecard/2026100934/3/9,2026-10-11T00:07:17+09:00
2026-10-11,奈良,9,095320261011,1791729000,1791728700,https://www.winticket.jp/keirin/nara/racecard/2026100953/3/9,2026-10-11T00:07:17+09:00
