race_id,actual_trifecta,result_source
012520261008,4-7-1,winticket
013820261008,1-4-5,winticket
077420261008,3-5-2,winticket
022520261008,3-4-1,winticket
023820261008,1-5-2,winticket
032520261008,2-7-1,winticket
042520261008,4-7-2,winticket
033820261008,2-3-7,winticket
043820261008,2-1-7,winticket
053820261008,7-6-4,winticket
062520261008,7-1-3,winticket
063820261008,4-5-1,winticket
072520261008,5-2-3,winticket
073820261008,7-5-3,winticket
082520261008,1-7-6,winticket
092520261008,1-4-7,winticket
083820261008,1-3-4,winticket
102520261008,7-3-4,winticket
103820261008,1-4-7,winticket
112520261008,1-7-5,winticket
013520261008,1-7-3,winticket
014820261008,1-5-4,winticket
113820261008,1-5-4,winticket
122520261008,5-2-4,winticket
023520261008,1-6-4,winticket
024820261008,3-4-6,winticket
033520261008,1-7-3,winticket
