race_id,date,venue,race_no,car_no,mark,snapshot_created_at_jst,close_at,p_win,p_second,p_third
077420261008,2026-10-08,高知,7,5,◎,2026-10-08T10:17:53+09:00,1791423000,0.9068237383762376,0.6728912846585348,0.8081974042637514
077420261008,2026-10-08,高知,7,2,○,2026-10-08T10:17:53+09:00,1791423000,0.0535477574319247,0.1248805694189771,0.038404539168968
077420261008,2026-10-08,高知,7,3,▲,2026-10-08T10:17:53+09:00,1791423000,0.0240892837710129,0.0895701187827397,0.0601884420683134
077420261008,2026-10-08,高知,7,7,☆,2026-10-08T10:17:53+09:00,1791423000,0.0107997188633321,0.0347807116389592,0.0186606335395125
077420261008,2026-10-08,高知,7,6,△,2026-10-08T10:17:53+09:00,1791423000,0.0029973385192947,0.0503069321937126,0.0372311460080117
077420261008,2026-10-08,高知,7,1,印なし,2026-10-08T10:17:53+09:00,1791423000,0.0013433849487156,0.0218409098786207,0.0251071781123494
077420261008,2026-10-08,高知,7,4,印なし,2026-10-08T10:17:53+09:00,1791423000,0.000398778089482,0.0057294734284555,0.0122106568390932
012520261008,2026-10-08,大宮,1,1,◎,2026-10-08T10:17:53+09:00,1791423600,0.4795170488289312,0.1610299465860146,0.1531924786638028
012520261008,2026-10-08,大宮,1,3,○,2026-10-08T10:17:53+09:00,1791423600,0.2471852932838646,0.2059502108562263,0.1398769474898176
012520261008,2026-10-08,大宮,1,5,▲,2026-10-08T10:17:53+09:00,1791423600,0.148193257427668,0.1380266058041077,0.1722250634941231
012520261008,2026-10-08,大宮,1,7,△,2026-10-08T10:17:53+09:00,1791423600,0.0667401187342173,0.1948693552788262,0.2166867645268115
012520261008,2026-10-08,大宮,1,4,☆,2026-10-08T10:17:53+09:00,1791423600,0.0515127894208692,0.1709295571061818,0.1461109116992725
012520261008,2026-10-08,大宮,1,2,印なし,2026-10-08T10:17:53+09:00,1791423600,0.0054056440491504,0.0705615365500023,0.1079961027520671
012520261008,2026-10-08,大宮,1,6,印なし,2026-10-08T10:17:53+09:00,1791423600,0.0014458482552991,0.0586327878186408,0.0639117313741052
013820261008,2026-10-08,静岡,1,1,◎,2026-10-08T10:17:53+09:00,1791424380,0.6568796972887943,0.1822098021489204,0.1811526573824354
013820261008,2026-10-08,静岡,1,4,○,2026-10-08T10:17:53+09:00,1791424380,0.1199588340338514,0.2227331513682566,0.2177797077681211
013820261008,2026-10-08,静岡,1,5,▲,2026-10-08T10:17:53+09:00,1791424380,0.060095087841644,0.1519487958368124,0.1156728876944795
013820261008,2026-10-08,静岡,1,3,△,2026-10-08T10:17:53+09:00,1791424380,0.0542715804225334,0.1251871336404577,0.1046852054196554
013820261008,2026-10-08,静岡,1,7,印なし,2026-10-08T10:17:53+09:00,1791424380,0.0489948401669477,0.1011139196105657,0.1076039169367368
013820261008,2026-10-08,静岡,1,6,印なし,2026-10-08T10:17:53+09:00,1791424380,0.0377414204130545,0.1063330323890038,0.120325262990698
013820261008,2026-10-08,静岡,1,2,☆,2026-10-08T10:17:53+09:00,1791424380,0.0220585398331744,0.1104741650059832,0.1527803618078734
022520261008,2026-10-08,大宮,2,3,◎,2026-10-08T10:38:02+09:00,1791425220,0.5945851509960536,0.2429939405007244,0.1602162518079848
022520261008,2026-10-08,大宮,2,4,○,2026-10-08T10:38:02+09:00,1791425220,0.3177853709087287,0.3642344879522549,0.1404029324878385
022520261008,2026-10-08,大宮,2,5,☆,2026-10-08T10:38:02+09:00,1791425220,0.0331002868798003,0.0887208860444853,0.1117913115804992
022520261008,2026-10-08,大宮,2,2,▲,2026-10-08T10:38:02+09:00,1791425220,0.0279214577179114,0.1017863421760255,0.2059713326923705
022520261008,2026-10-08,大宮,2,1,印なし,2026-10-08T10:38:02+09:00,1791425220,0.0225702536684712,0.0746988678294602,0.1160823777165319
022520261008,2026-10-08,大宮,2,7,△,2026-10-08T10:38:02+09:00,1791425220,0.0028677637712788,0.0995324779706356,0.2226688892502138
022520261008,2026-10-08,大宮,2,6,印なし,2026-10-08T10:38:02+09:00,1791425220,0.0011697160577558,0.0280329975264139,0.0428669044645609
023820261008,2026-10-08,静岡,2,4,◎,2026-10-08T11:01:12+09:00,1791426060,0.5808318792785117,0.1251207687467875,0.1498484558499792
023820261008,2026-10-08,静岡,2,5,○,2026-10-08T11:01:12+09:00,1791426060,0.203014415763633,0.2140896708746476,0.0827855114752723
023820261008,2026-10-08,静岡,2,1,▲,2026-10-08T11:01:12+09:00,1791426060,0.1137790018385476,0.2323986903710335,0.1113434477499876
023820261008,2026-10-08,静岡,2,2,△,2026-10-08T11:01:12+09:00,1791426060,0.0547700319980919,0.200646818962153,0.2418010898913268
023820261008,2026-10-08,静岡,2,3,☆,2026-10-08T11:01:12+09:00,1791426060,0.0363313551165708,0.1091268094775489,0.2243692480702791
023820261008,2026-10-08,静岡,2,7,印なし,2026-10-08T11:01:12+09:00,1791426060,0.0108607500266672,0.0996614956702204,0.1361636961241966
023820261008,2026-10-08,静岡,2,6,印なし,2026-10-08T11:01:12+09:00,1791426060,0.0004125659779775,0.0189557458976088,0.0536885508389581
032520261008,2026-10-08,大宮,3,5,◎,2026-10-08T11:01:12+09:00,1791426900,0.8625992775736113,0.3090921974409262,0.1986229354313537
032520261008,2026-10-08,大宮,3,3,▲,2026-10-08T11:01:12+09:00,1791426900,0.0870651609365001,0.1878012466440562,0.130527908909577
032520261008,2026-10-08,大宮,3,2,△,2026-10-08T11:01:12+09:00,1791426900,0.0136315002829031,0.1173145563257864,0.084401633712291
032520261008,2026-10-08,大宮,3,4,印なし,2026-10-08T11:01:12+09:00,1791426900,0.0122875036228291,0.0712147823470233,0.0910811965860258
032520261008,2026-10-08,大宮,3,1,○,2026-10-08T11:01:12+09:00,1791426900,0.0113519365125202,0.1724283333976677,0.2781152708215052
032520261008,2026-10-08,大宮,3,6,☆,2026-10-08T11:01:12+09:00,1791426900,0.0095957408227246,0.0708323308859433,0.132210734022588
032520261008,2026-10-08,大宮,3,7,印なし,2026-10-08T11:01:12+09:00,1791426900,0.0034688802489114,0.0713165529585966,0.0850403205166588
033820261008,2026-10-08,静岡,3,2,◎,2026-10-08T11:31:55+09:00,1791427740,0.6361166467649838,0.1333506541271897,0.1659173491817124
033820261008,2026-10-08,静岡,3,3,○,2026-10-08T11:31:55+09:00,1791427740,0.2876822859962139,0.3747648180365757,0.2903450477709882
033820261008,2026-10-08,静岡,3,7,▲,2026-10-08T11:31:55+09:00,1791427740,0.0398775687896419,0.2089362214727877,0.0964765755925498
033820261008,2026-10-08,静岡,3,5,△,2026-10-08T11:31:55+09:00,1791427740,0.0266417949002656,0.1259216606960603,0.190006815896901
033820261008,2026-10-08,静岡,3,1,☆,2026-10-08T11:31:55+09:00,1791427740,0.0072682293853825,0.1034844602611489,0.1117849844498583
033820261008,2026-10-08,静岡,3,4,印なし,2026-10-08T11:31:55+09:00,1791427740,0.0017519211883582,0.038635247829046,0.0908448452085456
033820261008,2026-10-08,静岡,3,6,印なし,2026-10-08T11:31:55+09:00,1791427740,0.0006615529751538,0.0149069375771916,0.0546243818994445
042520261008,2026-10-08,大宮,4,7,◎,2026-10-08T11:31:55+09:00,1791428580,0.693909789569886,0.249015184459604,0.0918157736599458
042520261008,2026-10-08,大宮,4,2,○,2026-10-08T11:31:55+09:00,1791428580,0.2066262111496752,0.2979358338914223,0.2639385982836237
042520261008,2026-10-08,大宮,4,3,▲,2026-10-08T11:31:55+09:00,1791428580,0.0358870064010668,0.1402956365891591,0.1510451506685739
042520261008,2026-10-08,大宮,4,1,☆,2026-10-08T11:31:55+09:00,1791428580,0.0229138810549303,0.0914359287808196,0.1353403578840143
042520261008,2026-10-08,大宮,4,4,△,2026-10-08T11:31:55+09:00,1791428580,0.0162378218757564,0.1110271422007337,0.2096609667267071
042520261008,2026-10-08,大宮,4,5,印なし,2026-10-08T11:31:55+09:00,1791428580,0.0134888909676712,0.0638073135897465,0.0784965375125437
042520261008,2026-10-08,大宮,4,6,印なし,2026-10-08T11:31:55+09:00,1791428580,0.0109363989810137,0.0464829604885144,0.0697026152645912
043820261008,2026-10-08,静岡,4,2,◎,2026-10-08T11:44:55+09:00,1791429420,0.8940266155806903,0.404415032162487,0.5255769049005874
043820261008,2026-10-08,静岡,4,5,△,2026-10-08T11:44:55+09:00,1791429420,0.0655087352044626,0.0939827142802467,0.0680181461211995
043820261008,2026-10-08,静岡,4,1,○,2026-10-08T11:44:55+09:00,1791429420,0.0332416108345917,0.2052349612083652,0.0879152427261875
043820261008,2026-10-08,静岡,4,3,☆,2026-10-08T11:44:55+09:00,1791429420,0.003092502444437,0.081134302270143,0.1009800635630651
043820261008,2026-10-08,静岡,4,4,▲,2026-10-08T11:44:55+09:00,1791429420,0.0022108400222044,0.1485461903300999,0.1167878927934505
043820261008,2026-10-08,静岡,4,7,印なし,2026-10-08T11:44:55+09:00,1791429420,0.001214748698305,0.0356522678835258,0.0451603289935269
043820261008,2026-10-08,静岡,4,6,印なし,2026-10-08T11:44:55+09:00,1791429420,0.000704947215309,0.0310345318651322,0.0555614209019829
053820261008,2026-10-08,静岡,5,7,◎,2026-10-08T12:38:24+09:00,1791431220,0.9610589989130952,0.4704114082094225,0.4094653618640161
053820261008,2026-10-08,静岡,5,3,▲,2026-10-08T12:38:24+09:00,1791431220,0.0166814419477756,0.0900741768830438,0.0867026224661907
053820261008,2026-10-08,静岡,5,5,△,2026-10-08T12:38:24+09:00,1791431220,0.0090716239065721,0.0802852560334367,0.0916584919312977
053820261008,2026-10-08,静岡,5,2,☆,2026-10-08T12:38:24+09:00,1791431220,0.0055620868805969,0.0520278166070289,0.062807627074533
053820261008,2026-10-08,静岡,5,4,○,2026-10-08T12:38:24+09:00,1791431220,0.0046814569806513,0.2379186494623081,0.2030069860868488
053820261008,2026-10-08,静岡,5,6,印なし,2026-10-08T12:38:24+09:00,1791431220,0.0021503195376264,0.0408822217344533,0.0602777726940492
053820261008,2026-10-08,静岡,5,1,印なし,2026-10-08T12:38:24+09:00,1791431220,0.0007940718336823,0.0284004710703066,0.0860811378830642
062520261008,2026-10-08,大宮,6,1,◎,2026-10-08T12:38:24+09:00,1791432120,0.5369333161908633,0.1534539767228219,0.1245882320968718
062520261008,2026-10-08,大宮,6,7,○,2026-10-08T12:38:24+09:00,1791432120,0.1728502384850971,0.3060805693318243,0.2446020413245063
062520261008,2026-10-08,大宮,6,2,▲,2026-10-08T12:38:24+09:00,1791432120,0.0999793369532226,0.1614027452357333,0.1412778028154713
062520261008,2026-10-08,大宮,6,3,△,2026-10-08T12:38:24+09:00,1791432120,0.0940214959653658,0.1112409254596983,0.0963693225543213
062520261008,2026-10-08,大宮,6,5,☆,2026-10-08T12:38:24+09:00,1791432120,0.0745058152382123,0.1181718394193976,0.0874346977673586
062520261008,2026-10-08,大宮,6,4,印なし,2026-10-08T12:38:24+09:00,1791432120,0.0119129627603444,0.0793061066242842,0.2270397564507784
062520261008,2026-10-08,大宮,6,6,印なし,2026-10-08T12:38:24+09:00,1791432120,0.0097968344068943,0.0703438372062403,0.0786881469906921
063820261008,2026-10-08,静岡,6,4,◎,2026-10-08T12:38:24+09:00,1791433020,0.8703621728006539,0.2821981807121234,0.2268230890776972
063820261008,2026-10-08,静岡,6,5,△,2026-10-08T12:38:24+09:00,1791433020,0.054378805004128,0.1251289386045629,0.0856001009412248
063820261008,2026-10-08,静岡,6,3,▲,2026-10-08T12:38:24+09:00,1791433020,0.024569547511468,0.1640363617375526,0.1431281229547067
063820261008,2026-10-08,静岡,6,7,○,2026-10-08T12:38:24+09:00,1791433020,0.023822911389621,0.195322927323216,0.216306795861094
063820261008,2026-10-08,静岡,6,1,☆,2026-10-08T12:38:24+09:00,1791433020,0.0231656455915675,0.0986227098775869,0.1195850546376966
063820261008,2026-10-08,静岡,6,2,印なし,2026-10-08T12:38:24+09:00,1791433020,0.0027546064626298,0.0871202651399248,0.1487798559991018
063820261008,2026-10-08,静岡,6,6,印なし,2026-10-08T12:38:24+09:00,1791433020,0.0009463112399315,0.0475706166050331,0.0597769805284787
072520261008,2026-10-08,大宮,7,2,◎,2026-10-08T13:14:23+09:00,1791433920,0.7522302674658656,0.19326324959483313,0.20937194891457203
072520261008,2026-10-08,大宮,7,5,○,2026-10-08T13:14:23+09:00,1791433920,0.08991793774081995,0.2296967474702737,0.14275431354288334
072520261008,2026-10-08,大宮,7,1,▲,2026-10-08T13:14:23+09:00,1791433920,0.069755164906858,0.16023918611667784,0.19232349419964073
072520261008,2026-10-08,大宮,7,4,△,2026-10-08T13:14:23+09:00,1791433920,0.04262703054716361,0.15161804489226988,0.2050459282367541
072520261008,2026-10-08,大宮,7,7,印なし,2026-10-08T13:14:23+09:00,1791433920,0.02162127709348002,0.09800229946674288,0.06613171475873147
072520261008,2026-10-08,大宮,7,3,☆,2026-10-08T13:14:23+09:00,1791433920,0.01838310064207453,0.1036842058642961,0.10844324908781557
072520261008,2026-10-08,大宮,7,6,印なし,2026-10-08T13:14:23+09:00,1791433920,0.005465221603738294,0.0634962665949064,0.0759293512596027
073820261008,2026-10-08,静岡,7,1,○,2026-10-08T13:14:23+09:00,1791434820,0.3172672925004104,0.11194850606876774,0.07190611948649187
073820261008,2026-10-08,静岡,7,2,◎,2026-10-08T13:14:23+09:00,1791434820,0.3085889571944001,0.1568054016079595,0.1441105279165958
073820261008,2026-10-08,静岡,7,7,▲,2026-10-08T13:14:23+09:00,1791434820,0.17722731829110375,0.1972078679662811,0.27895091810152234
073820261008,2026-10-08,静岡,7,4,△,2026-10-08T13:14:23+09:00,1791434820,0.10674801575862831,0.2630173122221886,0.11995139634253735
073820261008,2026-10-08,静岡,7,3,☆,2026-10-08T13:14:23+09:00,1791434820,0.05704489941233042,0.11753149230065886,0.14763605185452652
073820261008,2026-10-08,静岡,7,6,印なし,2026-10-08T13:14:23+09:00,1791434820,0.028491073602535114,0.07207666968235898,0.07261074890721733
073820261008,2026-10-08,静岡,7,5,印なし,2026-10-08T13:14:23+09:00,1791434820,0.00463244324059203,0.08141275015178515,0.16483423739110872
