date,venue,race_no,race_id,start_at,close_at,seconds_to_close_at_prediction,strategy_version,bet_type,bet_label,candidate_rank,buy,prob,odds_used,expected_profit_100yen,is_selected,stake_yen,return_if_hit_yen,profit_if_hit_yen,loss_amount_yen,expected_profit_yen,purchase_authorized,authorization_reason,model_sha256,prediction_created_at_jst,odds_snapshot
2026-09-26,青森,4,041220260926,1790383200,1790382900,1045,near_close_v2_20260805,quinella_place,ワイド,2,3-4,0.3431568089682079,16.1,452,True,10000,161000.0,151000.0,10000,45200.0,False,external holdout ROI target was not met,02f306055c6d5e2aa86381af2f1bff6fb6d903971941dfd9ad4dfe47a943b6cd,2026-09-26T09:17:34+09:00,5-40 minutes before close
2026-09-26,別府,3,038620260926,1790407920,1790407620,781,near_close_v2_20260805,trifecta,3連単,1,2-4-3,0.1484001416688044,61.6,814,True,10000,616000.0,606000.0,10000,81400.0,False,external holdout ROI target was not met,02f306055c6d5e2aa86381af2f1bff6fb6d903971941dfd9ad4dfe47a943b6cd,2026-09-26T16:13:59+09:00,5-40 minutes before close
2026-09-26,奈良,5,055320260926,1790428680,1790428380,1699,near_close_v2_20260805,quinella_place,ワイド,1,1-2,0.7741004256006809,5.5,326,True,4500,24750.0,20250.0,4500,14670.0,False,external holdout ROI target was not met,02f306055c6d5e2aa86381af2f1bff6fb6d903971941dfd9ad4dfe47a943b6cd,2026-09-26T21:44:40+09:00,5-40 minutes before close
2026-09-26,奈良,5,055320260926,1790428680,1790428380,1699,near_close_v2_20260805,trifecta,3連単,1,1-2-4,0.1900640054626736,60.1,1042,True,3500,210350.0,206850.0,3500,36470.0,False,external holdout ROI target was not met,02f306055c6d5e2aa86381af2f1bff6fb6d903971941dfd9ad4dfe47a943b6cd,2026-09-26T21:44:40+09:00,5-40 minutes before close
2026-09-26,奈良,5,055320260926,1790428680,1790428380,1699,near_close_v2_20260805,trifecta,3連単,2,2-1-4,0.126528510049027,75.6,857,True,2000,151200.0,149200.0,2000,17140.0,False,external holdout ROI target was not met,02f306055c6d5e2aa86381af2f1bff6fb6d903971941dfd9ad4dfe47a943b6cd,2026-09-26T21:44:40+09:00,5-40 minutes before close
2026-09-27,青森,2,021220260927,1790466600,1790466300,321,near_close_v2_20260805,exacta,2車単,1,7-5,0.2483283823066531,51.4,1176,True,5800,298120.0,292320.0,5800,68208.0,False,external holdout ROI target was not met,02f306055c6d5e2aa86381af2f1bff6fb6d903971941dfd9ad4dfe47a943b6cd,2026-09-27T08:39:39+09:00,5-40 minutes before close
2026-09-27,青森,2,021220260927,1790466600,1790466300,321,near_close_v2_20260805,trifecta,3連単,2,7-5-1,0.0764616022600983,202.0,1445,True,2200,444400.0,442200.0,2200,31790.0,False,external holdout ROI target was not met,02f306055c6d5e2aa86381af2f1bff6fb6d903971941dfd9ad4dfe47a943b6cd,2026-09-27T08:39:39+09:00,5-40 minutes before close
2026-09-27,青森,2,021220260927,1790466600,1790466300,321,near_close_v2_20260805,trifecta,3連単,1,7-5-3,0.0764651086615339,179.7,1274,True,2000,359400.0,357400.0,2000,25480.0,False,external holdout ROI target was not met,02f306055c6d5e2aa86381af2f1bff6fb6d903971941dfd9ad4dfe47a943b6cd,2026-09-27T08:39:39+09:00,5-40 minutes before close
2026-09-27,岐阜,7,074320260927,1790500080,1790499780,1263,near_close_v2_20260805,trifecta,3連単,2,9-2-1,0.0841935512366633,124.8,951,True,10000,1248000.0,1238000.0,10000,95100.0,False,external holdout ROI target was not met,02f306055c6d5e2aa86381af2f1bff6fb6d903971941dfd9ad4dfe47a943b6cd,2026-09-27T17:41:57+09:00,5-40 minutes before close
2026-09-27,岐阜,12,124320260927,1790508600,1790508300,696,near_close_v2_20260805,trifecta,3連単,3,7-2-1,0.0862243837840696,133.5,1051,True,10000,1335000.0,1325000.0,10000,105100.0,False,external holdout ROI target was not met,02f306055c6d5e2aa86381af2f1bff6fb6d903971941dfd9ad4dfe47a943b6cd,2026-09-27T20:13:23+09:00,5-40 minutes before close
2026-09-27,いわき平,7,071320260927,1790516400,1790516100,1263,near_close_v2_20260805,exacta,2車単,2,2-3,0.1964517870307037,64.0,1157,True,10000,640000.0,630000.0,10000,115700.0,False,external holdout ROI target was not met,02f306055c6d5e2aa86381af2f1bff6fb6d903971941dfd9ad4dfe47a943b6cd,2026-09-27T22:13:56+09:00,5-40 minutes before close
2026-09-27,玉野,8,086120260927,1790518200,1790517900,1427,near_close_v2_20260805,quinella_place,ワイド,2,1-5,0.4327804463899753,13.1,467,True,10000,131000.0,121000.0,10000,46700.0,False,external holdout ROI target was not met,02f306055c6d5e2aa86381af2f1bff6fb6d903971941dfd9ad4dfe47a943b6cd,2026-09-27T22:41:12+09:00,5-40 minutes before close
2026-09-27,いわき平,9,091320260927,1790518800,1790518500,2027,near_close_v2_20260805,trifecta,3連単,1,1-2-4,0.1509409822874615,78.9,1091,True,6200,489180.0,482980.0,6200,67642.0,False,external holdout ROI target was not met,02f306055c6d5e2aa86381af2f1bff6fb6d903971941dfd9ad4dfe47a943b6cd,2026-09-27T22:41:12+09:00,5-40 minutes before close
2026-09-27,いわき平,9,091320260927,1790518800,1790518500,2027,near_close_v2_20260805,trifecta,3連単,3,1-4-2,0.0927736816032927,126.4,1073,True,3800,480320.0,476520.0,3800,40774.0,False,external holdout ROI target was not met,02f306055c6d5e2aa86381af2f1bff6fb6d903971941dfd9ad4dfe47a943b6cd,2026-09-27T22:41:12+09:00,5-40 minutes before close
2026-09-28,広島,2,026220260928,1790561340,1790561040,1300,near_close_v2_20260805,quinella_place,ワイド,1,2-5,0.2473744932110352,19.0,370,True,10000,190000.0,180000.0,10000,37000.0,False,external holdout ROI target was not met,02f306055c6d5e2aa86381af2f1bff6fb6d903971941dfd9ad4dfe47a943b6cd,2026-09-28T10:42:20+09:00,5-40 minutes before close
2026-09-28,岸和田,3,035620260928,1790563740,1790563440,1620,near_close_v2_20260805,trifecta,3連単,2,3-6-5,0.1515904914998962,98.7,1396,True,10000,987000.0,977000.0,10000,139600.0,False,external holdout ROI target was not met,02f306055c6d5e2aa86381af2f1bff6fb6d903971941dfd9ad4dfe47a943b6cd,2026-09-28T11:16:59+09:00,5-40 minutes before close
2026-09-28,広島,8,086220260928,1790570460,1790570160,1185,near_close_v2_20260805,quinella_place,ワイド,3,3-4,0.2479008563036281,48.1,1092,True,10000,481000.0,471000.0,10000,109200.0,False,external holdout ROI target was not met,02f306055c6d5e2aa86381af2f1bff6fb6d903971941dfd9ad4dfe47a943b6cd,2026-09-28T13:16:14+09:00,5-40 minutes before close
2026-09-28,岸和田,8,085620260928,1790571660,1790571360,609,near_close_v2_20260805,exacta,2車単,1,1-7,0.2972075619642279,30.9,818,True,4000,123600.0,119600.0,4000,32720.0,False,external holdout ROI target was not met,02f306055c6d5e2aa86381af2f1bff6fb6d903971941dfd9ad4dfe47a943b6cd,2026-09-28T13:45:51+09:00,5-40 minutes before close
2026-09-28,岸和田,8,085620260928,1790571660,1790571360,609,near_close_v2_20260805,trifecta,3連単,2,7-1-5,0.1166351089220231,176.9,1963,True,3700,654530.0,650830.0,3700,72631.0,False,external holdout ROI target was not met,02f306055c6d5e2aa86381af2f1bff6fb6d903971941dfd9ad4dfe47a943b6cd,2026-09-28T13:45:51+09:00,5-40 minutes before close
2026-09-28,岸和田,8,085620260928,1790571660,1790571360,609,near_close_v2_20260805,trifecta,3連単,1,1-7-5,0.1302493195377425,89.1,1061,True,2300,204930.0,202630.0,2300,24403.0,False,external holdout ROI target was not met,02f306055c6d5e2aa86381af2f1bff6fb6d903971941dfd9ad4dfe47a943b6cd,2026-09-28T13:45:51+09:00,5-40 minutes before close
2026-09-28,武雄,9,098420260928,1790572860,1790572560,1809,near_close_v2_20260805,quinella_place,ワイド,3,1-6,0.3184997240732543,16.8,435,True,10000,168000.0,158000.0,10000,43500.0,False,external holdout ROI target was not met,02f306055c6d5e2aa86381af2f1bff6fb6d903971941dfd9ad4dfe47a943b6cd,2026-09-28T13:45:51+09:00,5-40 minutes before close
2026-09-28,武雄,10,108420260928,1790574780,1790574480,1879,near_close_v2_20260805,exacta,2車単,7,2-3,0.0623803638751755,153.8,859,True,10000,1538000.0,1528000.0,10000,85900.0,False,external holdout ROI target was not met,02f306055c6d5e2aa86381af2f1bff6fb6d903971941dfd9ad4dfe47a943b6cd,2026-09-28T14:16:40+09:00,5-40 minutes before close
2026-09-28,平塚,1,013520260928,1790577240,1790576940,548,near_close_v2_20260805,quinella_place,ワイド,3,3-4,0.548885877059893,7.8,328,True,10000,78000.0,68000.0,10000,32800.0,False,external holdout ROI target was not met,02f306055c6d5e2aa86381af2f1bff6fb6d903971941dfd9ad4dfe47a943b6cd,2026-09-28T15:19:52+09:00,5-40 minutes before close
2026-09-28,平塚,4,043520260928,1790582040,1790581740,1918,near_close_v2_20260805,quinella_place,ワイド,3,5-7,0.1532961769285186,81.3,1146,True,10000,813000.0,803000.0,10000,114600.0,False,external holdout ROI target was not met,02f306055c6d5e2aa86381af2f1bff6fb6d903971941dfd9ad4dfe47a943b6cd,2026-09-28T16:17:01+09:00,5-40 minutes before close
2026-09-28,玉野,7,076120260928,1790603400,1790603100,1738,near_close_v2_20260805,quinella_place,ワイド,1,3-4,0.4557951618337296,9.3,324,True,10000,93000.0,83000.0,10000,32400.0,False,external holdout ROI target was not met,02f306055c6d5e2aa86381af2f1bff6fb6d903971941dfd9ad4dfe47a943b6cd,2026-09-28T22:16:01+09:00,5-40 minutes before close
2026-09-29,防府,1,016320260929,1790638200,1790637900,750,near_close_v2_20260805,trifecta,3連単,1,5-1-7,0.10580486215090691,52.5,455,True,2600,136500.0,133900.0,2600,11830.0,False,external holdout ROI target was not met,02f306055c6d5e2aa86381af2f1bff6fb6d903971941dfd9ad4dfe47a943b6cd,2026-09-29T08:12:29+09:00,5-40 minutes before close
2026-09-29,防府,1,016320260929,1790638200,1790637900,750,near_close_v2_20260805,trifecta,3連単,2,5-7-1,0.09089267163800006,24.7,125,True,600,14820.0,14220.0,600,750.0,False,external holdout ROI target was not met,02f306055c6d5e2aa86381af2f1bff6fb6d903971941dfd9ad4dfe47a943b6cd,2026-09-29T08:12:29+09:00,5-40 minutes before close
2026-09-29,防府,1,016320260929,1790638200,1790637900,750,near_close_v2_20260805,trifecta,3連単,3,1-5-7,0.08559023679137387,88.3,656,True,3000,264900.0,261900.0,3000,19680.0,False,external holdout ROI target was not met,02f306055c6d5e2aa86381af2f1bff6fb6d903971941dfd9ad4dfe47a943b6cd,2026-09-29T08:12:29+09:00,5-40 minutes before close
2026-09-29,防府,1,016320260929,1790638200,1790637900,750,near_close_v2_20260805,trifecta,3連単,4,7-5-1,0.0683978265507398,24.8,70,True,300,7440.0,7140.0,300,210.0,False,external holdout ROI target was not met,02f306055c6d5e2aa86381af2f1bff6fb6d903971941dfd9ad4dfe47a943b6cd,2026-09-29T08:12:29+09:00,5-40 minutes before close
2026-09-29,防府,1,016320260929,1790638200,1790637900,750,near_close_v2_20260805,trifecta,3連単,5,1-7-5,0.05410095407812644,53.9,192,True,600,32340.0,31740.0,600,1152.0,False,external holdout ROI target was not met,02f306055c6d5e2aa86381af2f1bff6fb6d903971941dfd9ad4dfe47a943b6cd,2026-09-29T08:12:29+09:00,5-40 minutes before close
2026-09-29,防府,1,016320260929,1790638200,1790637900,750,near_close_v2_20260805,trifecta,3連単,6,7-1-5,0.05032685069791887,20.0,1,True,100,2000.0,1900.0,100,1.0,False,external holdout ROI target was not met,02f306055c6d5e2aa86381af2f1bff6fb6d903971941dfd9ad4dfe47a943b6cd,2026-09-29T08:12:29+09:00,5-40 minutes before close
2026-09-29,防府,1,016320260929,1790638200,1790637900,750,near_close_v2_20260805,trifecta,3連単,7,5-1-3,0.04458936188122216,72.5,223,True,600,43500.0,42900.0,600,1338.0,False,external holdout ROI target was not met,02f306055c6d5e2aa86381af2f1bff6fb6d903971941dfd9ad4dfe47a943b6cd,2026-09-29T08:12:29+09:00,5-40 minutes before close
2026-09-29,防府,1,016320260929,1790638200,1790637900,750,near_close_v2_20260805,trifecta,3連単,8,1-5-3,0.0360703087193366,125.1,351,True,700,87570.0,86870.0,700,2457.0,False,external holdout ROI target was not met,02f306055c6d5e2aa86381af2f1bff6fb6d903971941dfd9ad4dfe47a943b6cd,2026-09-29T08:12:29+09:00,5-40 minutes before close
2026-09-29,防府,1,016320260929,1790638200,1790637900,750,near_close_v2_20260805,trifecta,3連単,13,3-5-1,0.019281881361567645,76.6,48,True,100,7660.0,7560.0,100,48.0,False,external holdout ROI target was not met,02f306055c6d5e2aa86381af2f1bff6fb6d903971941dfd9ad4dfe47a943b6cd,2026-09-29T08:12:29+09:00,5-40 minutes before close
2026-09-29,防府,1,016320260929,1790638200,1790637900,750,near_close_v2_20260805,trifecta,3連単,14,1-3-5,0.01866519022028104,205.1,283,True,300,61530.0,61230.0,300,849.0,False,external holdout ROI target was not met,02f306055c6d5e2aa86381af2f1bff6fb6d903971941dfd9ad4dfe47a943b6cd,2026-09-29T08:12:29+09:00,5-40 minutes before close
2026-09-29,防府,1,016320260929,1790638200,1790637900,750,near_close_v2_20260805,trifecta,3連単,16,3-1-5,0.015111357837876193,175.4,165,True,200,35080.0,34880.0,200,330.0,False,external holdout ROI target was not met,02f306055c6d5e2aa86381af2f1bff6fb6d903971941dfd9ad4dfe47a943b6cd,2026-09-29T08:12:29+09:00,5-40 minutes before close
2026-09-29,防府,1,016320260929,1790638200,1790637900,750,near_close_v2_20260805,trifecta,3連単,18,5-1-2,0.012525026601545579,262.7,229,True,200,52540.0,52340.0,200,458.0,False,external holdout ROI target was not met,02f306055c6d5e2aa86381af2f1bff6fb6d903971941dfd9ad4dfe47a943b6cd,2026-09-29T08:12:29+09:00,5-40 minutes before close
2026-09-29,防府,1,016320260929,1790638200,1790637900,750,near_close_v2_20260805,trifecta,3連単,23,1-3-7,0.00951850632647005,171.5,63,True,100,17150.0,17050.0,100,63.0,False,external holdout ROI target was not met,02f306055c6d5e2aa86381af2f1bff6fb6d903971941dfd9ad4dfe47a943b6cd,2026-09-29T08:12:29+09:00,5-40 minutes before close
2026-09-29,防府,1,016320260929,1790638200,1790637900,750,near_close_v2_20260805,trifecta,3連単,27,3-1-7,0.007706192837246721,179.3,38,True,100,17930.0,17830.0,100,38.0,False,external holdout ROI target was not met,02f306055c6d5e2aa86381af2f1bff6fb6d903971941dfd9ad4dfe47a943b6cd,2026-09-29T08:12:29+09:00,5-40 minutes before close
2026-09-29,防府,1,016320260929,1790638200,1790637900,750,near_close_v2_20260805,trifecta,3連単,28,5-2-1,0.00737604327730392,416.7,207,True,100,41670.0,41570.0,100,207.0,False,external holdout ROI target was not met,02f306055c6d5e2aa86381af2f1bff6fb6d903971941dfd9ad4dfe47a943b6cd,2026-09-29T08:12:29+09:00,5-40 minutes before close
2026-09-29,防府,1,016320260929,1790638200,1790637900,750,near_close_v2_20260805,trifecta,3連単,31,1-5-4,0.006302635431626562,275.5,74,True,100,27550.0,27450.0,100,74.0,False,external holdout ROI target was not met,02f306055c6d5e2aa86381af2f1bff6fb6d903971941dfd9ad4dfe47a943b6cd,2026-09-29T08:12:29+09:00,5-40 minutes before close
2026-09-29,防府,1,016320260929,1790638200,1790637900,750,near_close_v2_20260805,trifecta,3連単,32,5-2-7,0.005803964385053769,268.1,56,True,100,26810.0,26710.0,100,56.0,False,external holdout ROI target was not met,02f306055c6d5e2aa86381af2f1bff6fb6d903971941dfd9ad4dfe47a943b6cd,2026-09-29T08:12:29+09:00,5-40 minutes before close
2026-09-29,防府,1,016320260929,1790638200,1790637900,750,near_close_v2_20260805,trifecta,3連単,36,5-4-1,0.004516188320947413,234.7,6,True,100,23470.0,23370.0,100,6.0,False,external holdout ROI target was not met,02f306055c6d5e2aa86381af2f1bff6fb6d903971941dfd9ad4dfe47a943b6cd,2026-09-29T08:12:29+09:00,5-40 minutes before close
2026-09-29,防府,1,016320260929,1790638200,1790637900,750,near_close_v2_20260805,trifecta,3連単,37,5-1-6,0.003969348287162433,336.8,34,True,100,33680.0,33580.0,100,34.0,False,external holdout ROI target was not met,02f306055c6d5e2aa86381af2f1bff6fb6d903971941dfd9ad4dfe47a943b6cd,2026-09-29T08:12:29+09:00,5-40 minutes before close
2026-09-29,防府,2,026320260929,1790639400,1790639100,1950,near_close_v2_20260805,trifecta,3連単,1,5-2-1,0.1944975790514894,16.7,225,True,3900,65130.0,61230.0,3900,8775.0,False,external holdout ROI target was not met,02f306055c6d5e2aa86381af2f1bff6fb6d903971941dfd9ad4dfe47a943b6cd,2026-09-29T08:12:29+09:00,5-40 minutes before close
2026-09-29,防府,2,026320260929,1790639400,1790639100,1950,near_close_v2_20260805,trifecta,3連単,2,5-2-7,0.1755142449648179,12.1,112,True,1800,21780.0,19980.0,1800,2016.0,False,external holdout ROI target was not met,02f306055c6d5e2aa86381af2f1bff6fb6d903971941dfd9ad4dfe47a943b6cd,2026-09-29T08:12:29+09:00,5-40 minutes before close
2026-09-29,防府,2,026320260929,1790639400,1790639100,1950,near_close_v2_20260805,trifecta,3連単,4,5-7-2,0.0771301731291139,15.5,20,True,200,3100.0,2900.0,200,40.0,False,external holdout ROI target was not met,02f306055c6d5e2aa86381af2f1bff6fb6d903971941dfd9ad4dfe47a943b6cd,2026-09-29T08:12:29+09:00,5-40 minutes before close
2026-09-29,防府,2,026320260929,1790639400,1790639100,1950,near_close_v2_20260805,trifecta,3連単,5,2-5-1,0.06862397369133108,52.8,262,True,1700,89760.0,88060.0,1700,4454.0,False,external holdout ROI target was not met,02f306055c6d5e2aa86381af2f1bff6fb6d903971941dfd9ad4dfe47a943b6cd,2026-09-29T08:12:29+09:00,5-40 minutes before close
2026-09-29,防府,2,026320260929,1790639400,1790639100,1950,near_close_v2_20260805,trifecta,3連単,6,2-5-7,0.06192614318212651,43.5,169,True,1000,43500.0,42500.0,1000,1690.0,False,external holdout ROI target was not met,02f306055c6d5e2aa86381af2f1bff6fb6d903971941dfd9ad4dfe47a943b6cd,2026-09-29T08:12:29+09:00,5-40 minutes before close
2026-09-29,防府,2,026320260929,1790639400,1790639100,1950,near_close_v2_20260805,trifecta,3連単,7,5-2-6,0.03387701423777804,60.5,105,True,400,24200.0,23800.0,400,420.0,False,external holdout ROI target was not met,02f306055c6d5e2aa86381af2f1bff6fb6d903971941dfd9ad4dfe47a943b6cd,2026-09-29T08:12:29+09:00,5-40 minutes before close
2026-09-29,防府,2,026320260929,1790639400,1790639100,1950,near_close_v2_20260805,trifecta,3連単,10,7-5-2,0.02328846859409224,51.5,20,True,100,5150.0,5050.0,100,20.0,False,external holdout ROI target was not met,02f306055c6d5e2aa86381af2f1bff6fb6d903971941dfd9ad4dfe47a943b6cd,2026-09-29T08:12:29+09:00,5-40 minutes before close
2026-09-29,防府,2,026320260929,1790639400,1790639100,1950,near_close_v2_20260805,trifecta,3連単,13,5-2-3,0.01704447360631282,74.4,27,True,100,7440.0,7340.0,100,27.0,False,external holdout ROI target was not met,02f306055c6d5e2aa86381af2f1bff6fb6d903971941dfd9ad4dfe47a943b6cd,2026-09-29T08:12:29+09:00,5-40 minutes before close
2026-09-29,防府,2,026320260929,1790639400,1790639100,1950,near_close_v2_20260805,trifecta,3連単,14,5-6-2,0.013059485627034967,112.6,47,True,100,11260.0,11160.0,100,47.0,False,external holdout ROI target was not met,02f306055c6d5e2aa86381af2f1bff6fb6d903971941dfd9ad4dfe47a943b6cd,2026-09-29T08:12:29+09:00,5-40 minutes before close
2026-09-29,防府,2,026320260929,1790639400,1790639100,1950,near_close_v2_20260805,trifecta,3連単,15,2-5-6,0.01195272118620402,161.9,94,True,200,32380.0,32180.0,200,188.0,False,external holdout ROI target was not met,02f306055c6d5e2aa86381af2f1bff6fb6d903971941dfd9ad4dfe47a943b6cd,2026-09-29T08:12:29+09:00,5-40 minutes before close
2026-09-29,防府,2,026320260929,1790639400,1790639100,1950,near_close_v2_20260805,trifecta,3連単,17,5-4-2,0.009085210551781431,128.1,16,True,100,12810.0,12710.0,100,16.0,False,external holdout ROI target was not met,02f306055c6d5e2aa86381af2f1bff6fb6d903971941dfd9ad4dfe47a943b6cd,2026-09-29T08:12:29+09:00,5-40 minutes before close
2026-09-29,防府,2,026320260929,1790639400,1790639100,1950,near_close_v2_20260805,trifecta,3連単,22,5-3-2,0.006476097363654926,219.9,42,True,100,21990.0,21890.0,100,42.0,False,external holdout ROI target was not met,02f306055c6d5e2aa86381af2f1bff6fb6d903971941dfd9ad4dfe47a943b6cd,2026-09-29T08:12:29+09:00,5-40 minutes before close
2026-09-29,防府,2,026320260929,1790639400,1790639100,1950,near_close_v2_20260805,trifecta,3連単,25,2-5-3,0.006013748418084698,250.7,51,True,100,25070.0,24970.0,100,51.0,False,external holdout ROI target was not met,02f306055c6d5e2aa86381af2f1bff6fb6d903971941dfd9ad4dfe47a943b6cd,2026-09-29T08:12:29+09:00,5-40 minutes before close
2026-09-29,防府,2,026320260929,1790639400,1790639100,1950,near_close_v2_20260805,trifecta,3連単,27,6-5-2,0.003806072816966229,274.3,4,True,100,27430.0,27330.0,100,4.0,False,external holdout ROI target was not met,02f306055c6d5e2aa86381af2f1bff6fb6d903971941dfd9ad4dfe47a943b6cd,2026-09-29T08:12:29+09:00,5-40 minutes before close
2026-09-29,防府,2,026320260929,1790639400,1790639100,1950,near_close_v2_20260805,trifecta,3連単,32,4-5-2,0.00264125586232257,496.1,31,True,100,49610.0,49510.0,100,31.0,False,external holdout ROI target was not met,02f306055c6d5e2aa86381af2f1bff6fb6d903971941dfd9ad4dfe47a943b6cd,2026-09-29T08:12:29+09:00,5-40 minutes before close
