date,venue,race_no,race_id,start_at_x,close_at_x,seconds_to_close_at_prediction,strategy_version,bet_type,bet_label,candidate_rank,buy,prob,odds_used,expected_profit_100yen,is_selected,stake_yen,return_if_hit_yen,profit_if_hit_yen,loss_amount_yen,expected_profit_yen,purchase_authorized,authorization_reason,model_sha256,prediction_created_at_jst,odds_snapshot,actual_trifecta,actual_trifecta_odds,race_status,start_at_y,close_at_y,decided_at,official_result_available,source_url,actual_trio,actual_exacta,actual_quinella,actual_bracket_exacta,actual_bracket_quinella,actual_quinella_place,payouts_trifecta_json,payouts_trio_json,payouts_exacta_json,payouts_quinella_json,payouts_quinella_place_json,payouts_bracket_exacta_json,payouts_bracket_quinella_json,actual_for_bet_type,is_decided,display_status,is_hit,actual_return_yen,actual_profit_yen
2026-09-26,別府,3,038620260926,1790407920,1790407620,781,near_close_v2_20260805,trifecta,3連単,1,2-4-3,0.1484001416688044,61.6,814,True,10000,616000.0,606000.0,10000,81400.0,False,external holdout ROI target was not met,02f306055c6d5e2aa86381af2f1bff6fb6d903971941dfd9ad4dfe47a943b6cd,2026-09-26T16:13:59+09:00,5-40 minutes before close,,,,,,,,,,,,,,,,,,,,,,,False,結果取得待ち,False,,
2026-09-26,奈良,5,055320260926,1790428680,1790428380,1699,near_close_v2_20260805,quinella_place,ワイド,1,1-2,0.7741004256006809,5.5,326,True,4500,24750.0,20250.0,4500,14670.0,False,external holdout ROI target was not met,02f306055c6d5e2aa86381af2f1bff6fb6d903971941dfd9ad4dfe47a943b6cd,2026-09-26T21:44:40+09:00,5-40 minutes before close,,,,,,,,,,,,,,,,,,,,,,,False,結果取得待ち,False,,
2026-09-26,奈良,5,055320260926,1790428680,1790428380,1699,near_close_v2_20260805,trifecta,3連単,1,1-2-4,0.1900640054626736,60.1,1042,True,3500,210350.0,206850.0,3500,36470.0,False,external holdout ROI target was not met,02f306055c6d5e2aa86381af2f1bff6fb6d903971941dfd9ad4dfe47a943b6cd,2026-09-26T21:44:40+09:00,5-40 minutes before close,,,,,,,,,,,,,,,,,,,,,,,False,結果取得待ち,False,,
2026-09-26,奈良,5,055320260926,1790428680,1790428380,1699,near_close_v2_20260805,trifecta,3連単,2,2-1-4,0.126528510049027,75.6,857,True,2000,151200.0,149200.0,2000,17140.0,False,external holdout ROI target was not met,02f306055c6d5e2aa86381af2f1bff6fb6d903971941dfd9ad4dfe47a943b6cd,2026-09-26T21:44:40+09:00,5-40 minutes before close,,,,,,,,,,,,,,,,,,,,,,,False,結果取得待ち,False,,
2026-09-26,青森,4,041220260926,1790383200,1790382900,1045,near_close_v2_20260805,quinella_place,ワイド,2,3-4,0.3431568089682079,16.1,452,True,10000,161000.0,151000.0,10000,45200.0,False,external holdout ROI target was not met,02f306055c6d5e2aa86381af2f1bff6fb6d903971941dfd9ad4dfe47a943b6cd,2026-09-26T09:17:34+09:00,5-40 minutes before close,,,,,,,,,,,,,,,,,,,,,,,False,結果取得待ち,False,,
2026-09-27,いわき平,7,071320260927,1790516400,1790516100,1263,near_close_v2_20260805,exacta,2車単,2,2-3,0.1964517870307037,64.0,1157,True,10000,640000.0,630000.0,10000,115700.0,False,external holdout ROI target was not met,02f306055c6d5e2aa86381af2f1bff6fb6d903971941dfd9ad4dfe47a943b6cd,2026-09-27T22:13:56+09:00,5-40 minutes before close,,,,,,,,,,,,,,,,,,,,,,,False,結果取得待ち,False,,
2026-09-27,いわき平,9,091320260927,1790518800,1790518500,2027,near_close_v2_20260805,trifecta,3連単,1,1-2-4,0.1509409822874615,78.9,1091,True,6200,489180.0,482980.0,6200,67642.0,False,external holdout ROI target was not met,02f306055c6d5e2aa86381af2f1bff6fb6d903971941dfd9ad4dfe47a943b6cd,2026-09-27T22:41:12+09:00,5-40 minutes before close,,,,,,,,,,,,,,,,,,,,,,,False,結果取得待ち,False,,
2026-09-27,いわき平,9,091320260927,1790518800,1790518500,2027,near_close_v2_20260805,trifecta,3連単,3,1-4-2,0.0927736816032927,126.4,1073,True,3800,480320.0,476520.0,3800,40774.0,False,external holdout ROI target was not met,02f306055c6d5e2aa86381af2f1bff6fb6d903971941dfd9ad4dfe47a943b6cd,2026-09-27T22:41:12+09:00,5-40 minutes before close,,,,,,,,,,,,,,,,,,,,,,,False,結果取得待ち,False,,
2026-09-27,岐阜,7,074320260927,1790500080,1790499780,1263,near_close_v2_20260805,trifecta,3連単,2,9-2-1,0.0841935512366633,124.8,951,True,10000,1248000.0,1238000.0,10000,95100.0,False,external holdout ROI target was not met,02f306055c6d5e2aa86381af2f1bff6fb6d903971941dfd9ad4dfe47a943b6cd,2026-09-27T17:41:57+09:00,5-40 minutes before close,,,,,,,,,,,,,,,,,,,,,,,False,結果取得待ち,False,,
2026-09-27,岐阜,12,124320260927,1790508600,1790508300,696,near_close_v2_20260805,trifecta,3連単,3,7-2-1,0.0862243837840696,133.5,1051,True,10000,1335000.0,1325000.0,10000,105100.0,False,external holdout ROI target was not met,02f306055c6d5e2aa86381af2f1bff6fb6d903971941dfd9ad4dfe47a943b6cd,2026-09-27T20:13:23+09:00,5-40 minutes before close,,,,,,,,,,,,,,,,,,,,,,,False,結果取得待ち,False,,
2026-09-27,玉野,8,086120260927,1790518200,1790517900,1427,near_close_v2_20260805,quinella_place,ワイド,2,1-5,0.4327804463899753,13.1,467,True,10000,131000.0,121000.0,10000,46700.0,False,external holdout ROI target was not met,02f306055c6d5e2aa86381af2f1bff6fb6d903971941dfd9ad4dfe47a943b6cd,2026-09-27T22:41:12+09:00,5-40 minutes before close,,,,,,,,,,,,,,,,,,,,,,,False,結果取得待ち,False,,
2026-09-27,青森,2,021220260927,1790466600,1790466300,321,near_close_v2_20260805,exacta,2車単,1,7-5,0.2483283823066531,51.4,1176,True,5800,298120.0,292320.0,5800,68208.0,False,external holdout ROI target was not met,02f306055c6d5e2aa86381af2f1bff6fb6d903971941dfd9ad4dfe47a943b6cd,2026-09-27T08:39:39+09:00,5-40 minutes before close,,,,,,,,,,,,,,,,,,,,,,,False,結果取得待ち,False,,
2026-09-27,青森,2,021220260927,1790466600,1790466300,321,near_close_v2_20260805,trifecta,3連単,1,7-5-3,0.0764651086615339,179.7,1274,True,2000,359400.0,357400.0,2000,25480.0,False,external holdout ROI target was not met,02f306055c6d5e2aa86381af2f1bff6fb6d903971941dfd9ad4dfe47a943b6cd,2026-09-27T08:39:39+09:00,5-40 minutes before close,,,,,,,,,,,,,,,,,,,,,,,False,結果取得待ち,False,,
2026-09-27,青森,2,021220260927,1790466600,1790466300,321,near_close_v2_20260805,trifecta,3連単,2,7-5-1,0.0764616022600983,202.0,1445,True,2200,444400.0,442200.0,2200,31790.0,False,external holdout ROI target was not met,02f306055c6d5e2aa86381af2f1bff6fb6d903971941dfd9ad4dfe47a943b6cd,2026-09-27T08:39:39+09:00,5-40 minutes before close,,,,,,,,,,,,,,,,,,,,,,,False,結果取得待ち,False,,
2026-09-28,岸和田,3,035620260928,1790563740,1790563440,1620,near_close_v2_20260805,trifecta,3連単,2,3-6-5,0.1515904914998962,98.7,1396,True,10000,987000.0,977000.0,10000,139600.0,False,external holdout ROI target was not met,02f306055c6d5e2aa86381af2f1bff6fb6d903971941dfd9ad4dfe47a943b6cd,2026-09-28T11:16:59+09:00,5-40 minutes before close,6-3-5,200.0,3.0,1790563740.0,1790563440.0,1790564356.0,True,https://www.winticket.jp/keirin/kishiwada/racecard/2026092656/3/3,3-5-6,6-3,3-6,6-3,3-6,3-5|3-6|5-6,"{""6-3-5"": 20000}","{""3-5-6"": 980}","{""6-3"": 4880}","{""3-6"": 2020}","{""3-5"": 140, ""3-6"": 370, ""5-6"": 610}",{},{},6-3-5,True,確定,False,0.0,-10000.0
2026-09-28,岸和田,8,085620260928,1790571660,1790571360,609,near_close_v2_20260805,exacta,2車単,1,1-7,0.2972075619642279,30.9,818,True,4000,123600.0,119600.0,4000,32720.0,False,external holdout ROI target was not met,02f306055c6d5e2aa86381af2f1bff6fb6d903971941dfd9ad4dfe47a943b6cd,2026-09-28T13:45:51+09:00,5-40 minutes before close,5-1-2,61.0,3.0,1790571660.0,1790571360.0,1790572297.0,True,https://www.winticket.jp/keirin/kishiwada/racecard/2026092656/3/8,1-2-5,5-1,1-5,5-1,1-5,1-2|1-5|2-5,"{""5-1-2"": 6100}","{""1-2-5"": 1940}","{""5-1"": 710}","{""1-5"": 210}","{""1-2"": 940, ""1-5"": 180, ""2-5"": 540}",{},{},5-1,True,確定,False,0.0,-4000.0
2026-09-28,岸和田,8,085620260928,1790571660,1790571360,609,near_close_v2_20260805,trifecta,3連単,1,1-7-5,0.1302493195377425,89.1,1061,True,2300,204930.0,202630.0,2300,24403.0,False,external holdout ROI target was not met,02f306055c6d5e2aa86381af2f1bff6fb6d903971941dfd9ad4dfe47a943b6cd,2026-09-28T13:45:51+09:00,5-40 minutes before close,5-1-2,61.0,3.0,1790571660.0,1790571360.0,1790572297.0,True,https://www.winticket.jp/keirin/kishiwada/racecard/2026092656/3/8,1-2-5,5-1,1-5,5-1,1-5,1-2|1-5|2-5,"{""5-1-2"": 6100}","{""1-2-5"": 1940}","{""5-1"": 710}","{""1-5"": 210}","{""1-2"": 940, ""1-5"": 180, ""2-5"": 540}",{},{},5-1-2,True,確定,False,0.0,-2300.0
2026-09-28,岸和田,8,085620260928,1790571660,1790571360,609,near_close_v2_20260805,trifecta,3連単,2,7-1-5,0.1166351089220231,176.9,1963,True,3700,654530.0,650830.0,3700,72631.0,False,external holdout ROI target was not met,02f306055c6d5e2aa86381af2f1bff6fb6d903971941dfd9ad4dfe47a943b6cd,2026-09-28T13:45:51+09:00,5-40 minutes before close,5-1-2,61.0,3.0,1790571660.0,1790571360.0,1790572297.0,True,https://www.winticket.jp/keirin/kishiwada/racecard/2026092656/3/8,1-2-5,5-1,1-5,5-1,1-5,1-2|1-5|2-5,"{""5-1-2"": 6100}","{""1-2-5"": 1940}","{""5-1"": 710}","{""1-5"": 210}","{""1-2"": 940, ""1-5"": 180, ""2-5"": 540}",{},{},5-1-2,True,確定,False,0.0,-3700.0
2026-09-28,平塚,1,013520260928,1790577240,1790576940,548,near_close_v2_20260805,quinella_place,ワイド,3,3-4,0.548885877059893,7.8,328,True,10000,78000.0,68000.0,10000,32800.0,False,external holdout ROI target was not met,02f306055c6d5e2aa86381af2f1bff6fb6d903971941dfd9ad4dfe47a943b6cd,2026-09-28T15:19:52+09:00,5-40 minutes before close,3-1-6,6.7,3.0,1790577240.0,1790576940.0,1790577882.0,True,https://www.winticket.jp/keirin/hiratsuka/racecard/2026092835/1/1,1-3-6,3-1,1-3,3-1,1-3,1-3|1-6|3-6,"{""3-1-6"": 670}","{""1-3-6"": 150}","{""3-1"": 310}","{""1-3"": 100}","{""1-3"": 100, ""1-6"": 160, ""3-6"": 220}",{},{},1-3|1-6|3-6,True,確定,False,0.0,-10000.0
2026-09-28,平塚,4,043520260928,1790582040,1790581740,1918,near_close_v2_20260805,quinella_place,ワイド,3,5-7,0.1532961769285186,81.3,1146,True,10000,813000.0,803000.0,10000,114600.0,False,external holdout ROI target was not met,02f306055c6d5e2aa86381af2f1bff6fb6d903971941dfd9ad4dfe47a943b6cd,2026-09-28T16:17:01+09:00,5-40 minutes before close,4-5-1,1.4,3.0,1790582040.0,1790581740.0,1790582691.0,True,https://www.winticket.jp/keirin/hiratsuka/racecard/2026092835/1/4,1-4-5,4-5,4-5,4-5,4-5,1-4|1-5|4-5,"{""4-5-1"": 140}","{""1-4-5"": 110}","{""4-5"": 130}","{""4-5"": 100}","{""1-4"": 100, ""1-5"": 110, ""4-5"": 100}",{},{},1-4|1-5|4-5,True,確定,False,0.0,-10000.0
2026-09-28,広島,2,026220260928,1790561340,1790561040,1300,near_close_v2_20260805,quinella_place,ワイド,1,2-5,0.2473744932110352,19.0,370,True,10000,190000.0,180000.0,10000,37000.0,False,external holdout ROI target was not met,02f306055c6d5e2aa86381af2f1bff6fb6d903971941dfd9ad4dfe47a943b6cd,2026-09-28T10:42:20+09:00,5-40 minutes before close,1-6-3,3005.8,3.0,1790561340.0,1790561040.0,1790562126.0,True,https://www.winticket.jp/keirin/hiroshima/racecard/2026092862/1/2,1-3-6,1-6,1-6,1-6,1-6,1-3|1-6|3-6,"{""1-6-3"": 300580}","{""1-3-6"": 54580}","{""1-6"": 18680}","{""1-6"": 8560}","{""1-3"": 980, ""1-6"": 3390, ""3-6"": 5050}",{},{},1-3|1-6|3-6,True,確定,False,0.0,-10000.0
2026-09-28,広島,8,086220260928,1790570460,1790570160,1185,near_close_v2_20260805,quinella_place,ワイド,3,3-4,0.2479008563036281,48.1,1092,True,10000,481000.0,471000.0,10000,109200.0,False,external holdout ROI target was not met,02f306055c6d5e2aa86381af2f1bff6fb6d903971941dfd9ad4dfe47a943b6cd,2026-09-28T13:16:14+09:00,5-40 minutes before close,3-5-7,8.6,3.0,1790570460.0,1790570160.0,1790571017.0,True,https://www.winticket.jp/keirin/hiroshima/racecard/2026092862/1/8,3-5-7,3-5,3-5,3-5,3-5,3-5|3-7|5-7,"{""3-5-7"": 860}","{""3-5-7"": 160}","{""3-5"": 450}","{""3-5"": 140}","{""3-5"": 100, ""3-7"": 180, ""5-7"": 100}",{},{},3-5|3-7|5-7,True,確定,False,0.0,-10000.0
2026-09-28,武雄,9,098420260928,1790572860,1790572560,1809,near_close_v2_20260805,quinella_place,ワイド,3,1-6,0.3184997240732543,16.8,435,True,10000,168000.0,158000.0,10000,43500.0,False,external holdout ROI target was not met,02f306055c6d5e2aa86381af2f1bff6fb6d903971941dfd9ad4dfe47a943b6cd,2026-09-28T13:45:51+09:00,5-40 minutes before close,3-1-2,104.6,3.0,1790572860.0,1790572560.0,1790573706.0,True,https://www.winticket.jp/keirin/takeo/racecard/2026092784/2/9,1-2-3,3-1,1-3,3-1,1-3,1-2|1-3|2-3,"{""3-1-2"": 10460}","{""1-2-3"": 2470}","{""3-1"": 2420}","{""1-3"": 1290}","{""1-2"": 510, ""1-3"": 510, ""2-3"": 280}",{},{},1-2|1-3|2-3,True,確定,False,0.0,-10000.0
2026-09-28,武雄,10,108420260928,1790574780,1790574480,1879,near_close_v2_20260805,exacta,2車単,7,2-3,0.0623803638751755,153.8,859,True,10000,1538000.0,1528000.0,10000,85900.0,False,external holdout ROI target was not met,02f306055c6d5e2aa86381af2f1bff6fb6d903971941dfd9ad4dfe47a943b6cd,2026-09-28T14:16:40+09:00,5-40 minutes before close,5-3-2,33.8,3.0,1790574780.0,1790574480.0,1790575802.0,True,https://www.winticket.jp/keirin/takeo/racecard/2026092784/2/10,2-3-5,5-3,3-5,5-3,3-5,2-3|2-5|3-5,"{""5-3-2"": 3380}","{""2-3-5"": 610}","{""5-3"": 990}","{""3-5"": 660}","{""2-3"": 300, ""2-5"": 200, ""3-5"": 180}",{},{},5-3,True,確定,False,0.0,-10000.0
