buy,bet_type,prob,head,second,third,scenario,main_formation,hole_formation,value_rider,odds_used,ev,expected_profit_100yen,ticket_group,is_selected,high_payout_selected,candidate_rank,chaos_index,risk_score,risk_level,risk_veto_fixed,first_fixed,probability_method,odds_sources,odds_captured_at_jst,odds_verification_status,source_url,date,venue,race_no,start_at,race_id,close_at,seconds_to_close_at_prediction,strategy_version,bet_label,stake_yen,return_if_hit_yen,profit_if_hit_yen,loss_amount_yen,expected_profit_yen,purchase_authorized,authorization_reason,model_sha256,prediction_created_at_jst,odds_snapshot
1-2-4,trifecta,0.04880608547696952,1.0,2.0,4.0,崩れ展開,True,False,False,26.8,1.308003090782783,30.80030907827831,本線,True,False,7,31.98,31.98,中,True,False,position_sequential,winticket | kdreams | oddspark | netkeirin,2026-10-09T22:57:15+09:00,verified,https://www.winticket.jp/keirin/nara/racecard/2026100953/1/8 | https://keirin.kdreams.jp/nara/racedetail/5320261009010008/?pageType=odds&kakeshikiType=3rentan | https://www.oddspark.com/keirin/Odds.do?betType=9&joCode=53&kaisaiBi=20261009&raceNo=8&viewType=1 | https://keirin.netkeiba.com/api/race/,2026-10-09,奈良,8,1791555000,085320261009,1791554700,372.549045085907,position_prob_v11_high_payout_20261007,3連単,900,24120.0,23220.0,900,277.0,False,external holdout ROI target was not met,02f306055c6d5e2aa86381af2f1bff6fb6d903971941dfd9ad4dfe47a943b6cd,2026-10-09T22:58:47+09:00,near-close snapshot
1-2-5,trifecta,0.03589384368376681,1.0,2.0,5.0,崩れ展開,True,False,False,32.6,1.170139304090798,17.01393040907979,本線,True,False,9,31.98,31.98,中,True,False,position_sequential,winticket | kdreams | oddspark | netkeirin,2026-10-09T22:57:15+09:00,verified,https://www.winticket.jp/keirin/nara/racecard/2026100953/1/8 | https://keirin.kdreams.jp/nara/racedetail/5320261009010008/?pageType=odds&kakeshikiType=3rentan | https://www.oddspark.com/keirin/Odds.do?betType=9&joCode=53&kaisaiBi=20261009&raceNo=8&viewType=1 | https://keirin.netkeiba.com/api/race/,2026-10-09,奈良,8,1791555000,085320261009,1791554700,372.549045085907,position_prob_v11_high_payout_20261007,3連単,400,13040.0,12640.0,400,68.0,False,external holdout ROI target was not met,02f306055c6d5e2aa86381af2f1bff6fb6d903971941dfd9ad4dfe47a943b6cd,2026-10-09T22:58:47+09:00,near-close snapshot
1-4-3,trifecta,0.06299994277248318,1.0,4.0,3.0,崩れ展開,True,False,False,32.5,2.047498140105703,104.7498140105703,本線,True,False,4,31.98,31.98,中,True,False,position_sequential,winticket | kdreams | oddspark | netkeirin,2026-10-09T22:57:15+09:00,verified,https://www.winticket.jp/keirin/nara/racecard/2026100953/1/8 | https://keirin.kdreams.jp/nara/racedetail/5320261009010008/?pageType=odds&kakeshikiType=3rentan | https://www.oddspark.com/keirin/Odds.do?betType=9&joCode=53&kaisaiBi=20261009&raceNo=8&viewType=1 | https://keirin.netkeiba.com/api/race/,2026-10-09,奈良,8,1791555000,085320261009,1791554700,372.549045085907,position_prob_v11_high_payout_20261007,3連単,3600,117000.0,113400.0,3600,3771.0,False,external holdout ROI target was not met,02f306055c6d5e2aa86381af2f1bff6fb6d903971941dfd9ad4dfe47a943b6cd,2026-10-09T22:58:47+09:00,near-close snapshot
1-4-5,trifecta,0.05556388101033951,1.0,4.0,5.0,崩れ展開,True,False,False,27.9,1.5502322801884723,55.02322801884723,本線,True,False,6,31.98,31.98,中,True,False,position_sequential,winticket | kdreams | oddspark | netkeirin,2026-10-09T22:57:15+09:00,verified,https://www.winticket.jp/keirin/nara/racecard/2026100953/1/8 | https://keirin.kdreams.jp/nara/racedetail/5320261009010008/?pageType=odds&kakeshikiType=3rentan | https://www.oddspark.com/keirin/Odds.do?betType=9&joCode=53&kaisaiBi=20261009&raceNo=8&viewType=1 | https://keirin.netkeiba.com/api/race/,2026-10-09,奈良,8,1791555000,085320261009,1791554700,372.549045085907,position_prob_v11_high_payout_20261007,3連単,1700,47430.0,45730.0,1700,935.0,False,external holdout ROI target was not met,02f306055c6d5e2aa86381af2f1bff6fb6d903971941dfd9ad4dfe47a943b6cd,2026-10-09T22:58:47+09:00,near-close snapshot
1-4-6,trifecta,0.035768121465263876,1.0,4.0,6.0,崩れ展開,True,False,False,62.1,2.2212003429928866,122.12003429928866,本線,True,False,10,31.98,31.98,中,True,False,position_sequential,winticket | kdreams | oddspark | netkeirin,2026-10-09T22:57:15+09:00,verified,https://www.winticket.jp/keirin/nara/racecard/2026100953/1/8 | https://keirin.kdreams.jp/nara/racedetail/5320261009010008/?pageType=odds&kakeshikiType=3rentan | https://www.oddspark.com/keirin/Odds.do?betType=9&joCode=53&kaisaiBi=20261009&raceNo=8&viewType=1 | https://keirin.netkeiba.com/api/race/,2026-10-09,奈良,8,1791555000,085320261009,1791554700,372.549045085907,position_prob_v11_high_payout_20261007,3連単,2400,149040.0,146640.0,2400,2931.0,False,external holdout ROI target was not met,02f306055c6d5e2aa86381af2f1bff6fb6d903971941dfd9ad4dfe47a943b6cd,2026-10-09T22:58:47+09:00,near-close snapshot
1-5-4,trifecta,0.0349464808862274,1.0,5.0,4.0,崩れ展開,True,False,False,43.7,1.5271612147281375,52.71612147281375,本線,True,False,11,31.98,31.98,中,True,False,position_sequential,winticket | kdreams | oddspark | netkeirin,2026-10-09T22:57:15+09:00,verified,https://www.winticket.jp/keirin/nara/racecard/2026100953/1/8 | https://keirin.kdreams.jp/nara/racedetail/5320261009010008/?pageType=odds&kakeshikiType=3rentan | https://www.oddspark.com/keirin/Odds.do?betType=9&joCode=53&kaisaiBi=20261009&raceNo=8&viewType=1 | https://keirin.netkeiba.com/api/race/,2026-10-09,奈良,8,1791555000,085320261009,1791554700,372.549045085907,position_prob_v11_high_payout_20261007,3連単,1000,43700.0,42700.0,1000,527.0,False,external holdout ROI target was not met,02f306055c6d5e2aa86381af2f1bff6fb6d903971941dfd9ad4dfe47a943b6cd,2026-10-09T22:58:47+09:00,near-close snapshot
1-2-3,trifecta,0.0333245191793321,1.0,2.0,3.0,崩れ展開,True,False,False,69.5,2.316054082963581,131.60540829635812,本線,True,False,8,35.89,35.89,中,True,False,position_sequential,winticket | kdreams | netkeirin,2026-10-09T22:57:06+09:00,verified,https://www.winticket.jp/keirin/kawasaki/racecard/2026100934/1/9 | https://keirin.kdreams.jp/kawasaki/racedetail/3420261009010009/?pageType=odds&kakeshikiType=3rentan | https://keirin.netkeiba.com/api/race/,2026-10-09,川崎,9,1791555600,093420261009,1791555300,972.549045085907,position_prob_v11_high_payout_20261007,3連単,900,62550.0,61650.0,900,1184.0,False,external holdout ROI target was not met,02f306055c6d5e2aa86381af2f1bff6fb6d903971941dfd9ad4dfe47a943b6cd,2026-10-09T22:58:47+09:00,near-close snapshot
1-3-2,trifecta,0.053844716549757886,1.0,3.0,2.0,崩れ展開,True,False,False,35.9,1.933025324136308,93.3025324136308,本線,True,False,5,35.89,35.89,中,True,False,position_sequential,winticket | kdreams | oddspark | netkeirin,2026-10-09T22:57:06+09:00,verified,https://www.winticket.jp/keirin/kawasaki/racecard/2026100934/1/9 | https://keirin.kdreams.jp/kawasaki/racedetail/3420261009010009/?pageType=odds&kakeshikiType=3rentan | https://www.oddspark.com/keirin/Odds.do?betType=9&joCode=34&kaisaiBi=20261009&raceNo=9&viewType=1 | https://keirin.netkeiba.com/api/race/,2026-10-09,川崎,9,1791555600,093420261009,1791555300,972.549045085907,position_prob_v11_high_payout_20261007,3連単,1000,35900.0,34900.0,1000,933.0,False,external holdout ROI target was not met,02f306055c6d5e2aa86381af2f1bff6fb6d903971941dfd9ad4dfe47a943b6cd,2026-10-09T22:58:47+09:00,near-close snapshot
1-3-4,trifecta,0.052237825230671456,1.0,3.0,4.0,崩れ展開,True,False,False,42.6,2.2253313548266043,122.53313548266043,本線,True,False,6,35.89,35.89,中,True,False,position_sequential,winticket | kdreams | oddspark | netkeirin,2026-10-09T22:57:06+09:00,verified,https://www.winticket.jp/keirin/kawasaki/racecard/2026100934/1/9 | https://keirin.kdreams.jp/kawasaki/racedetail/3420261009010009/?pageType=odds&kakeshikiType=3rentan | https://www.oddspark.com/keirin/Odds.do?betType=9&joCode=34&kaisaiBi=20261009&raceNo=9&viewType=1 | https://keirin.netkeiba.com/api/race/,2026-10-09,川崎,9,1791555600,093420261009,1791555300,972.549045085907,position_prob_v11_high_payout_20261007,3連単,1300,55380.0,54080.0,1300,1593.0,False,external holdout ROI target was not met,02f306055c6d5e2aa86381af2f1bff6fb6d903971941dfd9ad4dfe47a943b6cd,2026-10-09T22:58:47+09:00,near-close snapshot
1-3-5,trifecta,0.06145829907278441,1.0,3.0,5.0,崩れ展開,True,False,False,81.3,4.996559714617373,399.6559714617373,本線,True,False,4,35.89,35.89,中,True,False,position_sequential,winticket | kdreams | netkeirin,2026-10-09T22:57:06+09:00,verified,https://www.winticket.jp/keirin/kawasaki/racecard/2026100934/1/9 | https://keirin.kdreams.jp/kawasaki/racedetail/3420261009010009/?pageType=odds&kakeshikiType=3rentan | https://keirin.netkeiba.com/api/race/,2026-10-09,川崎,9,1791555600,093420261009,1791555300,972.549045085907,position_prob_v11_high_payout_20261007,3連単,4800,390240.0,385440.0,4800,19183.0,False,external holdout ROI target was not met,02f306055c6d5e2aa86381af2f1bff6fb6d903971941dfd9ad4dfe47a943b6cd,2026-10-09T22:58:47+09:00,near-close snapshot
1-3-7,trifecta,0.0873536276206333,1.0,3.0,7.0,本命展開,True,False,False,12.6,1.1006557080199795,10.065570801997946,本線,True,False,1,35.89,35.89,中,True,False,position_sequential,winticket | kdreams | oddspark | netkeirin,2026-10-09T22:57:06+09:00,verified,https://www.winticket.jp/keirin/kawasaki/racecard/2026100934/1/9 | https://keirin.kdreams.jp/kawasaki/racedetail/3420261009010009/?pageType=odds&kakeshikiType=3rentan | https://www.oddspark.com/keirin/Odds.do?betType=9&joCode=34&kaisaiBi=20261009&raceNo=9&viewType=1 | https://keirin.netkeiba.com/api/race/,2026-10-09,川崎,9,1791555600,093420261009,1791555300,972.549045085907,position_prob_v11_high_payout_20261007,3連単,200,2520.0,2320.0,200,20.0,False,external holdout ROI target was not met,02f306055c6d5e2aa86381af2f1bff6fb6d903971941dfd9ad4dfe47a943b6cd,2026-10-09T22:58:47+09:00,near-close snapshot
1-4-3,trifecta,0.0346854978989451,1.0,4.0,3.0,崩れ展開,True,False,False,63.3,2.195592017003225,119.5592017003225,本線,True,False,7,35.89,35.89,中,True,False,position_sequential,winticket | kdreams | netkeirin,2026-10-09T22:57:06+09:00,verified,https://www.winticket.jp/keirin/kawasaki/racecard/2026100934/1/9 | https://keirin.kdreams.jp/kawasaki/racedetail/3420261009010009/?pageType=odds&kakeshikiType=3rentan | https://keirin.netkeiba.com/api/race/,2026-10-09,川崎,9,1791555600,093420261009,1791555300,972.549045085907,position_prob_v11_high_payout_20261007,3連単,900,56970.0,56070.0,900,1076.0,False,external holdout ROI target was not met,02f306055c6d5e2aa86381af2f1bff6fb6d903971941dfd9ad4dfe47a943b6cd,2026-10-09T22:58:47+09:00,near-close snapshot
1-6-3,trifecta,0.02942273826149254,1.0,6.0,3.0,崩れ展開,True,False,False,47.3,1.391695519768597,39.169551976859694,本線,True,False,10,35.89,35.89,中,True,False,position_sequential,winticket | kdreams | oddspark | netkeirin,2026-10-09T22:57:06+09:00,verified,https://www.winticket.jp/keirin/kawasaki/racecard/2026100934/1/9 | https://keirin.kdreams.jp/kawasaki/racedetail/3420261009010009/?pageType=odds&kakeshikiType=3rentan | https://www.oddspark.com/keirin/Odds.do?betType=9&joCode=34&kaisaiBi=20261009&raceNo=9&viewType=1 | https://keirin.netkeiba.com/api/race/,2026-10-09,川崎,9,1791555600,093420261009,1791555300,972.549045085907,position_prob_v11_high_payout_20261007,3連単,300,14190.0,13890.0,300,118.0,False,external holdout ROI target was not met,02f306055c6d5e2aa86381af2f1bff6fb6d903971941dfd9ad4dfe47a943b6cd,2026-10-09T22:58:47+09:00,near-close snapshot
1-7-3,trifecta,0.06498219154957616,1.0,7.0,3.0,崩れ展開,True,False,False,22.4,1.455601090710506,45.56010907105059,本線,True,False,3,35.89,35.89,中,True,False,position_sequential,winticket | kdreams | oddspark | netkeirin,2026-10-09T22:57:06+09:00,verified,https://www.winticket.jp/keirin/kawasaki/racecard/2026100934/1/9 | https://keirin.kdreams.jp/kawasaki/racedetail/3420261009010009/?pageType=odds&kakeshikiType=3rentan | https://www.oddspark.com/keirin/Odds.do?betType=9&joCode=34&kaisaiBi=20261009&raceNo=9&viewType=1 | https://keirin.netkeiba.com/api/race/,2026-10-09,川崎,9,1791555600,093420261009,1791555300,972.549045085907,position_prob_v11_high_payout_20261007,3連単,600,13440.0,12840.0,600,273.0,False,external holdout ROI target was not met,02f306055c6d5e2aa86381af2f1bff6fb6d903971941dfd9ad4dfe47a943b6cd,2026-10-09T22:58:47+09:00,near-close snapshot
1-3-4,trifecta,0.04556700649025657,1.0,3.0,4.0,崩れ展開,True,False,False,44.1,2.009504986220315,100.95049862203149,本線,True,False,7,49.53,49.53,中,True,False,position_sequential,winticket | kdreams | oddspark | netkeirin,2026-10-09T22:57:18+09:00,verified,https://www.winticket.jp/keirin/nara/racecard/2026100953/1/9 | https://keirin.kdreams.jp/nara/racedetail/5320261009010009/?pageType=odds&kakeshikiType=3rentan | https://www.oddspark.com/keirin/Odds.do?betType=9&joCode=53&kaisaiBi=20261009&raceNo=9&viewType=1 | https://keirin.netkeiba.com/api/race/,2026-10-09,奈良,9,1791556200,095320261009,1791555900,1572.549045085907,position_prob_v11_high_payout_20261007,3連単,900,39690.0,38790.0,900,909.0,False,external holdout ROI target was not met,02f306055c6d5e2aa86381af2f1bff6fb6d903971941dfd9ad4dfe47a943b6cd,2026-10-09T22:58:47+09:00,near-close snapshot
1-3-5,trifecta,0.05410205350935731,1.0,3.0,5.0,崩れ展開,True,False,False,52.5,2.840357809241259,184.0357809241259,本線,True,False,3,49.53,49.53,中,True,False,position_sequential,winticket | kdreams | oddspark | netkeirin,2026-10-09T22:57:18+09:00,verified,https://www.winticket.jp/keirin/nara/racecard/2026100953/1/9 | https://keirin.kdreams.jp/nara/racedetail/5320261009010009/?pageType=odds&kakeshikiType=3rentan | https://www.oddspark.com/keirin/Odds.do?betType=9&joCode=53&kaisaiBi=20261009&raceNo=9&viewType=1 | https://keirin.netkeiba.com/api/race/,2026-10-09,奈良,9,1791556200,095320261009,1791555900,1572.549045085907,position_prob_v11_high_payout_20261007,3連単,1900,99750.0,97850.0,1900,3497.0,False,external holdout ROI target was not met,02f306055c6d5e2aa86381af2f1bff6fb6d903971941dfd9ad4dfe47a943b6cd,2026-10-09T22:58:47+09:00,near-close snapshot
1-3-6,trifecta,0.08146701779771537,1.0,3.0,6.0,本命展開,True,False,False,33.8,2.753585201562779,175.3585201562779,本線,True,False,1,49.53,49.53,中,True,False,position_sequential,winticket | kdreams | oddspark | netkeirin,2026-10-09T22:57:18+09:00,verified,https://www.winticket.jp/keirin/nara/racecard/2026100953/1/9 | https://keirin.kdreams.jp/nara/racedetail/5320261009010009/?pageType=odds&kakeshikiType=3rentan | https://www.oddspark.com/keirin/Odds.do?betType=9&joCode=53&kaisaiBi=20261009&raceNo=9&viewType=1 | https://keirin.netkeiba.com/api/race/,2026-10-09,奈良,9,1791556200,095320261009,1791555900,1572.549045085907,position_prob_v11_high_payout_20261007,3連単,2700,91260.0,88560.0,2700,4735.0,False,external holdout ROI target was not met,02f306055c6d5e2aa86381af2f1bff6fb6d903971941dfd9ad4dfe47a943b6cd,2026-10-09T22:58:47+09:00,near-close snapshot
1-3-7,trifecta,0.051367596014501436,1.0,3.0,7.0,崩れ展開,True,False,False,60.0,3.082055760870086,208.2055760870086,本線,True,False,6,49.53,49.53,中,True,False,position_sequential,winticket | kdreams | netkeirin,2026-10-09T22:57:18+09:00,verified,https://www.winticket.jp/keirin/nara/racecard/2026100953/1/9 | https://keirin.kdreams.jp/nara/racedetail/5320261009010009/?pageType=odds&kakeshikiType=3rentan | https://keirin.netkeiba.com/api/race/,2026-10-09,奈良,9,1791556200,095320261009,1791555900,1572.549045085907,position_prob_v11_high_payout_20261007,3連単,2000,120000.0,118000.0,2000,4164.0,False,external holdout ROI target was not met,02f306055c6d5e2aa86381af2f1bff6fb6d903971941dfd9ad4dfe47a943b6cd,2026-10-09T22:58:47+09:00,near-close snapshot
1-4-3,trifecta,0.03668256213656983,1.0,4.0,3.0,崩れ展開,True,False,False,35.3,1.2948944434209149,29.48944434209149,本線,True,False,11,49.53,49.53,中,True,False,position_sequential,winticket | kdreams | oddspark | netkeirin,2026-10-09T22:57:18+09:00,verified,https://www.winticket.jp/keirin/nara/racecard/2026100953/1/9 | https://keirin.kdreams.jp/nara/racedetail/5320261009010009/?pageType=odds&kakeshikiType=3rentan | https://www.oddspark.com/keirin/Odds.do?betType=9&joCode=53&kaisaiBi=20261009&raceNo=9&viewType=1 | https://keirin.netkeiba.com/api/race/,2026-10-09,奈良,9,1791556200,095320261009,1791555900,1572.549045085907,position_prob_v11_high_payout_20261007,3連単,200,7060.0,6860.0,200,59.0,False,external holdout ROI target was not met,02f306055c6d5e2aa86381af2f1bff6fb6d903971941dfd9ad4dfe47a943b6cd,2026-10-09T22:58:47+09:00,near-close snapshot
1-5-3,trifecta,0.05305425320889989,1.0,5.0,3.0,崩れ展開,True,False,False,42.9,2.2760274626618053,127.60274626618053,本線,True,False,4,49.53,49.53,中,True,False,position_sequential,winticket | kdreams | oddspark | netkeirin,2026-10-09T22:57:18+09:00,verified,https://www.winticket.jp/keirin/nara/racecard/2026100953/1/9 | https://keirin.kdreams.jp/nara/racedetail/5320261009010009/?pageType=odds&kakeshikiType=3rentan | https://www.oddspark.com/keirin/Odds.do?betType=9&joCode=53&kaisaiBi=20261009&raceNo=9&viewType=1 | https://keirin.netkeiba.com/api/race/,2026-10-09,奈良,9,1791556200,095320261009,1791555900,1572.549045085907,position_prob_v11_high_payout_20261007,3連単,1300,55770.0,54470.0,1300,1659.0,False,external holdout ROI target was not met,02f306055c6d5e2aa86381af2f1bff6fb6d903971941dfd9ad4dfe47a943b6cd,2026-10-09T22:58:47+09:00,near-close snapshot
1-6-3,trifecta,0.07040714994573805,1.0,6.0,3.0,崩れ展開,True,False,False,16.5,1.1617179741046777,16.171797410467768,本線,True,False,2,49.53,49.53,中,True,False,position_sequential,winticket | kdreams | oddspark | netkeirin,2026-10-09T22:57:18+09:00,verified,https://www.winticket.jp/keirin/nara/racecard/2026100953/1/9 | https://keirin.kdreams.jp/nara/racedetail/5320261009010009/?pageType=odds&kakeshikiType=3rentan | https://www.oddspark.com/keirin/Odds.do?betType=9&joCode=53&kaisaiBi=20261009&raceNo=9&viewType=1 | https://keirin.netkeiba.com/api/race/,2026-10-09,奈良,9,1791556200,095320261009,1791555900,1572.549045085907,position_prob_v11_high_payout_20261007,3連単,300,4950.0,4650.0,300,49.0,False,external holdout ROI target was not met,02f306055c6d5e2aa86381af2f1bff6fb6d903971941dfd9ad4dfe47a943b6cd,2026-10-09T22:58:47+09:00,near-close snapshot
1-6-7,trifecta,0.036106770258567976,1.0,6.0,7.0,崩れ展開,True,False,False,54.3,1.960597625040241,96.0597625040241,本線,True,False,12,49.53,49.53,中,True,False,position_sequential,winticket | kdreams | oddspark | netkeirin,2026-10-09T22:57:18+09:00,verified,https://www.winticket.jp/keirin/nara/racecard/2026100953/1/9 | https://keirin.kdreams.jp/nara/racedetail/5320261009010009/?pageType=odds&kakeshikiType=3rentan | https://www.oddspark.com/keirin/Odds.do?betType=9&joCode=53&kaisaiBi=20261009&raceNo=9&viewType=1 | https://keirin.netkeiba.com/api/race/,2026-10-09,奈良,9,1791556200,095320261009,1791555900,1572.549045085907,position_prob_v11_high_payout_20261007,3連単,700,38010.0,37310.0,700,672.0,False,external holdout ROI target was not met,02f306055c6d5e2aa86381af2f1bff6fb6d903971941dfd9ad4dfe47a943b6cd,2026-10-09T22:58:47+09:00,near-close snapshot
