strategy_version,bets_recorded,bets_total,bets_decided,bets_pending,bets_missing_official_payout,bets_excluded_after_close,bets_excluded_unknown_time,hits,hit_rate,stake_yen,return_yen,profit_yen,return_rate,roi
morning_odds_legacy_v1,214,212,212,0,0,2,0,12,0.05660377358490566,78400,25910,-52490,0.33048469387755103,-0.669515306122449
near_close_v2_20260805,3123,3123,3123,0,0,0,0,43,0.013768812039705411,1901600,880720,-1020880,0.46314682372738747,-0.5368531762726125
near_close_v4_position_20261004,106,106,106,0,0,0,0,2,0.018867924528301886,200000,372880,172880,1.8644,0.8644
position_ev_v5_20261006,133,133,133,0,0,0,0,1,0.007518796992481203,100800,251840,151040,2.4984126984126984,1.4984126984126984
position_ev_v6_20261006,203,203,203,0,0,0,0,1,0.0049261083743842365,197100,47760,-149340,0.24231354642313546,-0.7576864535768645
position_prob_v10_balanced_risk_20261007,133,133,133,0,0,0,0,0,0.0,129700,0,-129700,0.0,-1.0
position_prob_v11_high_payout_20261007,1437,1437,1418,19,0,0,0,21,0.014809590973201692,1837800,1295490,-542310,0.7049134835128958,-0.29508651648710416
position_prob_v7_20261007,485,485,485,0,0,0,0,5,0.010309278350515464,459000,164920,-294080,0.3593028322440087,-0.6406971677559913
position_prob_v8_risk_governed_20261007,48,48,48,0,0,0,0,1,0.020833333333333332,34300,24250,-10050,0.706997084548105,-0.29300291545189505
