variant,races,hits,hit_rate,updated_at_jst
core_model,169,81,0.47928994082840237,2026-10-07T14:01:46+09:00
chaser_guard,214,96,0.4485981308411215,2026-10-07T14:01:46+09:00
second_wheel,445,193,0.4337078651685393,2026-10-07T14:01:46+09:00
pace_conflict,445,190,0.42696629213483145,2026-10-07T14:01:46+09:00
variable_line,445,190,0.42696629213483145,2026-10-07T14:01:46+09:00
production,445,189,0.4247191011235955,2026-10-07T14:01:46+09:00
race_scenario,445,185,0.4157303370786517,2026-10-07T14:01:46+09:00
difficulty_router,99,0,0.0,2026-10-07T14:01:46+09:00
second_pick_reversal_live,99,0,0.0,2026-10-07T14:01:46+09:00
