date,venue,race_no,race_id,start_at,close_at,predicted_winner_car_no,predicted_winner_player_id,predicted_win_prob,prediction_created_at_jst,top1_top2_margin,line_position,line_size,style,rider_strength,player_elo,race_attack_pressure,other_line_attack_pressure,second_pick_car_no,second_pick_player_id,second_pick_prob,second_pick_line_position,second_pick_style,second_pick_strength,second_pick_elo
2026-09-30,防府,1,016320260930,1790724600,1790724300,2,14267,0.6779077518383626,2026-09-30T23:01:47+09:00,,,,,,,,,,,,,,,
2026-09-30,佐世保,1,018520260930,1790725200,1790724900,3,15947,0.5136186150953375,2026-09-30T23:01:47+09:00,,,,,,,,,,,,,,,
2026-09-30,防府,2,026320260930,1790725800,1790725500,2,14556,0.5794499787840487,2026-09-30T23:01:47+09:00,,,,,,,,,,,,,,,
2026-09-30,佐世保,2,028520260930,1790726400,1790726100,5,15023,0.693158039962962,2026-09-30T23:01:47+09:00,,,,,,,,,,,,,,,
2026-09-30,防府,3,036320260930,1790727000,1790726700,2,14709,0.3704027929667139,2026-09-30T23:01:47+09:00,,,,,,,,,,,,,,,
2026-09-30,佐世保,3,038520260930,1790727600,1790727300,1,15189,0.5421194829769315,2026-09-30T23:01:47+09:00,,,,,,,,,,,,,,,
2026-09-30,防府,4,046320260930,1790728200,1790727900,3,15627,0.7621913722184814,2026-09-30T23:01:47+09:00,,,,,,,,,,,,,,,
2026-09-30,佐世保,4,048520260930,1790728800,1790728500,3,13435,0.4878293806203297,2026-09-30T23:01:47+09:00,,,,,,,,,,,,,,,
2026-09-30,防府,5,056320260930,1790729400,1790729100,1,15817,0.3604459060633258,2026-09-30T23:01:47+09:00,,,,,,,,,,,,,,,
2026-09-30,佐世保,5,058520260930,1790730000,1790729700,1,15556,0.6755471166046766,2026-09-30T23:01:47+09:00,,,,,,,,,,,,,,,
2026-09-30,防府,6,066320260930,1790730600,1790730300,2,15288,0.5609628667178331,2026-09-30T23:01:47+09:00,,,,,,,,,,,,,,,
2026-09-30,佐世保,6,068520260930,1790731200,1790730900,5,13054,0.4525493871135218,2026-09-30T23:01:47+09:00,,,,,,,,,,,,,,,
2026-09-30,防府,7,076320260930,1790731800,1790731500,5,15365,0.483608428375107,2026-09-30T23:01:47+09:00,,,,,,,,,,,,,,,
2026-09-30,佐世保,7,078520260930,1790732400,1790732100,1,15927,0.4727934674245609,2026-09-30T23:01:47+09:00,,,,,,,,,,,,,,,
2026-09-30,広島,1,016220260930,1790732700,1790732400,7,14353,0.4271738156039179,2026-09-30T23:01:47+09:00,,,,,,,,,,,,,,,
2026-09-30,広島,2,026220260930,1790734440,1790734140,2,14461,0.5267892241534744,2026-09-30T23:01:47+09:00,,,,,,,,,,,,,,,
2026-09-30,広島,3,036220260930,1790736180,1790735880,2,14410,0.4211015379452301,2026-09-30T23:01:47+09:00,,,,,,,,,,,,,,,
2026-09-30,広島,4,046220260930,1790737920,1790737620,3,12895,0.663266179567866,2026-09-30T23:01:47+09:00,,,,,,,,,,,,,,,
2026-09-30,広島,5,056220260930,1790739660,1790739360,4,15928,0.5614122426279412,2026-09-30T23:01:47+09:00,,,,,,,,,,,,,,,
2026-09-30,広島,6,066220260930,1790741400,1790741100,1,15941,0.4359278804510615,2026-09-30T23:01:47+09:00,,,,,,,,,,,,,,,
2026-09-30,広島,7,076220260930,1790743140,1790742840,5,16030,0.6434683938441162,2026-09-30T23:01:47+09:00,,,,,,,,,,,,,,,
2026-09-30,広島,8,086220260930,1790744880,1790744580,2,14109,0.6499205035726651,2026-09-30T23:01:47+09:00,,,,,,,,,,,,,,,
2026-09-30,広島,9,096220260930,1790746680,1790746380,4,15646,0.6313287759622865,2026-09-30T23:01:47+09:00,,,,,,,,,,,,,,,
2026-09-30,広島,10,106220260930,1790748480,1790748180,7,13900,0.3143444601391655,2026-09-30T23:01:47+09:00,,,,,,,,,,,,,,,
2026-09-30,広島,11,116220260930,1790750340,1790750040,5,15731,0.5602490518438494,2026-09-30T23:01:47+09:00,,,,,,,,,,,,,,,
2026-09-30,平塚,1,013520260930,1790751000,1790750700,2,14866,0.4856464961137834,2026-09-30T23:01:47+09:00,,,,,,,,,,,,,,,
2026-09-30,広島,12,126220260930,1790752200,1790751900,5,13880,0.5913304065651369,2026-09-30T23:01:47+09:00,,,,,,,,,,,,,,,
2026-09-30,平塚,2,023520260930,1790752620,1790752320,2,14743,0.7647327486045392,2026-09-30T23:01:47+09:00,,,,,,,,,,,,,,,
2026-09-30,平塚,3,033520260930,1790754240,1790753940,5,14257,0.4832303349217945,2026-09-30T23:01:47+09:00,,,,,,,,,,,,,,,
2026-09-30,平塚,4,043520260930,1790755920,1790755620,6,15940,0.5288816456313371,2026-09-30T23:01:47+09:00,,,,,,,,,,,,,,,
2026-09-30,平塚,5,053520260930,1790757600,1790757300,1,15617,0.5681877991512809,2026-09-30T23:01:47+09:00,,,,,,,,,,,,,,,
2026-09-30,平塚,6,063520260930,1790759280,1790758980,4,15754,0.5255166185039064,2026-09-30T23:01:47+09:00,,,,,,,,,,,,,,,
2026-09-30,平塚,7,073520260930,1790760960,1790760660,7,15752,0.484604274737232,2026-09-30T23:01:47+09:00,,,,,,,,,,,,,,,
2026-09-30,平塚,8,083520260930,1790762640,1790762340,3,14066,0.3191933416960295,2026-09-30T23:01:47+09:00,,,,,,,,,,,,,,,
2026-09-30,平塚,9,093520260930,1790764320,1790764020,2,15965,0.4555921686304282,2026-09-30T23:01:47+09:00,,,,,,,,,,,,,,,
2026-09-30,平塚,10,103520260930,1790766060,1790765760,1,15219,0.5335131299274013,2026-09-30T23:01:47+09:00,,,,,,,,,,,,,,,
2026-09-30,平塚,11,113520260930,1790767800,1790767500,2,15919,0.4601219957529467,2026-09-30T23:01:47+09:00,,,,,,,,,,,,,,,
2026-09-30,奈良,1,015320260930,1790768460,1790768160,1,15190,0.4555162986261805,2026-09-30T23:01:47+09:00,,,,,,,,,,,,,,,
2026-09-30,青森,1,011220260930,1790768940,1790768640,2,15587,0.5140150135865137,2026-09-30T23:01:47+09:00,,,,,,,,,,,,,,,
2026-09-30,前橋,1,012220260930,1790769420,1790769120,1,15166,0.6372475641318813,2026-09-30T23:01:47+09:00,,,,,,,,,,,,,,,
2026-09-30,奈良,2,025320260930,1790769900,1790769600,1,15110,0.4054156781410162,2026-09-30T23:01:47+09:00,,,,,,,,,,,,,,,
2026-09-30,青森,2,021220260930,1790770380,1790770080,1,15501,0.8006587566264453,2026-09-30T23:01:47+09:00,,,,,,,,,,,,,,,
2026-09-30,前橋,2,022220260930,1790770860,1790770560,2,13974,0.404846684149225,2026-09-30T23:01:47+09:00,,,,,,,,,,,,,,,
2026-09-30,奈良,3,035320260930,1790771340,1790771040,1,16006,0.6948575793471626,2026-09-30T23:01:47+09:00,,,,,,,,,,,,,,,
2026-09-30,青森,3,031220260930,1790771820,1790771520,1,14805,0.551686985710178,2026-09-30T23:01:47+09:00,,,,,,,,,,,,,,,
2026-09-30,前橋,3,032220260930,1790772300,1790772000,1,15257,0.450546570663448,2026-09-30T23:01:47+09:00,,,,,,,,,,,,,,,
2026-09-30,奈良,4,045320260930,1790772780,1790772480,2,15998,0.5235235227705981,2026-09-30T23:01:47+09:00,,,,,,,,,,,,,,,
2026-09-30,青森,4,041220260930,1790773260,1790772960,2,14717,0.6486456020422897,2026-09-30T23:01:47+09:00,,,,,,,,,,,,,,,
2026-09-30,前橋,4,042220260930,1790773740,1790773440,1,15978,0.5833713821353013,2026-09-30T23:01:47+09:00,,,,,,,,,,,,,,,
2026-09-30,奈良,5,055320260930,1790774280,1790773980,1,15841,0.4226226535676958,2026-09-30T23:01:47+09:00,,,,,,,,,,,,,,,
2026-09-30,青森,5,051220260930,1790774820,1790774520,2,14862,0.3138082475955805,2026-09-30T23:01:47+09:00,,,,,,,,,,,,,,,
2026-09-30,前橋,5,052220260930,1790775360,1790775060,1,15969,0.6848298784771306,2026-09-30T23:01:47+09:00,,,,,,,,,,,,,,,
2026-09-30,奈良,6,065320260930,1790775900,1790775600,1,15606,0.6143954730000425,2026-09-30T23:01:47+09:00,,,,,,,,,,,,,,,
2026-09-30,青森,6,061220260930,1790776440,1790776140,2,13555,0.5299807949489606,2026-09-30T23:01:47+09:00,,,,,,,,,,,,,,,
2026-09-30,前橋,6,062220260930,1790776980,1790776680,1,15991,0.9295872290578604,2026-09-30T23:01:47+09:00,,,,,,,,,,,,,,,
2026-09-30,奈良,7,075320260930,1790777520,1790777220,1,15973,0.9084043558926176,2026-09-30T23:01:47+09:00,,,,,,,,,,,,,,,
2026-09-30,青森,7,071220260930,1790778060,1790777760,1,15262,0.6541477197514631,2026-09-30T23:01:47+09:00,,,,,,,,,,,,,,,
2026-09-30,前橋,7,072220260930,1790778600,1790778300,1,15983,0.8762198751301694,2026-09-30T23:01:47+09:00,,,,,,,,,,,,,,,
2026-10-01,防府,1,016320261001,1790811000,1790810700,3,12452,0.7370229361431566,2026-10-01T22:48:44+09:00,0.6363094712193764,2.0,2.0,追,,,,,1.0,15563,0.10071346492378022,1.0,逃,,
2026-10-01,佐世保,1,018520261001,1790811600,1790811300,7,15853,0.6713087754114484,2026-10-01T22:48:44+09:00,0.46172383435837183,1.0,1.0,両,,,,,6.0,15410,0.20958494105307654,1.0,両,,
2026-10-01,防府,2,026320261001,1790812200,1790811900,3,15659,0.35977634875905684,2026-10-01T22:48:44+09:00,0.08648123918743594,1.0,3.0,逃,,,,,2.0,14332,0.2732951095716209,3.0,追,,
2026-10-01,佐世保,2,028520261001,1790812800,1790812500,5,15947,0.5035906775342653,2026-10-01T22:48:44+09:00,0.037776138131434156,1.0,1.0,両,,,,,4.0,15023,0.4658145394028312,1.0,両,,
2026-10-01,防府,3,036320261001,1790813400,1790813100,5,12544,0.4402414897738875,2026-10-01T22:48:44+09:00,0.0518512369671848,2.0,3.0,追,,,,,3.0,14556,0.3883902528067027,1.0,両,,
2026-10-01,佐世保,3,038520261001,1790814000,1790813700,5,15812,0.40404024598848565,2026-10-01T22:48:44+09:00,0.16076874528330937,1.0,2.0,逃,,,,,2.0,15909,0.24327150070517628,1.0,逃,,
2026-10-01,防府,4,046320261001,1790814600,1790814300,4,15285,0.5401139467276967,2026-10-01T22:48:44+09:00,0.327713491162517,1.0,2.0,逃,,,,,2.0,15627,0.21240045556517972,1.0,逃,,
2026-10-01,佐世保,4,048520261001,1790815200,1790814900,5,14400,0.3671371521801437,2026-10-01T22:48:44+09:00,0.16226350881807033,2.0,2.0,追,,,,,2.0,15114,0.20487364336207337,1.0,逃,,
2026-10-01,防府,5,056320261001,1790815800,1790815500,3,14263,0.6087648497844913,2026-10-01T22:48:44+09:00,0.29811248021172165,2.0,3.0,追,,,,,5.0,15931,0.31065236957276965,1.0,逃,,
2026-10-01,佐世保,5,058520261001,1790816400,1790816100,3,13650,0.4425796412561068,2026-10-01T22:48:44+09:00,0.1722212956028688,2.0,2.0,両,,,,,1.0,15005,0.270358345653238,2.0,両,,
2026-10-01,防府,6,066320261001,1790817000,1790816700,4,15830,0.5127249574306456,2026-10-01T22:48:44+09:00,0.27650568644436857,1.0,3.0,逃,,,,,7.0,15193,0.236219270986277,2.0,両,,
2026-10-01,佐世保,6,068520261001,1790817600,1790817300,4,15208,0.5807713059415543,2026-10-01T22:48:44+09:00,0.3878626978642371,1.0,2.0,両,,,,,1.0,15212,0.19290860807731725,2.0,追,,
2026-10-01,防府,7,076320261001,1790818200,1790817900,1,15365,0.5144388448149605,2026-10-01T22:48:44+09:00,0.3589884728134842,2.0,2.0,両,,,,,4.0,15817,0.15545037200147624,1.0,逃,,
2026-10-01,佐世保,7,078520261001,1790818800,1790818500,3,15927,0.6227566497870956,2026-10-01T22:48:44+09:00,0.5050283916707302,1.0,3.0,逃,,,,,7.0,13054,0.11772825811636531,2.0,追,,
2026-10-01,大宮,1,012520261001,1790819100,1790818800,1,14779,0.5726922388688741,2026-10-01T22:48:44+09:00,0.30788183275239334,2.0,3.0,追,,,,,4.0,15748,0.26481040611648077,1.0,逃,,
2026-10-01,松阪,1,014720261001,1790819880,1790819580,1,15826,0.46162654453787005,2026-10-01T22:48:44+09:00,0.1777736043739116,1.0,3.0,逃,,,,,2.0,15199,0.28385294016395846,2.0,追,,
2026-10-01,大宮,2,022520261001,1790820720,1790820420,1,15245,0.6670345130226936,2026-10-01T22:48:44+09:00,0.5717008402394946,1.0,3.0,逃,,,,,2.0,14204,0.0953336727831989,2.0,追,,
2026-10-01,松阪,2,024720261001,1790821560,1790821260,1,14809,0.3682747382996122,2026-10-01T22:48:44+09:00,0.008970532392816477,2.0,3.0,追,,,,,2.0,15476,0.35930420590679574,1.0,逃,,
2026-10-01,大宮,3,032520261001,1790822400,1790822100,4,15550,0.4465314905078746,2026-10-01T22:48:44+09:00,0.08880712836690935,1.0,3.0,逃,,,,,3.0,13885,0.35772436214096526,2.0,追,,
2026-10-01,松阪,3,034720261001,1790823240,1790822940,9,15066,0.35855902428900777,2026-10-01T22:48:44+09:00,0.08042986675100317,1.0,2.0,両,,,,,1.0,12339,0.2781291575380046,2.0,追,,
2026-10-01,大宮,4,042520261001,1790824080,1790823780,1,14178,0.6440379284039965,2026-10-01T22:48:44+09:00,0.46896077863001834,1.0,2.0,両,,,,,7.0,15693,0.1750771497739782,1.0,逃,,
2026-10-01,松阪,4,044720261001,1790824920,1790824620,7,14182,0.24565735884233733,2026-10-01T22:48:44+09:00,0.07120205447655403,2.0,3.0,両,,,,,5.0,14718,0.1744553043657833,1.0,両,,
2026-10-01,大宮,5,052520261001,1790825760,1790825460,2,15346,0.30930579153224064,2026-10-01T22:48:44+09:00,0.037215821144813865,1.0,2.0,逃,,,,,1.0,15508,0.27208997038742677,1.0,逃,,
2026-10-01,松阪,5,054720261001,1790826600,1790826300,5,14545,0.31356795224758893,2026-10-01T22:48:44+09:00,0.016842370243233318,2.0,3.0,両,,,,,1.0,15006,0.2967255820043556,1.0,逃,,
2026-10-01,大宮,6,062520261001,1790827440,1790827140,7,14800,0.33068932874633294,2026-10-01T22:48:44+09:00,0.09393087028732514,1.0,2.0,逃,,,,,2.0,13719,0.2367584584590078,2.0,両,,
2026-10-01,松阪,6,064720261001,1790828280,1790827980,9,13963,0.3346176457915336,2026-10-01T22:48:44+09:00,0.08072450848950663,2.0,3.0,追,,,,,5.0,15832,0.25389313730202695,1.0,逃,,
2026-10-01,大宮,7,072520261001,1790829120,1790828820,5,15328,0.44644415263358145,2026-10-01T22:48:44+09:00,0.10083688218749254,2.0,3.0,追,,,,,3.0,15787,0.3456072704460889,1.0,逃,,
2026-10-01,松阪,7,074720261001,1790829960,1790829660,5,15179,0.34312733642127136,2026-10-01T22:48:44+09:00,0.054541008243150446,2.0,3.0,両,,,,,2.0,15822,0.2885863281781209,1.0,逃,,
2026-10-01,大宮,8,082520261001,1790830860,1790830560,4,15173,0.47300773985334904,2026-10-01T22:48:44+09:00,0.24927064191948933,1.0,3.0,逃,,,,,1.0,14846,0.2237370979338597,1.0,両,,
2026-10-01,松阪,8,084720261001,1790831760,1790831460,9,14113,0.3613205859604666,2026-10-01T22:48:44+09:00,0.16917506777755933,1.0,2.0,逃,,,,,1.0,15383,0.1921455181829073,2.0,追,,
2026-10-01,大宮,9,092520261001,1790832660,1790832360,3,14886,0.5243322361103919,2026-10-01T22:48:44+09:00,0.32110420005065254,2.0,2.0,両,,,,,7.0,14500,0.2032280360597394,2.0,追,,
2026-10-01,松阪,9,094720261001,1790833560,1790833260,1,14940,0.6014426993134048,2026-10-01T22:48:44+09:00,0.43553966281237244,2.0,3.0,逃,,,,,3.0,15347,0.16590303650103233,1.0,逃,,
2026-10-01,大宮,10,102520261001,1790834460,1790834160,1,14020,0.5351991103592163,2026-10-01T22:48:44+09:00,0.24670064708734807,2.0,3.0,両,,,,,5.0,15096,0.28849846327186823,1.0,逃,,
2026-10-01,松阪,10,104720261001,1790835360,1790835060,7,15439,0.5287036919830022,2026-10-01T22:48:44+09:00,0.29793680309683923,2.0,3.0,両,,,,,2.0,15261,0.23076688888616292,1.0,逃,,
2026-10-01,大宮,11,112520261001,1790836320,1790836020,7,15248,0.8474518560861923,2026-10-01T22:48:44+09:00,0.7822293305176482,1.0,3.0,逃,,,,,5.0,13514,0.06522252556854419,2.0,追,,
2026-10-01,松阪,11,114720261001,1790837280,1790836980,9,15789,0.5610867805214902,2026-10-01T22:48:44+09:00,0.3511929094939107,1.0,3.0,逃,,,,,1.0,13982,0.20989387102757948,2.0,追,,
2026-10-01,川崎,1,013420261001,1790837700,1790837400,5,15880,0.31303645373684647,2026-10-01T22:48:44+09:00,0.028716504787053065,1.0,3.0,逃,,,,,1.0,14634,0.2843199489497934,2.0,追,,
2026-10-01,大宮,12,122520261001,1790838180,1790837880,2,15341,0.39319437212891273,2026-10-01T22:48:44+09:00,0.2523599885991282,1.0,2.0,両,,,,,4.0,15051,0.14083438352978453,2.0,両,,
2026-10-01,久留米,1,018320261001,1790838600,1790838300,5,15900,0.5998194163744284,2026-10-01T22:48:44+09:00,0.41766959625770406,1.0,3.0,逃,,,,,3.0,12208,0.18214982011672431,2.0,追,,
2026-10-01,川崎,2,023420261001,1790839080,1790838780,1,14822,0.4644141982647624,2026-10-01T22:48:44+09:00,0.11589322873643637,2.0,3.0,両,,,,,3.0,15820,0.348520969528326,1.0,逃,,
2026-10-01,松阪,12,124720261001,1790839500,1790839200,1,14741,0.4537683376850311,2026-10-01T22:48:44+09:00,0.3171294754401748,1.0,2.0,両,,,,,2.0,15035,0.13663886224485633,2.0,両,,
2026-10-01,久留米,2,028320261001,1790839920,1790839620,7,15993,0.8087640758586149,2026-10-01T22:48:44+09:00,0.6792013965969347,1.0,4.0,逃,,,,,1.0,14093,0.1295626792616802,2.0,追,,
2026-10-01,川崎,3,033420261001,1790840520,1790840220,4,15904,0.6227041433088821,2026-10-01T22:48:44+09:00,0.4587439641437412,1.0,4.0,逃,,,,,1.0,14077,0.16396017916514094,1.0,両,,
2026-10-01,久留米,3,038320261001,1790841240,1790840940,1,16008,0.677099805575054,2026-10-01T22:48:44+09:00,0.4438246730297993,1.0,2.0,逃,,,,,4.0,14046,0.23327513254525473,2.0,追,,
2026-10-01,川崎,4,043420261001,1790841960,1790841660,4,15872,0.7712918404163653,2026-10-01T22:48:44+09:00,0.6750765355917328,1.0,3.0,逃,,,,,2.0,14302,0.0962153048246326,2.0,追,,
2026-10-01,久留米,4,048320261001,1790842680,1790842380,1,15637,0.8706680633863595,2026-10-01T22:48:44+09:00,0.8221714890996294,1.0,3.0,逃,,,,,5.0,13802,0.04849657428673006,2.0,追,,
2026-10-01,川崎,5,053420261001,1790843400,1790843100,3,15116,0.6562526333118868,2026-10-01T22:48:44+09:00,0.46528471856252407,1.0,1.0,逃,,,,,1.0,15194,0.19096791474936273,2.0,逃,,
2026-10-01,久留米,5,058320261001,1790844120,1790843820,4,15666,0.6382619779903277,2026-10-01T22:48:44+09:00,0.32535478423275516,1.0,1.0,逃,,,,,5.0,15220,0.31290719375757253,1.0,両,,
2026-10-01,川崎,6,063420261001,1790844840,1790844540,5,15183,0.6126586865086696,2026-10-01T22:48:44+09:00,0.4887010927296632,1.0,2.0,両,,,,,7.0,14465,0.12395759377900642,2.0,両,,
2026-10-01,久留米,6,068320261001,1790845560,1790845260,7,15080,0.9249696884869549,2026-10-01T22:48:44+09:00,0.894722155112559,1.0,1.0,逃,,,,,4.0,15584,0.030247533374395848,1.0,両,,
2026-10-01,川崎,7,073420261001,1790846280,1790845980,5,15645,0.5893578129760878,2026-10-01T22:48:44+09:00,0.34204025626007645,1.0,3.0,両,,,,,3.0,14553,0.24731755671601136,2.0,追,,
2026-10-01,久留米,7,078320261001,1790847000,1790846700,7,15914,0.6318189657846421,2026-10-01T22:48:44+09:00,0.3832081544422493,1.0,4.0,逃,,,,,1.0,14193,0.24861081134239282,2.0,追,,
2026-10-01,川崎,8,083420261001,1790847780,1790847480,7,15528,0.2616990181532902,2026-10-01T22:48:44+09:00,0.03997767573355773,1.0,2.0,逃,,,,,1.0,14081,0.2217213424197325,2.0,追,,
2026-10-01,久留米,8,088320261001,1790848560,1790848260,1,15753,0.593184032929126,2026-10-01T22:48:44+09:00,0.41820422079376285,1.0,2.0,逃,,,,,4.0,15377,0.1749798121353632,1.0,逃,,
2026-10-01,川崎,9,093420261001,1790849340,1790849040,4,14955,0.3900089193321298,2026-10-01T22:48:44+09:00,0.1589074095190003,2.0,3.0,両,,,,,7.0,15129,0.2311015098131295,1.0,逃,,
2026-10-01,久留米,9,098320261001,1790850120,1790849820,1,15560,0.5947297366147036,2026-10-01T22:48:44+09:00,0.36713270523392166,1.0,3.0,逃,,,,,5.0,11854,0.22759703138078197,2.0,追,,
2026-10-01,川崎,10,103420261001,1790850900,1790850600,1,15598,0.3620211460896705,2026-10-01T22:48:44+09:00,0.0249939002694215,1.0,2.0,逃,,,,,7.0,13628,0.337027245820249,2.0,追,,
2026-10-01,久留米,10,108320261001,1790851680,1790851380,3,15926,0.6547691134968261,2026-10-01T22:48:44+09:00,0.36444198448900184,1.0,4.0,逃,,,,,7.0,14953,0.29032712900782426,2.0,追,,
2026-10-01,川崎,11,113420261001,1790852520,1790852220,4,14833,0.35573054353534667,2026-10-01T22:48:44+09:00,0.14039129216846075,2.0,3.0,両,,,,,7.0,15324,0.21533925136688592,1.0,逃,,
2026-10-01,久留米,11,118320261001,1790853360,1790853060,5,15751,0.5468139329136246,2026-10-01T22:48:44+09:00,0.37559952272806907,1.0,2.0,逃,,,,,1.0,15204,0.1712144101855555,2.0,逃,,
2026-10-01,川崎,12,123420261001,1790854200,1790853900,5,14505,0.29993108074446906,2026-10-01T22:48:44+09:00,0.06361857800426002,2.0,2.0,両,,,,,4.0,15243,0.23631250274020904,1.0,逃,,
2026-10-01,奈良,1,015320261001,1790854860,1790854560,2,14072,0.390792072617189,2026-10-01T22:48:44+09:00,0.024002829305354245,1.0,2.0,両,,,,,3.0,14274,0.36678924331183477,1.0,両,,
2026-10-01,青森,1,011220261001,1790855340,1790855040,1,15855,0.8150263104907074,2026-10-01T22:48:44+09:00,0.7484310701313965,1.0,1.0,逃,,,,,3.0,16043,0.06659524035931091,1.0,両,,
2026-10-01,前橋,1,012220261001,1790855820,1790855520,1,15482,0.6178679618922185,2026-10-01T22:48:44+09:00,0.44028082979939887,1.0,2.0,逃,,,,,4.0,15962,0.1775871320928196,1.0,逃,,
2026-10-01,奈良,2,025320261001,1790856300,1790856000,1,15998,0.7236116889881234,2026-10-01T22:48:44+09:00,0.5271681120641956,1.0,3.0,逃,,,,,5.0,14101,0.19644357692392786,2.0,両,,
2026-10-01,青森,2,021220261001,1790856780,1790856480,1,15501,0.4666828835390008,2026-10-01T22:48:44+09:00,0.0,1.0,1.0,逃,,,,,2.0,15587,0.4666828835390008,1.0,両,,
2026-10-01,前橋,2,022220261001,1790857260,1790856960,1,13974,0.5680426838912976,2026-10-01T22:48:44+09:00,0.30731354446428844,1.0,2.0,両,,,,,4.0,13082,0.2607291394270092,2.0,両,,
2026-10-01,奈良,3,035320261001,1790857740,1790857440,1,15841,0.6704696471383789,2026-10-01T22:48:44+09:00,0.4142420365278176,1.0,4.0,逃,,,,,2.0,15472,0.25622761061056126,2.0,両,,
2026-10-01,青森,3,031220261001,1790858220,1790857920,2,13601,0.38712910681380724,2026-10-01T22:48:44+09:00,0.10156196654322103,1.0,1.0,追,,,,,1.0,12960,0.2855671402705862,2.0,追,,
2026-10-01,前橋,3,032220261001,1790858700,1790858400,1,13235,0.36677053164464024,2026-10-01T22:48:44+09:00,0.16821016469383376,2.0,3.0,追,,,,,6.0,15158,0.19856036695080648,1.0,逃,,
2026-10-01,奈良,4,045320261001,1790859180,1790858880,1,15606,0.7578419382070767,2026-10-01T22:48:44+09:00,0.6403288479007729,1.0,3.0,逃,,,,,4.0,14880,0.11751309030630369,1.0,逃,,
2026-10-01,青森,4,041220261001,1790859660,1790859360,1,15526,0.6906473364664395,2026-10-01T22:48:44+09:00,0.5610965076456067,1.0,4.0,逃,,,,,2.0,13988,0.1295508288208328,2.0,追,,
2026-10-01,前橋,4,042220261001,1790860140,1790859840,1,13767,0.31838472773548127,2026-10-01T22:48:44+09:00,0.04955985835642124,2.0,2.0,追,,,,,4.0,13768,0.26882486937906,1.0,追,,
2026-10-01,奈良,5,055320261001,1790860680,1790860380,1,15190,0.38114426310330374,2026-10-01T22:48:44+09:00,0.10372994370652039,1.0,2.0,逃,,,,,3.0,14787,0.27741431939678335,2.0,両,,
2026-10-01,青森,5,051220261001,1790861220,1790860920,2,15790,0.5729505788502679,2026-10-01T22:48:44+09:00,0.38498299227380806,1.0,3.0,逃,,,,,1.0,14298,0.18796758657645984,1.0,両,,
2026-10-01,前橋,5,052220261001,1790861760,1790861460,1,15991,0.8197707319105211,2026-10-01T22:48:44+09:00,0.6943797812445209,1.0,2.0,逃,,,,,2.0,15978,0.12539095066600012,1.0,逃,,
2026-10-01,奈良,6,065320261001,1790862300,1790862000,1,16006,0.5594016575974732,2026-10-01T22:48:44+09:00,0.31799849389416873,1.0,3.0,逃,,,,,3.0,15110,0.24140316370330445,2.0,逃,,
2026-10-01,青森,6,061220261001,1790862840,1790862540,1,15262,0.9354410655059162,2026-10-01T22:48:44+09:00,0.9113744952216475,1.0,2.0,逃,,,,,4.0,15800,0.024066570284268722,1.0,逃,,
2026-10-01,前橋,6,062220261001,1790863380,1790863080,3,015969,0.43372584425575567,2026-10-01T22:48:44+09:00,0.26044741096634216,1.0,3.0,逃,,,,,1.0,015166,0.1732784332894135,1.0,逃,,
2026-10-01,奈良,7,075320261001,1790863920,1790863620,1,015973,0.8466220181427802,2026-10-01T22:48:44+09:00,0.7808947305237572,1.0,2.0,逃,,,,,2.0,012586,0.06572728761902291,2.0,追,,
2026-10-01,青森,7,071220261001,1790864460,1790864160,2,015689,0.6763920058183863,2026-10-01T22:48:44+09:00,0.4647317717929691,1.0,3.0,逃,,,,,1.0,013996,0.2116602340254172,2.0,追,,
2026-10-01,前橋,7,072220261001,1790865000,1790864700,1,015983,0.8240917207883304,2026-10-01T22:48:44+09:00,0.7461474255741657,1.0,3.0,逃,,,,,2.0,012649,0.07794429521416468,2.0,追,,
