race_id,actual_trifecta,official_result_available
018320261001,7-3-4,True
028320261001,7-1-5,True
038320261001,1-4-3,True
048320261001,1-5-3,True
058320261001,4-1-5,True
068320261001,7-1-2,True
078320261001,7-1-3,True
088320261001,3-2-7,True
098320261001,1-5-3,True
108320261001,7-3-4,True
118320261001,2-5-7,True
018520261001,7-1-3,True
028520261001,5-7-4,True
038520261001,3-5-7,True
048520261001,4-7-3,True
058520261001,1-5-4,True
068520261001,7-3-5,True
078520261001,3-7-1,True
012220261001,1-4-2,True
022220261001,4-2-5,True
032220261001,6-4-5,True
042220261001,5-3-6,True
052220261001,1-4-2,True
062220261001,3-1-7,True
072220261001,,False
012520261001,1-4-2,True
022520261001,1-7-6,True
032520261001,3-4-1,True
042520261001,1-4-7,True
052520261001,2-7-3,True
062520261001,7-4-3,True
072520261001,2-1-5,True
082520261001,7-4-3,True
092520261001,2-7-6,True
102520261001,5-1-4,True
112520261001,7-2-5,True
122520261001,5-7-4,True
015320261001,3-4-1,True
025320261001,5-6-1,True
035320261001,1-2-7,True
045320261001,1-3-4,True
055320261001,3-4-1,True
065320261001,5-1-3,True
075320261001,1-2-3,True
013420261001,5-2-1,True
023420261001,2-1-4,True
033420261001,1-7-4,True
043420261001,4-2-5,True
053420261001,7-2-1,True
063420261001,1-4-6,True
073420261001,3-5-7,True
083420261001,4-6-2,True
093420261001,7-4-1,True
103420261001,7-1-4,True
113420261001,7-2-3,True
123420261001,2-5-1,True
014720261001,8-1-5,True
024720261001,9-4-2,True
034720261001,6-4-1,True
044720261001,9-2-8,True
054720261001,5-1-2,True
064720261001,9-5-3,True
074720261001,7-3-8,True
084720261001,9-1-8,True
094720261001,1-7-5,True
104720261001,7-2-9,True
114720261001,3-6-4,True
124720261001,3-2-6,True
016320261001,1-2-4,True
026320261001,5-3-4,True
036320261001,3-5-6,True
046320261001,4-5-3,True
056320261001,5-3-7,True
066320261001,4-7-1,True
076320261001,4-5-3,True
011220261001,1-2-4,True
021220261001,1-2-5,True
031220261001,3-5-2,True
041220261001,1-6-3,True
051220261001,2-1-3,True
061220261001,1-3-2,True
071220261001,1-5-2,True
