date,venue,race_no,race_id,start_at,close_at,predicted_winner_car_no,predicted_winner_player_id,variant,variant_score,prediction_created_at_jst,actual_winner_car_no,official_result_available,is_hit
2026-10-01,奈良,1,015320261001,1790854860,1790854560,2,14072,production,0.3784105067251762,2026-10-01T20:52:06+09:00,3.0,True,False
2026-10-01,久留米,11,118320261001,1790853360,1790853060,5,15751,production,0.6030316134855144,2026-10-01T20:52:06+09:00,2.0,True,False
2026-10-01,川崎,12,123420261001,1790854200,1790853900,5,14505,production,0.3024790723648063,2026-10-01T20:52:06+09:00,2.0,True,False
2026-10-01,奈良,1,015320261001,1790854860,1790854560,2,14072,race_scenario,0.4530396290391035,2026-10-01T20:52:06+09:00,3.0,True,False
2026-10-01,久留米,11,118320261001,1790853360,1790853060,5,15751,race_scenario,0.6271936449971505,2026-10-01T20:52:06+09:00,2.0,True,False
2026-10-01,川崎,12,123420261001,1790854200,1790853900,5,14505,race_scenario,0.3276716673351127,2026-10-01T20:52:06+09:00,2.0,True,False
2026-10-01,奈良,1,015320261001,1790854860,1790854560,2,14072,variable_line,0.3463199033588986,2026-10-01T20:52:06+09:00,3.0,True,False
2026-10-01,久留米,11,118320261001,1790853360,1790853060,5,15751,variable_line,0.5749079576316541,2026-10-01T20:52:06+09:00,2.0,True,False
2026-10-01,川崎,12,123420261001,1790854200,1790853900,5,14505,variable_line,0.2944778774049788,2026-10-01T20:52:06+09:00,2.0,True,False
2026-10-01,奈良,1,015320261001,1790854860,1790854560,2,14072,second_wheel,0.3690675180247284,2026-10-01T20:52:06+09:00,3.0,True,False
2026-10-01,久留米,11,118320261001,1790853360,1790853060,5,15751,second_wheel,0.5881427098988605,2026-10-01T20:52:06+09:00,2.0,True,False
2026-10-01,川崎,12,123420261001,1790854200,1790853900,5,14505,second_wheel,0.3342910741040833,2026-10-01T20:52:06+09:00,2.0,True,False
2026-10-01,奈良,1,015320261001,1790854860,1790854560,2,14072,pace_conflict,0.3784105067251762,2026-10-01T20:52:06+09:00,3.0,True,False
2026-10-01,久留米,11,118320261001,1790853360,1790853060,5,15751,pace_conflict,0.5861363790284877,2026-10-01T20:52:06+09:00,2.0,True,False
2026-10-01,川崎,12,123420261001,1790854200,1790853900,5,14505,pace_conflict,0.3024790723648063,2026-10-01T20:52:06+09:00,2.0,True,False
