date,venue,race_no,race_id,consensus_winner_car_no,consensus_votes,model_count,consensus_level,prediction_created_at_jst,actual_winner_car_no,official_result_available,is_hit
2026-10-01,青森,1,011220261001,1,5,5,unanimous,2026-10-01T20:52:06+09:00,1.0,True,True
2026-10-01,前橋,1,012220261001,1,5,5,unanimous,2026-10-01T20:52:06+09:00,1.0,True,True
2026-10-01,奈良,1,015320261001,2,5,5,unanimous,2026-10-01T20:52:06+09:00,3.0,True,False
2026-10-01,青森,2,021220261001,1,5,5,unanimous,2026-10-01T20:52:06+09:00,1.0,True,True
2026-10-01,前橋,2,022220261001,1,5,5,unanimous,2026-10-01T20:52:06+09:00,4.0,True,False
2026-10-01,奈良,2,025320261001,1,5,5,unanimous,2026-10-01T20:52:06+09:00,5.0,True,False
2026-10-01,青森,3,031220261001,1,5,5,unanimous,2026-10-01T20:52:06+09:00,3.0,True,False
2026-10-01,奈良,3,035320261001,1,5,5,unanimous,2026-10-01T20:52:06+09:00,1.0,True,True
2026-10-01,久留米,11,118320261001,5,5,5,unanimous,2026-10-01T20:52:06+09:00,2.0,True,False
2026-10-01,川崎,12,123420261001,5,5,5,unanimous,2026-10-01T20:52:06+09:00,2.0,True,False
