date,venue,race_no,race_id,start_at,close_at,predicted_winner_car_no,predicted_winner_player_id,predicted_win_prob,prediction_created_at_jst,top1_top2_margin,line_position,line_size,style,rider_strength,player_elo,race_attack_pressure,other_line_attack_pressure,second_pick_car_no,second_pick_player_id,second_pick_prob,second_pick_line_position,second_pick_style,second_pick_strength,second_pick_elo,actual_trifecta,official_result_available,actual_winner_car_no,is_hit,miss_reason
2026-10-01,久留米,11,118320261001,1790853360,1790853060,5,15751,0.6030316134855144,2026-10-01T20:52:06+09:00,0.4355381398632853,1.0,2.0,逃,,,,,1.0,15204.0,0.167493473622229,2.0,逃,,,2-5-7,True,2,False,other_model_miss
2026-10-01,川崎,12,123420261001,1790854200,1790853900,5,14505,0.3024790723648063,2026-10-01T20:52:06+09:00,0.0492009056716115,2.0,2.0,両,,,,,4.0,15243.0,0.2532781666931948,1.0,逃,,,2-5-1,True,2,False,other_model_miss
2026-10-01,奈良,1,015320261001,1790854860,1790854560,2,14072,0.3784105067251762,2026-10-01T20:52:06+09:00,0.0216250716384255,1.0,2.0,両,,,,,3.0,14274.0,0.3567854350867506,1.0,両,,,3-4-1,True,3,False,low_confidence_top2_close
2026-10-01,青森,1,011220261001,1790855340,1790855040,1,15855,0.946293144857876,2026-10-01T20:52:06+09:00,0.926528959210755,1.0,1.0,逃,,,,,3.0,16043.0,0.019764185647121,1.0,両,,,1-2-4,True,1,True,hit
2026-10-01,前橋,1,012220261001,1790855820,1790855520,1,15482,0.681353380913719,2026-10-01T20:52:06+09:00,0.5291749637713099,1.0,2.0,逃,,,,,4.0,15962.0,0.152178417142409,1.0,逃,,,1-4-2,True,1,True,hit
2026-10-01,奈良,2,025320261001,1790856300,1790856000,1,15998,0.8926366250603074,2026-10-01T20:52:06+09:00,0.8139615956922936,1.0,3.0,逃,,,,,5.0,14101.0,0.0786750293680137,2.0,両,,,5-6-1,True,5,False,second_pick_won
2026-10-01,青森,2,021220261001,1790856780,1790856480,1,15501,0.5984512582964396,2026-10-01T20:52:06+09:00,0.2417361144602454,1.0,1.0,逃,,,,,2.0,15587.0,0.3567151438361942,1.0,両,,,1-2-5,True,1,True,hit
2026-10-01,前橋,2,022220261001,1790857260,1790856960,1,13974,0.6871118851601729,2026-10-01T20:52:06+09:00,0.4993602317889368,1.0,2.0,両,,,,,4.0,13082.0,0.187751653371236,2.0,両,,,4-2-5,True,4,False,second_pick_won
2026-10-01,奈良,3,035320261001,1790857740,1790857440,1,15841,0.8265383394770398,2026-10-01T20:52:06+09:00,0.6883267208920869,1.0,4.0,逃,,,,,2.0,15472.0,0.1382116185849529,2.0,両,,,1-2-7,True,1,True,hit
2026-10-01,青森,3,031220261001,1790858220,1790857920,1,12960,0.3789783396279891,2026-10-01T20:52:06+09:00,0.0696768300469007,2.0,3.0,追,,,,,2.0,13601.0,0.3093015095810884,1.0,追,,,3-5-2,True,3,False,other_model_miss
