date,venue,race_no,race_id,variant,ticket_count,actual_trifecta,is_hit,winning_rank,prediction_created_at_jst
2026-10-06,防府,1,016320261006,production_top10,10,4-1-2,False,,2026-10-06T10:40:43+09:00
2026-10-06,防府,2,026320261006,production_top10,10,1-5-3,True,9.0,2026-10-06T10:40:43+09:00
2026-10-06,防府,3,036320261006,production_top10,10,6-1-5,False,,2026-10-06T10:40:43+09:00
2026-10-06,防府,4,046320261006,production_top10,10,7-3-1,False,,2026-10-06T10:40:43+09:00
2026-10-06,防府,5,056320261006,production_top10,10,1-6-4,False,,2026-10-06T10:40:43+09:00
2026-10-06,防府,6,066320261006,production_top10,10,1-5-2,True,1.0,2026-10-06T10:40:43+09:00
2026-10-06,防府,7,076320261006,production_top10,10,2-5-4,False,,2026-10-06T10:40:43+09:00
2026-10-06,大宮,1,012520261006,production_top10,10,1-7-5,False,,2026-10-06T10:40:43+09:00
2026-10-06,奈良,1,015320261006,production_top10,10,5-3-7,True,4.0,2026-10-06T10:40:43+09:00
2026-10-06,大宮,2,022520261006,production_top10,10,4-2-6,False,,2026-10-06T10:40:43+09:00
