race_id,date,venue,race_no,player_id,car_no,bracket_no,age,gender,term,prefecture,region_id,player_class,player_group,score,win_rate,place2_rate,place3_rate,back_count,standing_count,front_runner_count,stalker_count,deep_closer_count,marker_count,gear_ratio,prediction_mark,style,recent_avg_finish,recent_races_count,current_cup_avg_finish,days_since_last_race,venue_win_rate,track_win_rate,track_place2_rate,track_place3_rate,track_races,weather_win_rate,weather_place2_rate,weather_place3_rate,weather_races,race_type_win_rate,race_type_place2_rate,race_type_place3_rate,race_type_races,hour_win_rate,hour_place2_rate,hour_place3_rate,hour_races,line_role_win_rate,line_role_place2_rate,line_role_place3_rate,line_role_races,line_id,line_position,line_size,is_line_leader,number_of_lines,line_type,weather,wind_speed,meeting_day,entries_number,is_grade_race,start_at,close_at,current_term_class,current_term_group,previous_term_class,previous_term_group,odds_win,finish_pos,official_finish_pos,result_available,is_dnf,result_status,data_origin,source_provider,source_url,commercial_use_status,derived_feature_version,player_name,race_class,race_type,distance
058320261001,2026-10-01,久留米,5,014896,1,1,34,女,102,大分,8,4,1,50.28,0.062,0.156,0.281,2,0,1,2,1,1,3.77,4,追,4.5,10,,6,,0.0,0.11,0.22,9.0,,,,0.0,0.0,0.0,0.0,0.0,0.04,0.12,0.12,25.0,0.0,0.0,0.0,0.0,2,1,1,1,7,細切れ,,0.0,1,7,0,1790844120,1790843820,4,1,4,1,,,,0,0,,external_public_source,winticket,https://www.winticket.jp/keirin/kurume/racecard/2026100183/1/5,review_required,race_features_v1,野口諭実可,L級,ガールズ予選(第１走),1625
058320261001,2026-10-01,久留米,5,015671,2,2,27,女,122,埼玉,2,4,1,52.75,0.040999999999999995,0.20800000000000002,0.583,0,0,0,1,0,4,3.77,3,追,3.3,10,,5,,0.0,0.16,0.41,12.0,,,,0.0,0.0,0.0,0.0,0.0,0.11,0.07,0.37,27.0,0.0,0.0,0.0,0.0,3,1,1,1,7,細切れ,,0.0,1,7,0,1790844120,1790843820,4,1,4,1,,,,0,0,,external_public_source,winticket,https://www.winticket.jp/keirin/kurume/racecard/2026100183/1/5,review_required,race_features_v1,小泉夢菜,L級,ガールズ予選(第１走),1625
058320261001,2026-10-01,久留米,5,015314,3,3,33,女,114,大阪,5,4,1,48.19,0.0,0.047,0.142,0,8,0,0,0,1,3.79,0,追,5.8,10,,5,,0.0,0.0,0.33,3.0,,,,0.0,0.0,0.0,0.0,0.0,0.0,0.0,0.14,21.0,0.0,0.0,0.0,0.0,1,1,1,1,7,細切れ,,0.0,1,7,0,1790844120,1790843820,4,1,4,1,,,,0,0,,external_public_source,winticket,https://www.winticket.jp/keirin/kurume/racecard/2026100183/1/5,review_required,race_features_v1,向井円,L級,ガールズ予選(第１走),1625
058320261001,2026-10-01,久留米,5,015666,4,4,24,女,122,神奈川,3,4,1,56.19,0.428,0.57,0.857,12,5,6,2,3,1,3.77,1,逃,2.5,10,,6,,0.6,0.1,0.1,10.0,,,,0.0,0.0,0.0,0.0,0.0,0.31,0.18,0.23,38.0,0.0,0.0,0.0,0.0,4,1,1,1,7,細切れ,,0.0,1,7,0,1790844120,1790843820,4,1,4,1,,,,0,0,,external_public_source,winticket,https://www.winticket.jp/keirin/kurume/racecard/2026100183/1/5,review_required,race_features_v1,畠山ひすい,L級,ガールズ予選(第１走),1625
058320261001,2026-10-01,久留米,5,015220,5,5,32,女,112,静岡,3,4,1,55.39,0.41600000000000004,0.625,0.708,6,1,3,6,3,3,3.77,2,両,3.0,10,,7,,0.0,0.0,0.33,3.0,,,,0.0,0.0,0.0,0.0,0.0,0.5,0.1,0.0,10.0,0.0,0.0,0.0,0.0,5,1,1,1,7,細切れ,,0.0,1,7,0,1790844120,1790843820,4,1,4,1,,,,0,0,,external_public_source,winticket,https://www.winticket.jp/keirin/kurume/racecard/2026100183/1/5,review_required,race_features_v1,鈴木美教,L級,ガールズ予選(第１走),1625
058320261001,2026-10-01,久留米,5,016038,6,6,21,女,130,岐阜,4,4,1,45.14,0.0,0.0,0.0,0,1,0,0,0,0,3.79,0,両,6.2,10,,9,,0.0,0.0,0.0,0.0,,,,0.0,0.0,0.0,0.0,0.0,0.0,0.0,0.0,9.0,0.0,0.0,0.0,0.0,7,1,1,1,7,細切れ,,0.0,1,7,0,1790844120,1790843820,4,1,4,1,,,,0,0,,external_public_source,winticket,https://www.winticket.jp/keirin/kurume/racecard/2026100183/1/5,review_required,race_features_v1,仲井リコ,L級,ガールズ予選(第１走),1625
058320261001,2026-10-01,久留米,5,015082,7,6,32,女,108,東京,2,4,1,49.24,0.0,0.12,0.24,0,5,0,0,0,3,3.77,0,追,4.2,10,,11,,0.0,0.33,0.16,6.0,,,,0.0,0.0,0.0,0.0,0.0,0.0,0.23,0.12,39.0,0.0,0.0,0.0,0.0,6,1,1,1,7,細切れ,,0.0,1,7,0,1790844120,1790843820,4,1,4,1,,,,0,0,,external_public_source,winticket,https://www.winticket.jp/keirin/kurume/racecard/2026100183/1/5,review_required,race_features_v1,高橋朋恵,L級,ガールズ予選(第１走),1625
068320261001,2026-10-01,久留米,6,015679,1,1,24,女,122,石川,4,4,1,53.42,0.034,0.275,0.48200000000000004,3,1,2,2,1,3,3.77,3,両,3.7,10,,15,,0.33,0.16,0.0,6.0,,,,0.0,0.0,0.0,0.0,0.0,0.11,0.26,0.21,42.0,0.0,0.0,0.0,0.0,1,1,1,1,7,細切れ,,0.0,1,7,0,1790845560,1790845260,4,1,4,1,,,,0,0,,external_public_source,winticket,https://www.winticket.jp/keirin/kurume/racecard/2026100183/1/6,review_required,race_features_v1,又多風緑,L級,ガールズ予選(第１走),1625
068320261001,2026-10-01,久留米,6,015139,2,2,37,女,110,東京,2,4,1,51.0,0.095,0.237,0.33299999999999996,0,0,0,1,1,3,3.77,4,追,4.2,10,,11,,0.0,0.33,0.33,3.0,,,,0.0,0.0,0.0,0.0,0.0,0.08,0.2,0.12,25.0,0.0,0.0,0.0,0.0,2,1,1,1,7,細切れ,,0.0,1,7,0,1790845560,1790845260,4,1,4,1,,,,0,0,,external_public_source,winticket,https://www.winticket.jp/keirin/kurume/racecard/2026100183/1/6,review_required,race_features_v1,板根茜弥,L級,ガールズ予選(第１走),1625
068320261001,2026-10-01,久留米,6,016032,3,3,23,女,130,神奈川,3,4,1,48.4,0.09,0.09,0.18100000000000002,4,0,1,0,0,0,3.79,0,両,5.0,10,,9,,0.0,0.0,0.0,3.0,,,,0.0,0.0,0.0,0.0,0.0,0.0,0.14,0.28,7.0,0.0,0.0,0.0,0.0,3,1,1,1,7,細切れ,,0.0,1,7,0,1790845560,1790845260,4,1,4,1,,,,0,0,,external_public_source,winticket,https://www.winticket.jp/keirin/kurume/racecard/2026100183/1/6,review_required,race_features_v1,栗山百花,L級,ガールズ予選(第１走),1625
068320261001,2026-10-01,久留米,6,015584,4,4,25,女,120,愛知,4,4,1,53.55,0.111,0.33299999999999996,0.555,2,0,1,3,2,0,3.79,2,両,3.9,10,,6,,0.0,0.33,0.33,3.0,,,,0.0,0.0,0.0,0.0,0.0,0.11,0.23,0.2,34.0,0.0,0.0,0.0,0.0,4,1,1,1,7,細切れ,,0.0,1,7,0,1790845560,1790845260,4,1,4,1,,,,0,0,,external_public_source,winticket,https://www.winticket.jp/keirin/kurume/racecard/2026100183/1/6,review_required,race_features_v1,西脇美唯奈,L級,ガールズ予選(第１走),1625
068320261001,2026-10-01,久留米,6,014925,5,5,35,女,102,青森,1,4,1,48.16,0.0,0.083,0.33299999999999996,0,1,0,1,0,0,3.77,0,追,4.7,10,,22,,0.0,0.0,0.0,6.0,,,,0.0,0.0,0.0,0.0,0.0,0.0,0.0,0.0,15.0,0.0,0.0,0.0,0.0,6,1,1,1,7,細切れ,,0.0,1,7,0,1790845560,1790845260,4,1,4,1,,,,0,0,,external_public_source,winticket,https://www.winticket.jp/keirin/kurume/racecard/2026100183/1/6,review_required,race_features_v1,大和久保美,L級,ガールズ予選(第１走),1625
068320261001,2026-10-01,久留米,6,015079,6,6,31,女,108,愛媛,7,4,1,46.79,0.0,0.0,0.040999999999999995,0,2,0,0,0,0,3.69,0,追,5.6,10,,9,,0.0,0.0,0.0,9.0,,,,0.0,0.0,0.0,0.0,0.0,0.0,0.0,0.0,31.0,0.0,0.0,0.0,0.0,7,1,1,1,7,細切れ,,0.0,1,7,0,1790845560,1790845260,4,1,4,1,,,,0,0,,external_public_source,winticket,https://www.winticket.jp/keirin/kurume/racecard/2026100183/1/6,review_required,race_features_v1,日野友葵,L級,ガールズ予選(第１走),1625
068320261001,2026-10-01,久留米,6,015080,7,6,31,女,108,福岡,8,4,1,59.33,0.888,0.888,0.9440000000000001,12,0,8,0,8,0,3.79,1,逃,1.2,10,,5,,1.0,0.0,0.0,6.0,,,,0.0,0.0,0.0,0.0,0.0,0.78,0.06,0.06,46.0,0.0,0.0,0.0,0.0,5,1,1,1,7,細切れ,,0.0,1,7,0,1790845560,1790845260,4,1,4,1,,,,0,0,,external_public_source,winticket,https://www.winticket.jp/keirin/kurume/racecard/2026100183/1/6,review_required,race_features_v1,児玉碧衣,L級,ガールズ予選(第１走),1625
063420261001,2026-10-01,川崎,6,014664,1,1,40,男,98,山梨,2,1,2,100.8,0.08,0.16,0.36,0,5,0,3,0,1,3.92,4,追,4.8,10,,16,,0.14,0.0,0.14,7.0,,,,0.0,0.04,0.12,0.12,25.0,0.22,0.16,0.12,31.0,0.2,0.22,0.04,50.0,2,2,2,0,3,三分戦,,0.0,1,7,0,1790844840,1790844540,1,2,1,2,,,,0,0,,external_public_source,winticket,https://www.winticket.jp/keirin/kawasaki/racecard/2026100134/1/6,review_required,race_features_v1,志村龍己,S級,予選,2025
063420261001,2026-10-01,川崎,6,013724,2,2,46,男,85,福井,5,1,2,101.22,0.086,0.26,0.391,0,2,0,3,0,3,3.93,2,追,4.222222222222222,10,,19,,0.0,0.0,0.0,0.0,,,,0.0,0.11,0.41,0.05,34.0,0.25,0.12,0.09,31.0,0.14,0.21,0.13,82.0,1,2,2,0,3,三分戦,,0.0,1,7,0,1790844840,1790844540,1,2,1,2,,,,0,0,,external_public_source,winticket,https://www.winticket.jp/keirin/kawasaki/racecard/2026100134/1/6,review_required,race_features_v1,渡辺十夢,S級,予選,2025
063420261001,2026-10-01,川崎,6,015616,3,3,31,男,121,神奈川,3,1,2,98.95,0.166,0.25,0.45799999999999996,10,0,2,0,3,1,3.92,0,逃,3.8,10,,6,,0.0,0.25,0.25,4.0,,,,0.0,0.0,0.0,0.37,8.0,0.27,0.16,0.16,18.0,0.26,0.15,0.26,69.0,3,1,3,1,3,三分戦,,0.0,1,7,0,1790844840,1790844540,1,2,2,1,,,,0,0,,external_public_source,winticket,https://www.winticket.jp/keirin/kawasaki/racecard/2026100134/1/6,review_required,race_features_v1,齋藤雄行,S級,予選,2025
063420261001,2026-10-01,川崎,6,015614,4,4,28,男,121,新潟,2,1,2,99.56,0.13,0.304,0.521,9,0,4,0,3,0,3.93,3,逃,4.8,10,,11,,0.0,0.1,0.4,10.0,,,,0.0,0.28,0.06,0.09,32.0,0.26,0.11,0.11,45.0,0.22,0.13,0.14,89.0,2,1,2,1,3,三分戦,,0.0,1,7,0,1790844840,1790844540,1,2,1,2,,,,0,0,,external_public_source,winticket,https://www.winticket.jp/keirin/kawasaki/racecard/2026100134/1/6,review_required,race_features_v1,治田知也,S級,予選,2025
063420261001,2026-10-01,川崎,6,015183,5,5,36,男,111,福井,5,1,1,105.64,0.312,0.43700000000000006,0.5,2,4,1,2,4,0,3.92,1,両,3.5555555555555554,10,,7,,0.33,0.0,0.0,3.0,,,,0.0,0.35,0.05,0.05,17.0,0.16,0.12,0.12,31.0,0.18,0.1,0.11,59.0,1,1,2,1,3,三分戦,,0.0,1,7,0,1790844840,1790844540,1,1,1,1,,,,0,0,,external_public_source,winticket,https://www.winticket.jp/keirin/kawasaki/racecard/2026100134/1/6,review_required,race_features_v1,小森貴大,S級,予選,2025
063420261001,2026-10-01,川崎,6,013070,6,6,52,男,76,福岡,8,1,2,96.69,0.043,0.13,0.304,0,0,0,2,0,1,3.92,0,追,5.3,10,,6,,0.2,0.0,0.0,10.0,,,,0.0,0.03,0.1,0.03,30.0,0.09,0.12,0.12,31.0,0.0,0.05,0.2,39.0,3,3,3,0,3,三分戦,,0.0,1,7,0,1790844840,1790844540,1,2,1,2,,,,0,0,,external_public_source,winticket,https://www.winticket.jp/keirin/kawasaki/racecard/2026100134/1/6,review_required,race_features_v1,高木和仁,S級,予選,2025
063420261001,2026-10-01,川崎,6,014465,7,6,45,男,95,神奈川,3,1,2,96.96,0.13699999999999998,0.24,0.24100000000000002,10,0,3,0,4,0,3.92,0,両,5.2,10,,6,,0.16,0.16,0.0,6.0,,,,0.0,0.06,0.16,0.12,31.0,0.07,0.14,0.09,41.0,0.15,0.0,0.07,13.0,3,2,3,0,3,三分戦,,0.0,1,7,0,1790844840,1790844540,1,2,1,2,,,,0,0,,external_public_source,winticket,https://www.winticket.jp/keirin/kawasaki/racecard/2026100134/1/6,review_required,race_features_v1,村上直久,S級,予選,2025
