date,venue,race_no,race_id,bet_type,buy,odds,min_odds,max_odds,odds_used,popularity_order,source_url
2026-10-01,久留米,11,118320261001,exacta,5-2,5.2,0.0,0.0,5.2,1,https://www.winticket.jp/keirin/kurume/racecard/2026100183/1/11
2026-10-01,久留米,11,118320261001,exacta,2-5,8.6,0.0,0.0,8.6,2,https://www.winticket.jp/keirin/kurume/racecard/2026100183/1/11
2026-10-01,久留米,11,118320261001,exacta,5-1,8.7,0.0,0.0,8.7,3,https://www.winticket.jp/keirin/kurume/racecard/2026100183/1/11
2026-10-01,久留米,11,118320261001,exacta,5-4,12.2,0.0,0.0,12.2,4,https://www.winticket.jp/keirin/kurume/racecard/2026100183/1/11
2026-10-01,久留米,11,118320261001,exacta,4-5,15.5,0.0,0.0,15.5,5,https://www.winticket.jp/keirin/kurume/racecard/2026100183/1/11
2026-10-01,久留米,11,118320261001,exacta,4-1,17.8,0.0,0.0,17.8,6,https://www.winticket.jp/keirin/kurume/racecard/2026100183/1/11
2026-10-01,久留米,11,118320261001,exacta,4-2,19.8,0.0,0.0,19.8,7,https://www.winticket.jp/keirin/kurume/racecard/2026100183/1/11
2026-10-01,久留米,11,118320261001,exacta,5-3,25.3,0.0,0.0,25.3,8,https://www.winticket.jp/keirin/kurume/racecard/2026100183/1/11
2026-10-01,久留米,11,118320261001,exacta,1-5,25.7,0.0,0.0,25.7,9,https://www.winticket.jp/keirin/kurume/racecard/2026100183/1/11
2026-10-01,久留米,11,118320261001,exacta,5-7,25.8,0.0,0.0,25.8,10,https://www.winticket.jp/keirin/kurume/racecard/2026100183/1/11
2026-10-01,久留米,11,118320261001,exacta,4-7,27.0,0.0,0.0,27.0,11,https://www.winticket.jp/keirin/kurume/racecard/2026100183/1/11
2026-10-01,久留米,11,118320261001,exacta,1-4,29.3,0.0,0.0,29.3,12,https://www.winticket.jp/keirin/kurume/racecard/2026100183/1/11
2026-10-01,久留米,11,118320261001,exacta,1-2,31.1,0.0,0.0,31.1,13,https://www.winticket.jp/keirin/kurume/racecard/2026100183/1/11
2026-10-01,久留米,11,118320261001,exacta,3-7,37.7,0.0,0.0,37.7,14,https://www.winticket.jp/keirin/kurume/racecard/2026100183/1/11
2026-10-01,久留米,11,118320261001,exacta,7-3,39.9,0.0,0.0,39.9,15,https://www.winticket.jp/keirin/kurume/racecard/2026100183/1/11
2026-10-01,久留米,11,118320261001,exacta,2-1,40.7,0.0,0.0,40.7,16,https://www.winticket.jp/keirin/kurume/racecard/2026100183/1/11
2026-10-01,久留米,11,118320261001,exacta,1-6,41.5,0.0,0.0,41.5,17,https://www.winticket.jp/keirin/kurume/racecard/2026100183/1/11
2026-10-01,久留米,11,118320261001,exacta,3-5,41.9,0.0,0.0,41.9,18,https://www.winticket.jp/keirin/kurume/racecard/2026100183/1/11
2026-10-01,久留米,11,118320261001,exacta,5-6,44.6,0.0,0.0,44.6,19,https://www.winticket.jp/keirin/kurume/racecard/2026100183/1/11
2026-10-01,久留米,11,118320261001,exacta,4-3,46.7,0.0,0.0,46.7,20,https://www.winticket.jp/keirin/kurume/racecard/2026100183/1/11
2026-10-01,久留米,11,118320261001,exacta,3-1,50.7,0.0,0.0,50.7,21,https://www.winticket.jp/keirin/kurume/racecard/2026100183/1/11
2026-10-01,久留米,11,118320261001,exacta,1-7,52.7,0.0,0.0,52.7,22,https://www.winticket.jp/keirin/kurume/racecard/2026100183/1/11
2026-10-01,久留米,11,118320261001,exacta,2-4,54.8,0.0,0.0,54.8,23,https://www.winticket.jp/keirin/kurume/racecard/2026100183/1/11
2026-10-01,久留米,11,118320261001,exacta,1-3,59.5,0.0,0.0,59.5,24,https://www.winticket.jp/keirin/kurume/racecard/2026100183/1/11
2026-10-01,久留米,11,118320261001,exacta,4-6,62.3,0.0,0.0,62.3,25,https://www.winticket.jp/keirin/kurume/racecard/2026100183/1/11
2026-10-01,久留米,11,118320261001,exacta,6-1,64.2,0.0,0.0,64.2,26,https://www.winticket.jp/keirin/kurume/racecard/2026100183/1/11
2026-10-01,久留米,11,118320261001,exacta,7-1,64.2,0.0,0.0,64.2,26,https://www.winticket.jp/keirin/kurume/racecard/2026100183/1/11
2026-10-01,久留米,11,118320261001,exacta,7-4,64.2,0.0,0.0,64.2,26,https://www.winticket.jp/keirin/kurume/racecard/2026100183/1/11
2026-10-01,久留米,11,118320261001,exacta,7-5,64.2,0.0,0.0,64.2,26,https://www.winticket.jp/keirin/kurume/racecard/2026100183/1/11
2026-10-01,久留米,11,118320261001,exacta,3-4,67.4,0.0,0.0,67.4,30,https://www.winticket.jp/keirin/kurume/racecard/2026100183/1/11
2026-10-01,久留米,11,118320261001,exacta,3-2,80.6,0.0,0.0,80.6,31,https://www.winticket.jp/keirin/kurume/racecard/2026100183/1/11
2026-10-01,久留米,11,118320261001,exacta,7-2,85.6,0.0,0.0,85.6,32,https://www.winticket.jp/keirin/kurume/racecard/2026100183/1/11
2026-10-01,久留米,11,118320261001,exacta,2-7,95.6,0.0,0.0,95.6,33,https://www.winticket.jp/keirin/kurume/racecard/2026100183/1/11
2026-10-01,久留米,11,118320261001,exacta,2-6,97.9,0.0,0.0,97.9,34,https://www.winticket.jp/keirin/kurume/racecard/2026100183/1/11
2026-10-01,久留米,11,118320261001,exacta,6-4,97.9,0.0,0.0,97.9,34,https://www.winticket.jp/keirin/kurume/racecard/2026100183/1/11
2026-10-01,久留米,11,118320261001,exacta,2-3,108.2,0.0,0.0,108.2,36,https://www.winticket.jp/keirin/kurume/racecard/2026100183/1/11
2026-10-01,久留米,11,118320261001,exacta,6-5,111.1,0.0,0.0,111.1,37,https://www.winticket.jp/keirin/kurume/racecard/2026100183/1/11
2026-10-01,久留米,11,118320261001,exacta,3-6,114.2,0.0,0.0,114.2,38,https://www.winticket.jp/keirin/kurume/racecard/2026100183/1/11
2026-10-01,久留米,11,118320261001,exacta,6-2,132.6,0.0,0.0,132.6,39,https://www.winticket.jp/keirin/kurume/racecard/2026100183/1/11
2026-10-01,久留米,11,118320261001,exacta,6-7,158.1,0.0,0.0,158.1,40,https://www.winticket.jp/keirin/kurume/racecard/2026100183/1/11
2026-10-01,久留米,11,118320261001,exacta,7-6,171.3,0.0,0.0,171.3,41,https://www.winticket.jp/keirin/kurume/racecard/2026100183/1/11
2026-10-01,久留米,11,118320261001,exacta,6-3,205.6,0.0,0.0,205.6,42,https://www.winticket.jp/keirin/kurume/racecard/2026100183/1/11
2026-10-01,久留米,11,118320261001,quinella,2-5,3.4,0.0,0.0,3.4,1,https://www.winticket.jp/keirin/kurume/racecard/2026100183/1/11
2026-10-01,久留米,11,118320261001,quinella,1-5,6.1,0.0,0.0,6.1,2,https://www.winticket.jp/keirin/kurume/racecard/2026100183/1/11
2026-10-01,久留米,11,118320261001,quinella,4-5,6.6,0.0,0.0,6.6,3,https://www.winticket.jp/keirin/kurume/racecard/2026100183/1/11
2026-10-01,久留米,11,118320261001,quinella,1-4,9.3,0.0,0.0,9.3,4,https://www.winticket.jp/keirin/kurume/racecard/2026100183/1/11
2026-10-01,久留米,11,118320261001,quinella,2-4,12.7,0.0,0.0,12.7,5,https://www.winticket.jp/keirin/kurume/racecard/2026100183/1/11
2026-10-01,久留米,11,118320261001,quinella,3-5,15.6,0.0,0.0,15.6,6,https://www.winticket.jp/keirin/kurume/racecard/2026100183/1/11
2026-10-01,久留米,11,118320261001,quinella,1-2,20.4,0.0,0.0,20.4,7,https://www.winticket.jp/keirin/kurume/racecard/2026100183/1/11
2026-10-01,久留米,11,118320261001,quinella,5-7,21.0,0.0,0.0,21.0,8,https://www.winticket.jp/keirin/kurume/racecard/2026100183/1/11
2026-10-01,久留米,11,118320261001,quinella,4-7,21.4,0.0,0.0,21.4,9,https://www.winticket.jp/keirin/kurume/racecard/2026100183/1/11
2026-10-01,久留米,11,118320261001,quinella,3-4,22.1,0.0,0.0,22.1,10,https://www.winticket.jp/keirin/kurume/racecard/2026100183/1/11
2026-10-01,久留米,11,118320261001,quinella,1-6,24.0,0.0,0.0,24.0,11,https://www.winticket.jp/keirin/kurume/racecard/2026100183/1/11
2026-10-01,久留米,11,118320261001,quinella,3-7,25.4,0.0,0.0,25.4,12,https://www.winticket.jp/keirin/kurume/racecard/2026100183/1/11
2026-10-01,久留米,11,118320261001,quinella,4-6,29.3,0.0,0.0,29.3,13,https://www.winticket.jp/keirin/kurume/racecard/2026100183/1/11
2026-10-01,久留米,11,118320261001,quinella,5-6,29.3,0.0,0.0,29.3,13,https://www.winticket.jp/keirin/kurume/racecard/2026100183/1/11
2026-10-01,久留米,11,118320261001,quinella,1-7,31.3,0.0,0.0,31.3,15,https://www.winticket.jp/keirin/kurume/racecard/2026100183/1/11
2026-10-01,久留米,11,118320261001,quinella,1-3,33.7,0.0,0.0,33.7,16,https://www.winticket.jp/keirin/kurume/racecard/2026100183/1/11
2026-10-01,久留米,11,118320261001,quinella,2-3,43.5,0.0,0.0,43.5,17,https://www.winticket.jp/keirin/kurume/racecard/2026100183/1/11
2026-10-01,久留米,11,118320261001,quinella,2-7,46.5,0.0,0.0,46.5,18,https://www.winticket.jp/keirin/kurume/racecard/2026100183/1/11
2026-10-01,久留米,11,118320261001,quinella,2-6,79.3,0.0,0.0,79.3,19,https://www.winticket.jp/keirin/kurume/racecard/2026100183/1/11
2026-10-01,久留米,11,118320261001,quinella,6-7,84.2,0.0,0.0,84.2,20,https://www.winticket.jp/keirin/kurume/racecard/2026100183/1/11
2026-10-01,久留米,11,118320261001,quinella,3-6,112.3,0.0,0.0,112.3,21,https://www.winticket.jp/keirin/kurume/racecard/2026100183/1/11
2026-10-01,久留米,11,118320261001,quinella_place,2-5,0.0,1.6,1.8,1.6,1,https://www.winticket.jp/keirin/kurume/racecard/2026100183/1/11
2026-10-01,久留米,11,118320261001,quinella_place,1-2,0.0,1.8,2.2,1.8,2,https://www.winticket.jp/keirin/kurume/racecard/2026100183/1/11
2026-10-01,久留米,11,118320261001,quinella_place,1-5,0.0,2.5,3.3,2.5,3,https://www.winticket.jp/keirin/kurume/racecard/2026100183/1/11
2026-10-01,久留米,11,118320261001,quinella_place,4-5,0.0,2.8,3.3,2.8,4,https://www.winticket.jp/keirin/kurume/racecard/2026100183/1/11
2026-10-01,久留米,11,118320261001,quinella_place,5-7,0.0,4.2,5.0,4.2,5,https://www.winticket.jp/keirin/kurume/racecard/2026100183/1/11
2026-10-01,久留米,11,118320261001,quinella_place,1-4,0.0,4.5,5.2,4.5,6,https://www.winticket.jp/keirin/kurume/racecard/2026100183/1/11
2026-10-01,久留米,11,118320261001,quinella_place,2-4,0.0,4.3,5.5,4.3,7,https://www.winticket.jp/keirin/kurume/racecard/2026100183/1/11
2026-10-01,久留米,11,118320261001,quinella_place,3-5,0.0,4.9,5.7,4.9,8,https://www.winticket.jp/keirin/kurume/racecard/2026100183/1/11
2026-10-01,久留米,11,118320261001,quinella_place,1-7,0.0,6.4,7.3,6.4,9,https://www.winticket.jp/keirin/kurume/racecard/2026100183/1/11
2026-10-01,久留米,11,118320261001,quinella_place,2-7,0.0,6.1,7.5,6.1,10,https://www.winticket.jp/keirin/kurume/racecard/2026100183/1/11
2026-10-01,久留米,11,118320261001,quinella_place,4-7,0.0,6.9,7.6,6.9,11,https://www.winticket.jp/keirin/kurume/racecard/2026100183/1/11
2026-10-01,久留米,11,118320261001,quinella_place,5-6,0.0,6.7,7.7,6.7,12,https://www.winticket.jp/keirin/kurume/racecard/2026100183/1/11
2026-10-01,久留米,11,118320261001,quinella_place,2-3,0.0,7.3,8.9,7.3,13,https://www.winticket.jp/keirin/kurume/racecard/2026100183/1/11
2026-10-01,久留米,11,118320261001,quinella_place,3-4,0.0,8.1,8.9,8.1,13,https://www.winticket.jp/keirin/kurume/racecard/2026100183/1/11
2026-10-01,久留米,11,118320261001,quinella_place,3-7,0.0,9.2,9.8,9.2,15,https://www.winticket.jp/keirin/kurume/racecard/2026100183/1/11
2026-10-01,久留米,11,118320261001,quinella_place,1-6,0.0,8.8,10.0,8.8,16,https://www.winticket.jp/keirin/kurume/racecard/2026100183/1/11
2026-10-01,久留米,11,118320261001,quinella_place,1-3,0.0,9.2,10.5,9.2,17,https://www.winticket.jp/keirin/kurume/racecard/2026100183/1/11
2026-10-01,久留米,11,118320261001,quinella_place,4-6,0.0,10.8,11.6,10.8,18,https://www.winticket.jp/keirin/kurume/racecard/2026100183/1/11
2026-10-01,久留米,11,118320261001,quinella_place,2-6,0.0,10.7,12.8,10.7,19,https://www.winticket.jp/keirin/kurume/racecard/2026100183/1/11
2026-10-01,久留米,11,118320261001,quinella_place,3-6,0.0,17.4,18.1,17.4,20,https://www.winticket.jp/keirin/kurume/racecard/2026100183/1/11
2026-10-01,久留米,11,118320261001,quinella_place,6-7,0.0,19.0,20.0,19.0,21,https://www.winticket.jp/keirin/kurume/racecard/2026100183/1/11
2026-10-01,久留米,11,118320261001,trifecta,5-2-1,11.4,0.0,0.0,11.4,1,https://www.winticket.jp/keirin/kurume/racecard/2026100183/1/11
2026-10-01,久留米,11,118320261001,trifecta,5-2-4,12.5,0.0,0.0,12.5,2,https://www.winticket.jp/keirin/kurume/racecard/2026100183/1/11
2026-10-01,久留米,11,118320261001,trifecta,5-1-2,17.6,0.0,0.0,17.6,3,https://www.winticket.jp/keirin/kurume/racecard/2026100183/1/11
2026-10-01,久留米,11,118320261001,trifecta,5-1-4,26.5,0.0,0.0,26.5,4,https://www.winticket.jp/keirin/kurume/racecard/2026100183/1/11
2026-10-01,久留米,11,118320261001,trifecta,5-2-7,30.0,0.0,0.0,30.0,5,https://www.winticket.jp/keirin/kurume/racecard/2026100183/1/11
2026-10-01,久留米,11,118320261001,trifecta,5-4-2,30.0,0.0,0.0,30.0,6,https://www.winticket.jp/keirin/kurume/racecard/2026100183/1/11
2026-10-01,久留米,11,118320261001,trifecta,5-4-1,33.3,0.0,0.0,33.3,7,https://www.winticket.jp/keirin/kurume/racecard/2026100183/1/11
2026-10-01,久留米,11,118320261001,trifecta,2-5-1,33.6,0.0,0.0,33.6,8,https://www.winticket.jp/keirin/kurume/racecard/2026100183/1/11
2026-10-01,久留米,11,118320261001,trifecta,4-5-2,35.9,0.0,0.0,35.9,9,https://www.winticket.jp/keirin/kurume/racecard/2026100183/1/11
2026-10-01,久留米,11,118320261001,trifecta,5-2-3,36.3,0.0,0.0,36.3,10,https://www.winticket.jp/keirin/kurume/racecard/2026100183/1/11
2026-10-01,久留米,11,118320261001,trifecta,1-5-2,38.8,0.0,0.0,38.8,11,https://www.winticket.jp/keirin/kurume/racecard/2026100183/1/11
2026-10-01,久留米,11,118320261001,trifecta,2-5-4,39.0,0.0,0.0,39.0,12,https://www.winticket.jp/keirin/kurume/racecard/2026100183/1/11
2026-10-01,久留米,11,118320261001,trifecta,4-5-1,45.8,0.0,0.0,45.8,13,https://www.winticket.jp/keirin/kurume/racecard/2026100183/1/11
2026-10-01,久留米,11,118320261001,trifecta,5-1-3,49.2,0.0,0.0,49.2,14,https://www.winticket.jp/keirin/kurume/racecard/2026100183/1/11
2026-10-01,久留米,11,118320261001,trifecta,5-1-7,51.9,0.0,0.0,51.9,15,https://www.winticket.jp/keirin/kurume/racecard/2026100183/1/11
2026-10-01,久留米,11,118320261001,trifecta,5-2-6,53.6,0.0,0.0,53.6,16,https://www.winticket.jp/keirin/kurume/racecard/2026100183/1/11
2026-10-01,久留米,11,118320261001,trifecta,4-1-5,58.3,0.0,0.0,58.3,17,https://www.winticket.jp/keirin/kurume/racecard/2026100183/1/11
2026-10-01,久留米,11,118320261001,trifecta,5-4-7,60.3,0.0,0.0,60.3,18,https://www.winticket.jp/keirin/kurume/racecard/2026100183/1/11
2026-10-01,久留米,11,118320261001,trifecta,4-2-5,60.8,0.0,0.0,60.8,19,https://www.winticket.jp/keirin/kurume/racecard/2026100183/1/11
2026-10-01,久留米,11,118320261001,trifecta,1-5-4,67.3,0.0,0.0,67.3,20,https://www.winticket.jp/keirin/kurume/racecard/2026100183/1/11
2026-10-01,久留米,11,118320261001,trifecta,5-1-6,67.7,0.0,0.0,67.7,21,https://www.winticket.jp/keirin/kurume/racecard/2026100183/1/11
2026-10-01,久留米,11,118320261001,trifecta,1-2-5,69.7,0.0,0.0,69.7,22,https://www.winticket.jp/keirin/kurume/racecard/2026100183/1/11
2026-10-01,久留米,11,118320261001,trifecta,4-5-7,70.2,0.0,0.0,70.2,23,https://www.winticket.jp/keirin/kurume/racecard/2026100183/1/11
2026-10-01,久留米,11,118320261001,trifecta,5-4-3,70.5,0.0,0.0,70.5,24,https://www.winticket.jp/keirin/kurume/racecard/2026100183/1/11
2026-10-01,久留米,11,118320261001,trifecta,4-1-2,71.6,0.0,0.0,71.6,25,https://www.winticket.jp/keirin/kurume/racecard/2026100183/1/11
2026-10-01,久留米,11,118320261001,trifecta,2-5-3,78.2,0.0,0.0,78.2,26,https://www.winticket.jp/keirin/kurume/racecard/2026100183/1/11
2026-10-01,久留米,11,118320261001,trifecta,2-5-7,80.9,0.0,0.0,80.9,27,https://www.winticket.jp/keirin/kurume/racecard/2026100183/1/11
2026-10-01,久留米,11,118320261001,trifecta,2-1-5,82.2,0.0,0.0,82.2,28,https://www.winticket.jp/keirin/kurume/racecard/2026100183/1/11
2026-10-01,久留米,11,118320261001,trifecta,1-4-5,86.6,0.0,0.0,86.6,29,https://www.winticket.jp/keirin/kurume/racecard/2026100183/1/11
2026-10-01,久留米,11,118320261001,trifecta,5-3-1,90.1,0.0,0.0,90.1,30,https://www.winticket.jp/keirin/kurume/racecard/2026100183/1/11
2026-10-01,久留米,11,118320261001,trifecta,2-4-5,95.6,0.0,0.0,95.6,31,https://www.winticket.jp/keirin/kurume/racecard/2026100183/1/11
2026-10-01,久留米,11,118320261001,trifecta,5-7-1,96.7,0.0,0.0,96.7,32,https://www.winticket.jp/keirin/kurume/racecard/2026100183/1/11
2026-10-01,久留米,11,118320261001,trifecta,5-3-7,97.2,0.0,0.0,97.2,33,https://www.winticket.jp/keirin/kurume/racecard/2026100183/1/11
2026-10-01,久留米,11,118320261001,trifecta,5-7-3,100.6,0.0,0.0,100.6,34,https://www.winticket.jp/keirin/kurume/racecard/2026100183/1/11
2026-10-01,久留米,11,118320261001,trifecta,4-2-1,101.4,0.0,0.0,101.4,35,https://www.winticket.jp/keirin/kurume/racecard/2026100183/1/11
2026-10-01,久留米,11,118320261001,trifecta,4-1-7,104.2,0.0,0.0,104.2,36,https://www.winticket.jp/keirin/kurume/racecard/2026100183/1/11
2026-10-01,久留米,11,118320261001,trifecta,4-5-3,105.4,0.0,0.0,105.4,37,https://www.winticket.jp/keirin/kurume/racecard/2026100183/1/11
2026-10-01,久留米,11,118320261001,trifecta,5-3-2,106.4,0.0,0.0,106.4,38,https://www.winticket.jp/keirin/kurume/racecard/2026100183/1/11
2026-10-01,久留米,11,118320261001,trifecta,5-3-4,110.8,0.0,0.0,110.8,39,https://www.winticket.jp/keirin/kurume/racecard/2026100183/1/11
2026-10-01,久留米,11,118320261001,trifecta,5-7-2,111.7,0.0,0.0,111.7,40,https://www.winticket.jp/keirin/kurume/racecard/2026100183/1/11
2026-10-01,久留米,11,118320261001,trifecta,1-5-6,112.0,0.0,0.0,112.0,41,https://www.winticket.jp/keirin/kurume/racecard/2026100183/1/11
2026-10-01,久留米,11,118320261001,trifecta,4-7-5,113.7,0.0,0.0,113.7,42,https://www.winticket.jp/keirin/kurume/racecard/2026100183/1/11
2026-10-01,久留米,11,118320261001,trifecta,1-4-2,114.8,0.0,0.0,114.8,43,https://www.winticket.jp/keirin/kurume/racecard/2026100183/1/11
2026-10-01,久留米,11,118320261001,trifecta,2-5-6,116.4,0.0,0.0,116.4,44,https://www.winticket.jp/keirin/kurume/racecard/2026100183/1/11
2026-10-01,久留米,11,118320261001,trifecta,5-7-4,120.1,0.0,0.0,120.1,45,https://www.winticket.jp/keirin/kurume/racecard/2026100183/1/11
2026-10-01,久留米,11,118320261001,trifecta,1-2-4,133.6,0.0,0.0,133.6,46,https://www.winticket.jp/keirin/kurume/racecard/2026100183/1/11
2026-10-01,久留米,11,118320261001,trifecta,4-7-2,151.9,0.0,0.0,151.9,47,https://www.winticket.jp/keirin/kurume/racecard/2026100183/1/11
2026-10-01,久留米,11,118320261001,trifecta,4-7-1,154.0,0.0,0.0,154.0,48,https://www.winticket.jp/keirin/kurume/racecard/2026100183/1/11
2026-10-01,久留米,11,118320261001,trifecta,1-5-7,154.6,0.0,0.0,154.6,49,https://www.winticket.jp/keirin/kurume/racecard/2026100183/1/11
2026-10-01,久留米,11,118320261001,trifecta,5-4-6,154.8,0.0,0.0,154.8,50,https://www.winticket.jp/keirin/kurume/racecard/2026100183/1/11
2026-10-01,久留米,11,118320261001,trifecta,1-5-3,157.4,0.0,0.0,157.4,51,https://www.winticket.jp/keirin/kurume/racecard/2026100183/1/11
2026-10-01,久留米,11,118320261001,trifecta,4-2-7,164.7,0.0,0.0,164.7,52,https://www.winticket.jp/keirin/kurume/racecard/2026100183/1/11
2026-10-01,久留米,11,118320261001,trifecta,4-1-6,165.2,0.0,0.0,165.2,53,https://www.winticket.jp/keirin/kurume/racecard/2026100183/1/11
2026-10-01,久留米,11,118320261001,trifecta,7-5-4,176.3,0.0,0.0,176.3,54,https://www.winticket.jp/keirin/kurume/racecard/2026100183/1/11
2026-10-01,久留米,11,118320261001,trifecta,1-6-5,182.2,0.0,0.0,182.2,55,https://www.winticket.jp/keirin/kurume/racecard/2026100183/1/11
2026-10-01,久留米,11,118320261001,trifecta,1-4-7,183.1,0.0,0.0,183.1,56,https://www.winticket.jp/keirin/kurume/racecard/2026100183/1/11
2026-10-01,久留米,11,118320261001,trifecta,3-7-4,184.6,0.0,0.0,184.6,57,https://www.winticket.jp/keirin/kurume/racecard/2026100183/1/11
2026-10-01,久留米,11,118320261001,trifecta,2-1-4,186.8,0.0,0.0,186.8,58,https://www.winticket.jp/keirin/kurume/racecard/2026100183/1/11
2026-10-01,久留米,11,118320261001,trifecta,4-5-6,190.2,0.0,0.0,190.2,59,https://www.winticket.jp/keirin/kurume/racecard/2026100183/1/11
2026-10-01,久留米,11,118320261001,trifecta,2-4-1,191.5,0.0,0.0,191.5,60,https://www.winticket.jp/keirin/kurume/racecard/2026100183/1/11
2026-10-01,久留米,11,118320261001,trifecta,4-3-5,192.8,0.0,0.0,192.8,61,https://www.winticket.jp/keirin/kurume/racecard/2026100183/1/11
2026-10-01,久留米,11,118320261001,trifecta,4-1-3,195.1,0.0,0.0,195.1,62,https://www.winticket.jp/keirin/kurume/racecard/2026100183/1/11
2026-10-01,久留米,11,118320261001,trifecta,5-6-1,198.9,0.0,0.0,198.9,63,https://www.winticket.jp/keirin/kurume/racecard/2026100183/1/11
2026-10-01,久留米,11,118320261001,trifecta,1-4-6,203.2,0.0,0.0,203.2,64,https://www.winticket.jp/keirin/kurume/racecard/2026100183/1/11
2026-10-01,久留米,11,118320261001,trifecta,3-5-4,205.0,0.0,0.0,205.0,65,https://www.winticket.jp/keirin/kurume/racecard/2026100183/1/11
2026-10-01,久留米,11,118320261001,trifecta,3-7-5,214.8,0.0,0.0,214.8,66,https://www.winticket.jp/keirin/kurume/racecard/2026100183/1/11
2026-10-01,久留米,11,118320261001,trifecta,2-3-5,216.4,0.0,0.0,216.4,67,https://www.winticket.jp/keirin/kurume/racecard/2026100183/1/11
2026-10-01,久留米,11,118320261001,trifecta,3-5-7,217.2,0.0,0.0,217.2,68,https://www.winticket.jp/keirin/kurume/racecard/2026100183/1/11
2026-10-01,久留米,11,118320261001,trifecta,7-4-5,217.2,0.0,0.0,217.2,68,https://www.winticket.jp/keirin/kurume/racecard/2026100183/1/11
2026-10-01,久留米,11,118320261001,trifecta,3-5-2,218.5,0.0,0.0,218.5,70,https://www.winticket.jp/keirin/kurume/racecard/2026100183/1/11
2026-10-01,久留米,11,118320261001,trifecta,7-5-3,219.3,0.0,0.0,219.3,71,https://www.winticket.jp/keirin/kurume/racecard/2026100183/1/11
2026-10-01,久留米,11,118320261001,trifecta,4-7-3,219.8,0.0,0.0,219.8,72,https://www.winticket.jp/keirin/kurume/racecard/2026100183/1/11
2026-10-01,久留米,11,118320261001,trifecta,5-6-2,231.0,0.0,0.0,231.0,73,https://www.winticket.jp/keirin/kurume/racecard/2026100183/1/11
2026-10-01,久留米,11,118320261001,trifecta,4-3-7,231.9,0.0,0.0,231.9,74,https://www.winticket.jp/keirin/kurume/racecard/2026100183/1/11
2026-10-01,久留米,11,118320261001,trifecta,1-6-4,232.4,0.0,0.0,232.4,75,https://www.winticket.jp/keirin/kurume/racecard/2026100183/1/11
2026-10-01,久留米,11,118320261001,trifecta,3-5-1,237.3,0.0,0.0,237.3,76,https://www.winticket.jp/keirin/kurume/racecard/2026100183/1/11
2026-10-01,久留米,11,118320261001,trifecta,1-6-2,239.3,0.0,0.0,239.3,77,https://www.winticket.jp/keirin/kurume/racecard/2026100183/1/11
2026-10-01,久留米,11,118320261001,trifecta,4-2-3,245.0,0.0,0.0,245.0,78,https://www.winticket.jp/keirin/kurume/racecard/2026100183/1/11
2026-10-01,久留米,11,118320261001,trifecta,1-2-6,246.6,0.0,0.0,246.6,79,https://www.winticket.jp/keirin/kurume/racecard/2026100183/1/11
2026-10-01,久留米,11,118320261001,trifecta,3-7-1,249.3,0.0,0.0,249.3,80,https://www.winticket.jp/keirin/kurume/racecard/2026100183/1/11
2026-10-01,久留米,11,118320261001,trifecta,1-2-7,252.1,0.0,0.0,252.1,81,https://www.winticket.jp/keirin/kurume/racecard/2026100183/1/11
2026-10-01,久留米,11,118320261001,trifecta,1-4-3,263.8,0.0,0.0,263.8,82,https://www.winticket.jp/keirin/kurume/racecard/2026100183/1/11
2026-10-01,久留米,11,118320261001,trifecta,4-2-6,279.5,0.0,0.0,279.5,83,https://www.winticket.jp/keirin/kurume/racecard/2026100183/1/11
2026-10-01,久留米,11,118320261001,trifecta,7-3-4,281.5,0.0,0.0,281.5,84,https://www.winticket.jp/keirin/kurume/racecard/2026100183/1/11
2026-10-01,久留米,11,118320261001,trifecta,3-2-5,284.4,0.0,0.0,284.4,85,https://www.winticket.jp/keirin/kurume/racecard/2026100183/1/11
2026-10-01,久留米,11,118320261001,trifecta,1-2-3,287.3,0.0,0.0,287.3,86,https://www.winticket.jp/keirin/kurume/racecard/2026100183/1/11
2026-10-01,久留米,11,118320261001,trifecta,7-5-2,296.3,0.0,0.0,296.3,87,https://www.winticket.jp/keirin/kurume/racecard/2026100183/1/11
2026-10-01,久留米,11,118320261001,trifecta,1-3-5,297.9,0.0,0.0,297.9,88,https://www.winticket.jp/keirin/kurume/racecard/2026100183/1/11
2026-10-01,久留米,11,118320261001,trifecta,2-7-5,297.9,0.0,0.0,297.9,88,https://www.winticket.jp/keirin/kurume/racecard/2026100183/1/11
2026-10-01,久留米,11,118320261001,trifecta,4-6-1,297.9,0.0,0.0,297.9,88,https://www.winticket.jp/keirin/kurume/racecard/2026100183/1/11
2026-10-01,久留米,11,118320261001,trifecta,1-7-5,300.2,0.0,0.0,300.2,91,https://www.winticket.jp/keirin/kurume/racecard/2026100183/1/11
2026-10-01,久留米,11,118320261001,trifecta,1-7-2,306.7,0.0,0.0,306.7,92,https://www.winticket.jp/keirin/kurume/racecard/2026100183/1/11
2026-10-01,久留米,11,118320261001,trifecta,5-6-4,306.7,0.0,0.0,306.7,92,https://www.winticket.jp/keirin/kurume/racecard/2026100183/1/11
2026-10-01,久留米,11,118320261001,trifecta,7-3-5,320.6,0.0,0.0,320.6,94,https://www.winticket.jp/keirin/kurume/racecard/2026100183/1/11
2026-10-01,久留米,11,118320261001,trifecta,1-7-4,322.5,0.0,0.0,322.5,95,https://www.winticket.jp/keirin/kurume/racecard/2026100183/1/11
2026-10-01,久留米,11,118320261001,trifecta,6-1-5,325.2,0.0,0.0,325.2,96,https://www.winticket.jp/keirin/kurume/racecard/2026100183/1/11
2026-10-01,久留米,11,118320261001,trifecta,2-1-7,331.9,0.0,0.0,331.9,97,https://www.winticket.jp/keirin/kurume/racecard/2026100183/1/11
2026-10-01,久留米,11,118320261001,trifecta,2-4-7,331.9,0.0,0.0,331.9,97,https://www.winticket.jp/keirin/kurume/racecard/2026100183/1/11
2026-10-01,久留米,11,118320261001,trifecta,5-3-6,333.9,0.0,0.0,333.9,99,https://www.winticket.jp/keirin/kurume/racecard/2026100183/1/11
2026-10-01,久留米,11,118320261001,trifecta,3-4-5,334.9,0.0,0.0,334.9,100,https://www.winticket.jp/keirin/kurume/racecard/2026100183/1/11
2026-10-01,久留米,11,118320261001,trifecta,4-3-1,345.1,0.0,0.0,345.1,101,https://www.winticket.jp/keirin/kurume/racecard/2026100183/1/11
2026-10-01,久留米,11,118320261001,trifecta,6-1-4,351.5,0.0,0.0,351.5,102,https://www.winticket.jp/keirin/kurume/racecard/2026100183/1/11
2026-10-01,久留米,11,118320261001,trifecta,7-5-1,351.5,0.0,0.0,351.5,102,https://www.winticket.jp/keirin/kurume/racecard/2026100183/1/11
2026-10-01,久留米,11,118320261001,trifecta,1-3-4,366.3,0.0,0.0,366.3,104,https://www.winticket.jp/keirin/kurume/racecard/2026100183/1/11
2026-10-01,久留米,11,118320261001,trifecta,4-3-2,366.3,0.0,0.0,366.3,104,https://www.winticket.jp/keirin/kurume/racecard/2026100183/1/11
2026-10-01,久留米,11,118320261001,trifecta,2-1-6,376.0,0.0,0.0,376.0,106,https://www.winticket.jp/keirin/kurume/racecard/2026100183/1/11
2026-10-01,久留米,11,118320261001,trifecta,7-2-5,378.6,0.0,0.0,378.6,107,https://www.winticket.jp/keirin/kurume/racecard/2026100183/1/11
2026-10-01,久留米,11,118320261001,trifecta,2-7-4,389.0,0.0,0.0,389.0,108,https://www.winticket.jp/keirin/kurume/racecard/2026100183/1/11
2026-10-01,久留米,11,118320261001,trifecta,7-4-3,389.0,0.0,0.0,389.0,108,https://www.winticket.jp/keirin/kurume/racecard/2026100183/1/11
2026-10-01,久留米,11,118320261001,trifecta,7-4-2,391.7,0.0,0.0,391.7,110,https://www.winticket.jp/keirin/kurume/racecard/2026100183/1/11
2026-10-01,久留米,11,118320261001,trifecta,1-3-7,395.8,0.0,0.0,395.8,111,https://www.winticket.jp/keirin/kurume/racecard/2026100183/1/11
2026-10-01,久留米,11,118320261001,trifecta,4-6-5,395.8,0.0,0.0,395.8,111,https://www.winticket.jp/keirin/kurume/racecard/2026100183/1/11
2026-10-01,久留米,11,118320261001,trifecta,7-3-1,395.8,0.0,0.0,395.8,111,https://www.winticket.jp/keirin/kurume/racecard/2026100183/1/11
2026-10-01,久留米,11,118320261001,trifecta,1-6-3,398.6,0.0,0.0,398.6,114,https://www.winticket.jp/keirin/kurume/racecard/2026100183/1/11
2026-10-01,久留米,11,118320261001,trifecta,3-4-7,398.6,0.0,0.0,398.6,114,https://www.winticket.jp/keirin/kurume/racecard/2026100183/1/11
2026-10-01,久留米,11,118320261001,trifecta,1-3-2,401.4,0.0,0.0,401.4,116,https://www.winticket.jp/keirin/kurume/racecard/2026100183/1/11
2026-10-01,久留米,11,118320261001,trifecta,2-1-3,405.7,0.0,0.0,405.7,117,https://www.winticket.jp/keirin/kurume/racecard/2026100183/1/11
2026-10-01,久留米,11,118320261001,trifecta,7-4-1,408.6,0.0,0.0,408.6,118,https://www.winticket.jp/keirin/kurume/racecard/2026100183/1/11
2026-10-01,久留米,11,118320261001,trifecta,7-1-4,410.1,0.0,0.0,410.1,119,https://www.winticket.jp/keirin/kurume/racecard/2026100183/1/11
2026-10-01,久留米,11,118320261001,trifecta,3-1-5,413.1,0.0,0.0,413.1,120,https://www.winticket.jp/keirin/kurume/racecard/2026100183/1/11
2026-10-01,久留米,11,118320261001,trifecta,2-4-6,416.1,0.0,0.0,416.1,121,https://www.winticket.jp/keirin/kurume/racecard/2026100183/1/11
2026-10-01,久留米,11,118320261001,trifecta,2-4-3,419.2,0.0,0.0,419.2,122,https://www.winticket.jp/keirin/kurume/racecard/2026100183/1/11
2026-10-01,久留米,11,118320261001,trifecta,5-7-6,423.9,0.0,0.0,423.9,123,https://www.winticket.jp/keirin/kurume/racecard/2026100183/1/11
2026-10-01,久留米,11,118320261001,trifecta,6-5-1,427.1,0.0,0.0,427.1,124,https://www.winticket.jp/keirin/kurume/racecard/2026100183/1/11
2026-10-01,久留米,11,118320261001,trifecta,2-6-5,438.7,0.0,0.0,438.7,125,https://www.winticket.jp/keirin/kurume/racecard/2026100183/1/11
2026-10-01,久留米,11,118320261001,trifecta,1-7-3,447.4,0.0,0.0,447.4,126,https://www.winticket.jp/keirin/kurume/racecard/2026100183/1/11
2026-10-01,久留米,11,118320261001,trifecta,3-7-2,456.4,0.0,0.0,456.4,127,https://www.winticket.jp/keirin/kurume/racecard/2026100183/1/11
2026-10-01,久留米,11,118320261001,trifecta,6-2-5,462.0,0.0,0.0,462.0,128,https://www.winticket.jp/keirin/kurume/racecard/2026100183/1/11
2026-10-01,久留米,11,118320261001,trifecta,3-1-2,465.8,0.0,0.0,465.8,129,https://www.winticket.jp/keirin/kurume/racecard/2026100183/1/11
2026-10-01,久留米,11,118320261001,trifecta,7-3-2,467.7,0.0,0.0,467.7,130,https://www.winticket.jp/keirin/kurume/racecard/2026100183/1/11
2026-10-01,久留米,11,118320261001,trifecta,5-6-3,487.9,0.0,0.0,487.9,131,https://www.winticket.jp/keirin/kurume/racecard/2026100183/1/11
2026-10-01,久留米,11,118320261001,trifecta,7-1-5,490.0,0.0,0.0,490.0,132,https://www.winticket.jp/keirin/kurume/racecard/2026100183/1/11
2026-10-01,久留米,11,118320261001,trifecta,1-6-7,496.5,0.0,0.0,496.5,133,https://www.winticket.jp/keirin/kurume/racecard/2026100183/1/11
2026-10-01,久留米,11,118320261001,trifecta,6-5-2,509.9,0.0,0.0,509.9,134,https://www.winticket.jp/keirin/kurume/racecard/2026100183/1/11
2026-10-01,久留米,11,118320261001,trifecta,6-1-2,516.9,0.0,0.0,516.9,135,https://www.winticket.jp/keirin/kurume/racecard/2026100183/1/11
2026-10-01,久留米,11,118320261001,trifecta,4-7-6,528.9,0.0,0.0,528.9,136,https://www.winticket.jp/keirin/kurume/racecard/2026100183/1/11
2026-10-01,久留米,11,118320261001,trifecta,4-3-6,533.9,0.0,0.0,533.9,137,https://www.winticket.jp/keirin/kurume/racecard/2026100183/1/11
2026-10-01,久留米,11,118320261001,trifecta,3-1-7,544.2,0.0,0.0,544.2,138,https://www.winticket.jp/keirin/kurume/racecard/2026100183/1/11
2026-10-01,久留米,11,118320261001,trifecta,7-2-1,546.8,0.0,0.0,546.8,139,https://www.winticket.jp/keirin/kurume/racecard/2026100183/1/11
2026-10-01,久留米,11,118320261001,trifecta,4-6-2,549.5,0.0,0.0,549.5,140,https://www.winticket.jp/keirin/kurume/racecard/2026100183/1/11
2026-10-01,久留米,11,118320261001,trifecta,1-3-6,560.4,0.0,0.0,560.4,141,https://www.winticket.jp/keirin/kurume/racecard/2026100183/1/11
2026-10-01,久留米,11,118320261001,trifecta,2-3-4,560.4,0.0,0.0,560.4,141,https://www.winticket.jp/keirin/kurume/racecard/2026100183/1/11
2026-10-01,久留米,11,118320261001,trifecta,7-1-2,560.4,0.0,0.0,560.4,141,https://www.winticket.jp/keirin/kurume/racecard/2026100183/1/11
2026-10-01,久留米,11,118320261001,trifecta,1-7-6,568.8,0.0,0.0,568.8,144,https://www.winticket.jp/keirin/kurume/racecard/2026100183/1/11
2026-10-01,久留米,11,118320261001,trifecta,2-7-1,571.7,0.0,0.0,571.7,145,https://www.winticket.jp/keirin/kurume/racecard/2026100183/1/11
2026-10-01,久留米,11,118320261001,trifecta,4-6-3,580.5,0.0,0.0,580.5,146,https://www.winticket.jp/keirin/kurume/racecard/2026100183/1/11
2026-10-01,久留米,11,118320261001,trifecta,3-2-6,586.5,0.0,0.0,586.5,147,https://www.winticket.jp/keirin/kurume/racecard/2026100183/1/11
2026-10-01,久留米,11,118320261001,trifecta,2-3-1,589.5,0.0,0.0,589.5,148,https://www.winticket.jp/keirin/kurume/racecard/2026100183/1/11
2026-10-01,久留米,11,118320261001,trifecta,3-4-1,589.5,0.0,0.0,589.5,148,https://www.winticket.jp/keirin/kurume/racecard/2026100183/1/11
2026-10-01,久留米,11,118320261001,trifecta,7-2-4,592.6,0.0,0.0,592.6,150,https://www.winticket.jp/keirin/kurume/racecard/2026100183/1/11
2026-10-01,久留米,11,118320261001,trifecta,3-1-6,608.6,0.0,0.0,608.6,151,https://www.winticket.jp/keirin/kurume/racecard/2026100183/1/11
2026-10-01,久留米,11,118320261001,trifecta,3-1-4,611.9,0.0,0.0,611.9,152,https://www.winticket.jp/keirin/kurume/racecard/2026100183/1/11
2026-10-01,久留米,11,118320261001,trifecta,6-4-1,615.2,0.0,0.0,615.2,153,https://www.winticket.jp/keirin/kurume/racecard/2026100183/1/11
2026-10-01,久留米,11,118320261001,trifecta,2-6-1,625.4,0.0,0.0,625.4,154,https://www.winticket.jp/keirin/kurume/racecard/2026100183/1/11
2026-10-01,久留米,11,118320261001,trifecta,5-6-7,628.9,0.0,0.0,628.9,155,https://www.winticket.jp/keirin/kurume/racecard/2026100183/1/11
2026-10-01,久留米,11,118320261001,trifecta,6-1-3,628.9,0.0,0.0,628.9,155,https://www.winticket.jp/keirin/kurume/racecard/2026100183/1/11
2026-10-01,久留米,11,118320261001,trifecta,3-2-7,635.9,0.0,0.0,635.9,157,https://www.winticket.jp/keirin/kurume/racecard/2026100183/1/11
2026-10-01,久留米,11,118320261001,trifecta,3-2-1,643.1,0.0,0.0,643.1,158,https://www.winticket.jp/keirin/kurume/racecard/2026100183/1/11
2026-10-01,久留米,11,118320261001,trifecta,7-1-3,654.3,0.0,0.0,654.3,159,https://www.winticket.jp/keirin/kurume/racecard/2026100183/1/11
2026-10-01,久留米,11,118320261001,trifecta,6-5-4,658.1,0.0,0.0,658.1,160,https://www.winticket.jp/keirin/kurume/racecard/2026100183/1/11
2026-10-01,久留米,11,118320261001,trifecta,6-4-5,673.8,0.0,0.0,673.8,161,https://www.winticket.jp/keirin/kurume/racecard/2026100183/1/11
2026-10-01,久留米,11,118320261001,trifecta,7-3-6,677.8,0.0,0.0,677.8,162,https://www.winticket.jp/keirin/kurume/racecard/2026100183/1/11
2026-10-01,久留米,11,118320261001,trifecta,3-4-2,694.4,0.0,0.0,694.4,163,https://www.winticket.jp/keirin/kurume/racecard/2026100183/1/11
2026-10-01,久留米,11,118320261001,trifecta,3-2-4,711.9,0.0,0.0,711.9,164,https://www.winticket.jp/keirin/kurume/racecard/2026100183/1/11
2026-10-01,久留米,11,118320261001,trifecta,2-3-7,716.4,0.0,0.0,716.4,165,https://www.winticket.jp/keirin/kurume/racecard/2026100183/1/11
2026-10-01,久留米,11,118320261001,trifecta,6-2-1,725.6,0.0,0.0,725.6,166,https://www.winticket.jp/keirin/kurume/racecard/2026100183/1/11
2026-10-01,久留米,11,118320261001,trifecta,3-7-6,730.3,0.0,0.0,730.3,167,https://www.winticket.jp/keirin/kurume/racecard/2026100183/1/11
2026-10-01,久留米,11,118320261001,trifecta,7-2-3,749.6,0.0,0.0,749.6,168,https://www.winticket.jp/keirin/kurume/racecard/2026100183/1/11
2026-10-01,久留米,11,118320261001,trifecta,3-5-6,770.0,0.0,0.0,770.0,169,https://www.winticket.jp/keirin/kurume/racecard/2026100183/1/11
2026-10-01,久留米,11,118320261001,trifecta,2-7-3,780.7,0.0,0.0,780.7,170,https://www.winticket.jp/keirin/kurume/racecard/2026100183/1/11
2026-10-01,久留米,11,118320261001,trifecta,4-6-7,802.8,0.0,0.0,802.8,171,https://www.winticket.jp/keirin/kurume/racecard/2026100183/1/11
2026-10-01,久留米,11,118320261001,trifecta,3-6-1,814.4,0.0,0.0,814.4,172,https://www.winticket.jp/keirin/kurume/racecard/2026100183/1/11
2026-10-01,久留米,11,118320261001,trifecta,3-4-6,838.5,0.0,0.0,838.5,173,https://www.winticket.jp/keirin/kurume/racecard/2026100183/1/11
2026-10-01,久留米,11,118320261001,trifecta,6-2-4,851.1,0.0,0.0,851.1,174,https://www.winticket.jp/keirin/kurume/racecard/2026100183/1/11
2026-10-01,久留米,11,118320261001,trifecta,7-1-6,870.7,0.0,0.0,870.7,175,https://www.winticket.jp/keirin/kurume/racecard/2026100183/1/11
2026-10-01,久留米,11,118320261001,trifecta,7-6-1,877.5,0.0,0.0,877.5,176,https://www.winticket.jp/keirin/kurume/racecard/2026100183/1/11
2026-10-01,久留米,11,118320261001,trifecta,6-1-7,905.6,0.0,0.0,905.6,177,https://www.winticket.jp/keirin/kurume/racecard/2026100183/1/11
2026-10-01,久留米,11,118320261001,trifecta,6-4-3,943.3,0.0,0.0,943.3,178,https://www.winticket.jp/keirin/kurume/racecard/2026100183/1/11
2026-10-01,久留米,11,118320261001,trifecta,6-2-3,951.2,0.0,0.0,951.2,179,https://www.winticket.jp/keirin/kurume/racecard/2026100183/1/11
2026-10-01,久留米,11,118320261001,trifecta,7-5-6,951.2,0.0,0.0,951.2,179,https://www.winticket.jp/keirin/kurume/racecard/2026100183/1/11
2026-10-01,久留米,11,118320261001,trifecta,6-3-1,967.5,0.0,0.0,967.5,181,https://www.winticket.jp/keirin/kurume/racecard/2026100183/1/11
2026-10-01,久留米,11,118320261001,trifecta,2-6-4,975.8,0.0,0.0,975.8,182,https://www.winticket.jp/keirin/kurume/racecard/2026100183/1/11
2026-10-01,久留米,11,118320261001,trifecta,3-6-7,1019.8,0.0,0.0,1019.8,183,https://www.winticket.jp/keirin/kurume/racecard/2026100183/1/11
2026-10-01,久留米,11,118320261001,trifecta,2-3-6,1029.1,0.0,0.0,1029.1,184,https://www.winticket.jp/keirin/kurume/racecard/2026100183/1/11
2026-10-01,久留米,11,118320261001,trifecta,6-3-4,1029.1,0.0,0.0,1029.1,184,https://www.winticket.jp/keirin/kurume/racecard/2026100183/1/11
2026-10-01,久留米,11,118320261001,trifecta,6-4-2,1067.9,0.0,0.0,1067.9,186,https://www.winticket.jp/keirin/kurume/racecard/2026100183/1/11
2026-10-01,久留米,11,118320261001,trifecta,3-6-4,1078.1,0.0,0.0,1078.1,187,https://www.winticket.jp/keirin/kurume/racecard/2026100183/1/11
2026-10-01,久留米,11,118320261001,trifecta,3-6-2,1109.8,0.0,0.0,1109.8,188,https://www.winticket.jp/keirin/kurume/racecard/2026100183/1/11
2026-10-01,久留米,11,118320261001,trifecta,3-6-5,1120.8,0.0,0.0,1120.8,189,https://www.winticket.jp/keirin/kurume/racecard/2026100183/1/11
2026-10-01,久留米,11,118320261001,trifecta,6-3-7,1191.6,0.0,0.0,1191.6,190,https://www.winticket.jp/keirin/kurume/racecard/2026100183/1/11
2026-10-01,久留米,11,118320261001,trifecta,7-6-5,1191.6,0.0,0.0,1191.6,190,https://www.winticket.jp/keirin/kurume/racecard/2026100183/1/11
2026-10-01,久留米,11,118320261001,trifecta,6-5-3,1230.4,0.0,0.0,1230.4,192,https://www.winticket.jp/keirin/kurume/racecard/2026100183/1/11
2026-10-01,久留米,11,118320261001,trifecta,7-6-3,1230.4,0.0,0.0,1230.4,192,https://www.winticket.jp/keirin/kurume/racecard/2026100183/1/11
2026-10-01,久留米,11,118320261001,trifecta,2-6-3,1286.3,0.0,0.0,1286.3,194,https://www.winticket.jp/keirin/kurume/racecard/2026100183/1/11
2026-10-01,久留米,11,118320261001,trifecta,6-3-5,1316.3,0.0,0.0,1316.3,195,https://www.winticket.jp/keirin/kurume/racecard/2026100183/1/11
2026-10-01,久留米,11,118320261001,trifecta,7-2-6,1331.7,0.0,0.0,1331.7,196,https://www.winticket.jp/keirin/kurume/racecard/2026100183/1/11
2026-10-01,久留米,11,118320261001,trifecta,7-4-6,1347.6,0.0,0.0,1347.6,197,https://www.winticket.jp/keirin/kurume/racecard/2026100183/1/11
2026-10-01,久留米,11,118320261001,trifecta,6-7-1,1363.8,0.0,0.0,1363.8,198,https://www.winticket.jp/keirin/kurume/racecard/2026100183/1/11
2026-10-01,久留米,11,118320261001,trifecta,6-7-4,1397.5,0.0,0.0,1397.5,199,https://www.winticket.jp/keirin/kurume/racecard/2026100183/1/11
2026-10-01,久留米,11,118320261001,trifecta,7-6-2,1470.1,0.0,0.0,1470.1,200,https://www.winticket.jp/keirin/kurume/racecard/2026100183/1/11
2026-10-01,久留米,11,118320261001,trifecta,2-6-7,1529.7,0.0,0.0,1529.7,201,https://www.winticket.jp/keirin/kurume/racecard/2026100183/1/11
2026-10-01,久留米,11,118320261001,trifecta,6-7-3,1529.7,0.0,0.0,1529.7,201,https://www.winticket.jp/keirin/kurume/racecard/2026100183/1/11
2026-10-01,久留米,11,118320261001,trifecta,7-6-4,1617.1,0.0,0.0,1617.1,203,https://www.winticket.jp/keirin/kurume/racecard/2026100183/1/11
2026-10-01,久留米,11,118320261001,trifecta,6-3-2,1664.7,0.0,0.0,1664.7,204,https://www.winticket.jp/keirin/kurume/racecard/2026100183/1/11
2026-10-01,久留米,11,118320261001,trifecta,2-7-6,1689.5,0.0,0.0,1689.5,205,https://www.winticket.jp/keirin/kurume/racecard/2026100183/1/11
2026-10-01,久留米,11,118320261001,trifecta,6-4-7,1715.1,0.0,0.0,1715.1,206,https://www.winticket.jp/keirin/kurume/racecard/2026100183/1/11
2026-10-01,久留米,11,118320261001,trifecta,6-5-7,1741.5,0.0,0.0,1741.5,207,https://www.winticket.jp/keirin/kurume/racecard/2026100183/1/11
2026-10-01,久留米,11,118320261001,trifecta,6-2-7,1855.7,0.0,0.0,1855.7,208,https://www.winticket.jp/keirin/kurume/racecard/2026100183/1/11
2026-10-01,久留米,11,118320261001,trifecta,6-7-5,2135.9,0.0,0.0,2135.9,209,https://www.winticket.jp/keirin/kurume/racecard/2026100183/1/11
2026-10-01,久留米,11,118320261001,trifecta,6-7-2,2264.0,0.0,0.0,2264.0,210,https://www.winticket.jp/keirin/kurume/racecard/2026100183/1/11
2026-10-01,久留米,11,118320261001,trio,1-2-5,5.1,0.0,0.0,5.1,1,https://www.winticket.jp/keirin/kurume/racecard/2026100183/1/11
2026-10-01,久留米,11,118320261001,trio,2-4-5,5.2,0.0,0.0,5.2,2,https://www.winticket.jp/keirin/kurume/racecard/2026100183/1/11
2026-10-01,久留米,11,118320261001,trio,1-4-5,9.4,0.0,0.0,9.4,3,https://www.winticket.jp/keirin/kurume/racecard/2026100183/1/11
2026-10-01,久留米,11,118320261001,trio,2-3-5,11.8,0.0,0.0,11.8,4,https://www.winticket.jp/keirin/kurume/racecard/2026100183/1/11
2026-10-01,久留米,11,118320261001,trio,2-5-7,12.2,0.0,0.0,12.2,5,https://www.winticket.jp/keirin/kurume/racecard/2026100183/1/11
2026-10-01,久留米,11,118320261001,trio,2-5-6,16.5,0.0,0.0,16.5,6,https://www.winticket.jp/keirin/kurume/racecard/2026100183/1/11
2026-10-01,久留米,11,118320261001,trio,1-2-4,21.1,0.0,0.0,21.1,7,https://www.winticket.jp/keirin/kurume/racecard/2026100183/1/11
2026-10-01,久留米,11,118320261001,trio,4-5-7,24.4,0.0,0.0,24.4,8,https://www.winticket.jp/keirin/kurume/racecard/2026100183/1/11
2026-10-01,久留米,11,118320261001,trio,1-5-6,24.9,0.0,0.0,24.9,9,https://www.winticket.jp/keirin/kurume/racecard/2026100183/1/11
2026-10-01,久留米,11,118320261001,trio,1-5-7,25.0,0.0,0.0,25.0,10,https://www.winticket.jp/keirin/kurume/racecard/2026100183/1/11
2026-10-01,久留米,11,118320261001,trio,1-3-5,25.4,0.0,0.0,25.4,11,https://www.winticket.jp/keirin/kurume/racecard/2026100183/1/11
2026-10-01,久留米,11,118320261001,trio,3-4-5,29.7,0.0,0.0,29.7,12,https://www.winticket.jp/keirin/kurume/racecard/2026100183/1/11
2026-10-01,久留米,11,118320261001,trio,1-4-7,30.4,0.0,0.0,30.4,13,https://www.winticket.jp/keirin/kurume/racecard/2026100183/1/11
2026-10-01,久留米,11,118320261001,trio,3-5-7,32.8,0.0,0.0,32.8,14,https://www.winticket.jp/keirin/kurume/racecard/2026100183/1/11
2026-10-01,久留米,11,118320261001,trio,3-4-7,38.6,0.0,0.0,38.6,15,https://www.winticket.jp/keirin/kurume/racecard/2026100183/1/11
2026-10-01,久留米,11,118320261001,trio,1-4-6,41.3,0.0,0.0,41.3,16,https://www.winticket.jp/keirin/kurume/racecard/2026100183/1/11
2026-10-01,久留米,11,118320261001,trio,4-5-6,45.7,0.0,0.0,45.7,17,https://www.winticket.jp/keirin/kurume/racecard/2026100183/1/11
2026-10-01,久留米,11,118320261001,trio,1-2-7,48.5,0.0,0.0,48.5,18,https://www.winticket.jp/keirin/kurume/racecard/2026100183/1/11
2026-10-01,久留米,11,118320261001,trio,2-4-7,48.5,0.0,0.0,48.5,18,https://www.winticket.jp/keirin/kurume/racecard/2026100183/1/11
2026-10-01,久留米,11,118320261001,trio,1-2-6,49.4,0.0,0.0,49.4,20,https://www.winticket.jp/keirin/kurume/racecard/2026100183/1/11
2026-10-01,久留米,11,118320261001,trio,1-3-7,50.2,0.0,0.0,50.2,21,https://www.winticket.jp/keirin/kurume/racecard/2026100183/1/11
2026-10-01,久留米,11,118320261001,trio,1-3-4,55.4,0.0,0.0,55.4,22,https://www.winticket.jp/keirin/kurume/racecard/2026100183/1/11
2026-10-01,久留米,11,118320261001,trio,2-3-7,61.7,0.0,0.0,61.7,23,https://www.winticket.jp/keirin/kurume/racecard/2026100183/1/11
2026-10-01,久留米,11,118320261001,trio,2-4-6,75.1,0.0,0.0,75.1,24,https://www.winticket.jp/keirin/kurume/racecard/2026100183/1/11
2026-10-01,久留米,11,118320261001,trio,1-3-6,75.8,0.0,0.0,75.8,25,https://www.winticket.jp/keirin/kurume/racecard/2026100183/1/11
2026-10-01,久留米,11,118320261001,trio,1-2-3,78.6,0.0,0.0,78.6,26,https://www.winticket.jp/keirin/kurume/racecard/2026100183/1/11
2026-10-01,久留米,11,118320261001,trio,3-5-6,80.8,0.0,0.0,80.8,27,https://www.winticket.jp/keirin/kurume/racecard/2026100183/1/11
2026-10-01,久留米,11,118320261001,trio,2-3-4,81.5,0.0,0.0,81.5,28,https://www.winticket.jp/keirin/kurume/racecard/2026100183/1/11
2026-10-01,久留米,11,118320261001,trio,2-3-6,95.0,0.0,0.0,95.0,29,https://www.winticket.jp/keirin/kurume/racecard/2026100183/1/11
2026-10-01,久留米,11,118320261001,trio,3-6-7,97.1,0.0,0.0,97.1,30,https://www.winticket.jp/keirin/kurume/racecard/2026100183/1/11
2026-10-01,久留米,11,118320261001,trio,3-4-6,102.9,0.0,0.0,102.9,31,https://www.winticket.jp/keirin/kurume/racecard/2026100183/1/11
2026-10-01,久留米,11,118320261001,trio,1-6-7,113.7,0.0,0.0,113.7,32,https://www.winticket.jp/keirin/kurume/racecard/2026100183/1/11
2026-10-01,久留米,11,118320261001,trio,4-6-7,113.7,0.0,0.0,113.7,32,https://www.winticket.jp/keirin/kurume/racecard/2026100183/1/11
2026-10-01,久留米,11,118320261001,trio,5-6-7,116.8,0.0,0.0,116.8,34,https://www.winticket.jp/keirin/kurume/racecard/2026100183/1/11
2026-10-01,久留米,11,118320261001,trio,2-6-7,201.1,0.0,0.0,201.1,35,https://www.winticket.jp/keirin/kurume/racecard/2026100183/1/11
2026-10-01,川崎,12,123420261001,exacta,5-4,8.0,0.0,0.0,8.0,1,https://www.winticket.jp/keirin/kawasaki/racecard/2026100134/1/12
2026-10-01,川崎,12,123420261001,exacta,4-5,9.3,0.0,0.0,9.3,2,https://www.winticket.jp/keirin/kawasaki/racecard/2026100134/1/12
2026-10-01,川崎,12,123420261001,exacta,2-5,9.3,0.0,0.0,9.3,3,https://www.winticket.jp/keirin/kawasaki/racecard/2026100134/1/12
2026-10-01,川崎,12,123420261001,exacta,5-2,11.0,0.0,0.0,11.0,4,https://www.winticket.jp/keirin/kawasaki/racecard/2026100134/1/12
2026-10-01,川崎,12,123420261001,exacta,2-4,12.9,0.0,0.0,12.9,5,https://www.winticket.jp/keirin/kawasaki/racecard/2026100134/1/12
2026-10-01,川崎,12,123420261001,exacta,2-7,14.7,0.0,0.0,14.7,6,https://www.winticket.jp/keirin/kawasaki/racecard/2026100134/1/12
2026-10-01,川崎,12,123420261001,exacta,4-2,17.5,0.0,0.0,17.5,7,https://www.winticket.jp/keirin/kawasaki/racecard/2026100134/1/12
2026-10-01,川崎,12,123420261001,exacta,7-3,18.0,0.0,0.0,18.0,8,https://www.winticket.jp/keirin/kawasaki/racecard/2026100134/1/12
2026-10-01,川崎,12,123420261001,exacta,7-2,18.4,0.0,0.0,18.4,9,https://www.winticket.jp/keirin/kawasaki/racecard/2026100134/1/12
2026-10-01,川崎,12,123420261001,exacta,3-7,20.4,0.0,0.0,20.4,10,https://www.winticket.jp/keirin/kawasaki/racecard/2026100134/1/12
2026-10-01,川崎,12,123420261001,exacta,5-7,27.8,0.0,0.0,27.8,11,https://www.winticket.jp/keirin/kawasaki/racecard/2026100134/1/12
2026-10-01,川崎,12,123420261001,exacta,4-7,28.9,0.0,0.0,28.9,12,https://www.winticket.jp/keirin/kawasaki/racecard/2026100134/1/12
2026-10-01,川崎,12,123420261001,exacta,2-1,29.5,0.0,0.0,29.5,13,https://www.winticket.jp/keirin/kawasaki/racecard/2026100134/1/12
2026-10-01,川崎,12,123420261001,exacta,2-3,32.2,0.0,0.0,32.2,14,https://www.winticket.jp/keirin/kawasaki/racecard/2026100134/1/12
2026-10-01,川崎,12,123420261001,exacta,2-6,35.2,0.0,0.0,35.2,15,https://www.winticket.jp/keirin/kawasaki/racecard/2026100134/1/12
2026-10-01,川崎,12,123420261001,exacta,7-5,36.3,0.0,0.0,36.3,16,https://www.winticket.jp/keirin/kawasaki/racecard/2026100134/1/12
2026-10-01,川崎,12,123420261001,exacta,7-4,38.8,0.0,0.0,38.8,17,https://www.winticket.jp/keirin/kawasaki/racecard/2026100134/1/12
2026-10-01,川崎,12,123420261001,exacta,5-3,40.6,0.0,0.0,40.6,18,https://www.winticket.jp/keirin/kawasaki/racecard/2026100134/1/12
2026-10-01,川崎,12,123420261001,exacta,4-3,41.6,0.0,0.0,41.6,19,https://www.winticket.jp/keirin/kawasaki/racecard/2026100134/1/12
2026-10-01,川崎,12,123420261001,exacta,3-5,41.8,0.0,0.0,41.8,20,https://www.winticket.jp/keirin/kawasaki/racecard/2026100134/1/12
2026-10-01,川崎,12,123420261001,exacta,5-1,43.0,0.0,0.0,43.0,21,https://www.winticket.jp/keirin/kawasaki/racecard/2026100134/1/12
2026-10-01,川崎,12,123420261001,exacta,3-2,44.1,0.0,0.0,44.1,22,https://www.winticket.jp/keirin/kawasaki/racecard/2026100134/1/12
2026-10-01,川崎,12,123420261001,exacta,1-2,44.6,0.0,0.0,44.6,23,https://www.winticket.jp/keirin/kawasaki/racecard/2026100134/1/12
2026-10-01,川崎,12,123420261001,exacta,3-4,51.8,0.0,0.0,51.8,24,https://www.winticket.jp/keirin/kawasaki/racecard/2026100134/1/12
2026-10-01,川崎,12,123420261001,exacta,6-2,51.8,0.0,0.0,51.8,24,https://www.winticket.jp/keirin/kawasaki/racecard/2026100134/1/12
2026-10-01,川崎,12,123420261001,exacta,7-1,56.4,0.0,0.0,56.4,26,https://www.winticket.jp/keirin/kawasaki/racecard/2026100134/1/12
2026-10-01,川崎,12,123420261001,exacta,7-6,56.4,0.0,0.0,56.4,26,https://www.winticket.jp/keirin/kawasaki/racecard/2026100134/1/12
2026-10-01,川崎,12,123420261001,exacta,5-6,62.6,0.0,0.0,62.6,28,https://www.winticket.jp/keirin/kawasaki/racecard/2026100134/1/12
2026-10-01,川崎,12,123420261001,exacta,4-1,63.5,0.0,0.0,63.5,29,https://www.winticket.jp/keirin/kawasaki/racecard/2026100134/1/12
2026-10-01,川崎,12,123420261001,exacta,6-7,85.6,0.0,0.0,85.6,30,https://www.winticket.jp/keirin/kawasaki/racecard/2026100134/1/12
2026-10-01,川崎,12,123420261001,exacta,4-6,105.3,0.0,0.0,105.3,31,https://www.winticket.jp/keirin/kawasaki/racecard/2026100134/1/12
2026-10-01,川崎,12,123420261001,exacta,3-6,110.2,0.0,0.0,110.2,32,https://www.winticket.jp/keirin/kawasaki/racecard/2026100134/1/12
2026-10-01,川崎,12,123420261001,exacta,1-4,147.5,0.0,0.0,147.5,33,https://www.winticket.jp/keirin/kawasaki/racecard/2026100134/1/12
2026-10-01,川崎,12,123420261001,exacta,1-7,152.2,0.0,0.0,152.2,34,https://www.winticket.jp/keirin/kawasaki/racecard/2026100134/1/12
2026-10-01,川崎,12,123420261001,exacta,1-6,159.8,0.0,0.0,159.8,35,https://www.winticket.jp/keirin/kawasaki/racecard/2026100134/1/12
2026-10-01,川崎,12,123420261001,exacta,3-1,162.5,0.0,0.0,162.5,36,https://www.winticket.jp/keirin/kawasaki/racecard/2026100134/1/12
2026-10-01,川崎,12,123420261001,exacta,1-5,174.3,0.0,0.0,174.3,37,https://www.winticket.jp/keirin/kawasaki/racecard/2026100134/1/12
2026-10-01,川崎,12,123420261001,exacta,6-5,195.7,0.0,0.0,195.7,38,https://www.winticket.jp/keirin/kawasaki/racecard/2026100134/1/12
2026-10-01,川崎,12,123420261001,exacta,6-1,228.3,0.0,0.0,228.3,39,https://www.winticket.jp/keirin/kawasaki/racecard/2026100134/1/12
2026-10-01,川崎,12,123420261001,exacta,6-4,233.8,0.0,0.0,233.8,40,https://www.winticket.jp/keirin/kawasaki/racecard/2026100134/1/12
2026-10-01,川崎,12,123420261001,exacta,6-3,290.5,0.0,0.0,290.5,41,https://www.winticket.jp/keirin/kawasaki/racecard/2026100134/1/12
2026-10-01,川崎,12,123420261001,exacta,1-3,399.5,0.0,0.0,399.5,42,https://www.winticket.jp/keirin/kawasaki/racecard/2026100134/1/12
2026-10-01,川崎,12,123420261001,quinella,4-5,3.9,0.0,0.0,3.9,1,https://www.winticket.jp/keirin/kawasaki/racecard/2026100134/1/12
2026-10-01,川崎,12,123420261001,quinella,2-5,5.5,0.0,0.0,5.5,2,https://www.winticket.jp/keirin/kawasaki/racecard/2026100134/1/12
2026-10-01,川崎,12,123420261001,quinella,2-4,6.8,0.0,0.0,6.8,3,https://www.winticket.jp/keirin/kawasaki/racecard/2026100134/1/12
2026-10-01,川崎,12,123420261001,quinella,3-7,9.6,0.0,0.0,9.6,4,https://www.winticket.jp/keirin/kawasaki/racecard/2026100134/1/12
2026-10-01,川崎,12,123420261001,quinella,2-7,9.8,0.0,0.0,9.8,5,https://www.winticket.jp/keirin/kawasaki/racecard/2026100134/1/12
2026-10-01,川崎,12,123420261001,quinella,5-7,13.2,0.0,0.0,13.2,6,https://www.winticket.jp/keirin/kawasaki/racecard/2026100134/1/12
2026-10-01,川崎,12,123420261001,quinella,4-7,15.8,0.0,0.0,15.8,7,https://www.winticket.jp/keirin/kawasaki/racecard/2026100134/1/12
2026-10-01,川崎,12,123420261001,quinella,3-5,18.6,0.0,0.0,18.6,8,https://www.winticket.jp/keirin/kawasaki/racecard/2026100134/1/12
2026-10-01,川崎,12,123420261001,quinella,2-3,18.9,0.0,0.0,18.9,9,https://www.winticket.jp/keirin/kawasaki/racecard/2026100134/1/12
2026-10-01,川崎,12,123420261001,quinella,1-2,21.7,0.0,0.0,21.7,10,https://www.winticket.jp/keirin/kawasaki/racecard/2026100134/1/12
2026-10-01,川崎,12,123420261001,quinella,3-4,21.7,0.0,0.0,21.7,10,https://www.winticket.jp/keirin/kawasaki/racecard/2026100134/1/12
2026-10-01,川崎,12,123420261001,quinella,2-6,27.0,0.0,0.0,27.0,12,https://www.winticket.jp/keirin/kawasaki/racecard/2026100134/1/12
2026-10-01,川崎,12,123420261001,quinella,1-7,36.3,0.0,0.0,36.3,13,https://www.winticket.jp/keirin/kawasaki/racecard/2026100134/1/12
2026-10-01,川崎,12,123420261001,quinella,1-4,41.2,0.0,0.0,41.2,14,https://www.winticket.jp/keirin/kawasaki/racecard/2026100134/1/12
2026-10-01,川崎,12,123420261001,quinella,1-5,41.8,0.0,0.0,41.8,15,https://www.winticket.jp/keirin/kawasaki/racecard/2026100134/1/12
2026-10-01,川崎,12,123420261001,quinella,6-7,51.1,0.0,0.0,51.1,16,https://www.winticket.jp/keirin/kawasaki/racecard/2026100134/1/12
2026-10-01,川崎,12,123420261001,quinella,5-6,56.3,0.0,0.0,56.3,17,https://www.winticket.jp/keirin/kawasaki/racecard/2026100134/1/12
2026-10-01,川崎,12,123420261001,quinella,1-3,58.7,0.0,0.0,58.7,18,https://www.winticket.jp/keirin/kawasaki/racecard/2026100134/1/12
2026-10-01,川崎,12,123420261001,quinella,1-6,60.0,0.0,0.0,60.0,19,https://www.winticket.jp/keirin/kawasaki/racecard/2026100134/1/12
2026-10-01,川崎,12,123420261001,quinella,4-6,60.0,0.0,0.0,60.0,19,https://www.winticket.jp/keirin/kawasaki/racecard/2026100134/1/12
2026-10-01,川崎,12,123420261001,quinella,3-6,69.0,0.0,0.0,69.0,21,https://www.winticket.jp/keirin/kawasaki/racecard/2026100134/1/12
2026-10-01,川崎,12,123420261001,quinella_place,2-5,0.0,1.4,1.5,1.4,1,https://www.winticket.jp/keirin/kawasaki/racecard/2026100134/1/12
2026-10-01,川崎,12,123420261001,quinella_place,4-5,0.0,2.1,2.7,2.1,2,https://www.winticket.jp/keirin/kawasaki/racecard/2026100134/1/12
2026-10-01,川崎,12,123420261001,quinella_place,2-4,0.0,2.4,3.2,2.4,3,https://www.winticket.jp/keirin/kawasaki/racecard/2026100134/1/12
2026-10-01,川崎,12,123420261001,quinella_place,2-7,0.0,3.3,4.1,3.3,4,https://www.winticket.jp/keirin/kawasaki/racecard/2026100134/1/12
2026-10-01,川崎,12,123420261001,quinella_place,4-7,0.0,4.1,4.5,4.1,5,https://www.winticket.jp/keirin/kawasaki/racecard/2026100134/1/12
2026-10-01,川崎,12,123420261001,quinella_place,3-7,0.0,4.5,4.7,4.5,6,https://www.winticket.jp/keirin/kawasaki/racecard/2026100134/1/12
2026-10-01,川崎,12,123420261001,quinella_place,2-6,0.0,4.9,6.1,4.9,7,https://www.winticket.jp/keirin/kawasaki/racecard/2026100134/1/12
2026-10-01,川崎,12,123420261001,quinella_place,5-7,0.0,4.8,6.2,4.8,8,https://www.winticket.jp/keirin/kawasaki/racecard/2026100134/1/12
2026-10-01,川崎,12,123420261001,quinella_place,1-2,0.0,5.8,7.2,5.8,9,https://www.winticket.jp/keirin/kawasaki/racecard/2026100134/1/12
2026-10-01,川崎,12,123420261001,quinella_place,6-7,0.0,6.8,7.2,6.8,9,https://www.winticket.jp/keirin/kawasaki/racecard/2026100134/1/12
2026-10-01,川崎,12,123420261001,quinella_place,2-3,0.0,6.7,8.3,6.7,11,https://www.winticket.jp/keirin/kawasaki/racecard/2026100134/1/12
2026-10-01,川崎,12,123420261001,quinella_place,3-5,0.0,6.7,8.5,6.7,11,https://www.winticket.jp/keirin/kawasaki/racecard/2026100134/1/12
2026-10-01,川崎,12,123420261001,quinella_place,3-4,0.0,8.0,8.8,8.0,13,https://www.winticket.jp/keirin/kawasaki/racecard/2026100134/1/12
2026-10-01,川崎,12,123420261001,quinella_place,1-5,0.0,7.6,9.6,7.6,14,https://www.winticket.jp/keirin/kawasaki/racecard/2026100134/1/12
2026-10-01,川崎,12,123420261001,quinella_place,1-4,0.0,8.9,9.8,8.9,15,https://www.winticket.jp/keirin/kawasaki/racecard/2026100134/1/12
2026-10-01,川崎,12,123420261001,quinella_place,5-6,0.0,7.8,9.9,7.8,16,https://www.winticket.jp/keirin/kawasaki/racecard/2026100134/1/12
2026-10-01,川崎,12,123420261001,quinella_place,1-7,0.0,9.5,10.0,9.5,17,https://www.winticket.jp/keirin/kawasaki/racecard/2026100134/1/12
2026-10-01,川崎,12,123420261001,quinella_place,4-6,0.0,10.4,11.5,10.4,18,https://www.winticket.jp/keirin/kawasaki/racecard/2026100134/1/12
2026-10-01,川崎,12,123420261001,quinella_place,1-6,0.0,12.5,13.1,12.5,19,https://www.winticket.jp/keirin/kawasaki/racecard/2026100134/1/12
2026-10-01,川崎,12,123420261001,quinella_place,1-3,0.0,14.0,14.7,14.0,20,https://www.winticket.jp/keirin/kawasaki/racecard/2026100134/1/12
2026-10-01,川崎,12,123420261001,quinella_place,3-6,0.0,19.1,20.2,19.1,21,https://www.winticket.jp/keirin/kawasaki/racecard/2026100134/1/12
2026-10-01,川崎,12,123420261001,trifecta,5-4-2,15.3,0.0,0.0,15.3,1,https://www.winticket.jp/keirin/kawasaki/racecard/2026100134/1/12
2026-10-01,川崎,12,123420261001,trifecta,4-5-2,17.6,0.0,0.0,17.6,2,https://www.winticket.jp/keirin/kawasaki/racecard/2026100134/1/12
2026-10-01,川崎,12,123420261001,trifecta,5-2-4,19.9,0.0,0.0,19.9,3,https://www.winticket.jp/keirin/kawasaki/racecard/2026100134/1/12
2026-10-01,川崎,12,123420261001,trifecta,2-5-4,20.9,0.0,0.0,20.9,4,https://www.winticket.jp/keirin/kawasaki/racecard/2026100134/1/12
2026-10-01,川崎,12,123420261001,trifecta,2-4-5,23.8,0.0,0.0,23.8,5,https://www.winticket.jp/keirin/kawasaki/racecard/2026100134/1/12
2026-10-01,川崎,12,123420261001,trifecta,4-2-5,32.9,0.0,0.0,32.9,6,https://www.winticket.jp/keirin/kawasaki/racecard/2026100134/1/12
2026-10-01,川崎,12,123420261001,trifecta,5-4-7,36.3,0.0,0.0,36.3,7,https://www.winticket.jp/keirin/kawasaki/racecard/2026100134/1/12
2026-10-01,川崎,12,123420261001,trifecta,4-5-7,39.3,0.0,0.0,39.3,8,https://www.winticket.jp/keirin/kawasaki/racecard/2026100134/1/12
2026-10-01,川崎,12,123420261001,trifecta,2-5-7,39.9,0.0,0.0,39.9,9,https://www.winticket.jp/keirin/kawasaki/racecard/2026100134/1/12
2026-10-01,川崎,12,123420261001,trifecta,5-2-7,45.3,0.0,0.0,45.3,10,https://www.winticket.jp/keirin/kawasaki/racecard/2026100134/1/12
2026-10-01,川崎,12,123420261001,trifecta,5-4-1,51.6,0.0,0.0,51.6,11,https://www.winticket.jp/keirin/kawasaki/racecard/2026100134/1/12
2026-10-01,川崎,12,123420261001,trifecta,2-5-1,51.6,0.0,0.0,51.6,12,https://www.winticket.jp/keirin/kawasaki/racecard/2026100134/1/12
2026-10-01,川崎,12,123420261001,trifecta,2-5-6,51.8,0.0,0.0,51.8,13,https://www.winticket.jp/keirin/kawasaki/racecard/2026100134/1/12
2026-10-01,川崎,12,123420261001,trifecta,2-7-5,52.9,0.0,0.0,52.9,14,https://www.winticket.jp/keirin/kawasaki/racecard/2026100134/1/12
2026-10-01,川崎,12,123420261001,trifecta,5-2-1,54.4,0.0,0.0,54.4,15,https://www.winticket.jp/keirin/kawasaki/racecard/2026100134/1/12
2026-10-01,川崎,12,123420261001,trifecta,5-2-6,61.5,0.0,0.0,61.5,16,https://www.winticket.jp/keirin/kawasaki/racecard/2026100134/1/12
2026-10-01,川崎,12,123420261001,trifecta,5-4-6,61.9,0.0,0.0,61.9,17,https://www.winticket.jp/keirin/kawasaki/racecard/2026100134/1/12
2026-10-01,川崎,12,123420261001,trifecta,2-4-7,62.6,0.0,0.0,62.6,18,https://www.winticket.jp/keirin/kawasaki/racecard/2026100134/1/12
2026-10-01,川崎,12,123420261001,trifecta,4-5-1,68.6,0.0,0.0,68.6,19,https://www.winticket.jp/keirin/kawasaki/racecard/2026100134/1/12
2026-10-01,川崎,12,123420261001,trifecta,5-4-3,72.6,0.0,0.0,72.6,20,https://www.winticket.jp/keirin/kawasaki/racecard/2026100134/1/12
2026-10-01,川崎,12,123420261001,trifecta,2-7-1,72.6,0.0,0.0,72.6,21,https://www.winticket.jp/keirin/kawasaki/racecard/2026100134/1/12
2026-10-01,川崎,12,123420261001,trifecta,2-7-3,72.9,0.0,0.0,72.9,22,https://www.winticket.jp/keirin/kawasaki/racecard/2026100134/1/12
2026-10-01,川崎,12,123420261001,trifecta,2-7-4,75.8,0.0,0.0,75.8,23,https://www.winticket.jp/keirin/kawasaki/racecard/2026100134/1/12
2026-10-01,川崎,12,123420261001,trifecta,2-7-6,78.7,0.0,0.0,78.7,24,https://www.winticket.jp/keirin/kawasaki/racecard/2026100134/1/12
2026-10-01,川崎,12,123420261001,trifecta,7-3-2,78.8,0.0,0.0,78.8,25,https://www.winticket.jp/keirin/kawasaki/racecard/2026100134/1/12
2026-10-01,川崎,12,123420261001,trifecta,4-5-3,80.3,0.0,0.0,80.3,26,https://www.winticket.jp/keirin/kawasaki/racecard/2026100134/1/12
2026-10-01,川崎,12,123420261001,trifecta,4-5-6,81.6,0.0,0.0,81.6,27,https://www.winticket.jp/keirin/kawasaki/racecard/2026100134/1/12
2026-10-01,川崎,12,123420261001,trifecta,7-2-3,81.7,0.0,0.0,81.7,28,https://www.winticket.jp/keirin/kawasaki/racecard/2026100134/1/12
2026-10-01,川崎,12,123420261001,trifecta,4-2-7,82.8,0.0,0.0,82.8,29,https://www.winticket.jp/keirin/kawasaki/racecard/2026100134/1/12
2026-10-01,川崎,12,123420261001,trifecta,2-1-5,91.2,0.0,0.0,91.2,30,https://www.winticket.jp/keirin/kawasaki/racecard/2026100134/1/12
2026-10-01,川崎,12,123420261001,trifecta,5-2-3,93.1,0.0,0.0,93.1,31,https://www.winticket.jp/keirin/kawasaki/racecard/2026100134/1/12
2026-10-01,川崎,12,123420261001,trifecta,7-2-5,93.1,0.0,0.0,93.1,31,https://www.winticket.jp/keirin/kawasaki/racecard/2026100134/1/12
2026-10-01,川崎,12,123420261001,trifecta,2-6-5,94.5,0.0,0.0,94.5,33,https://www.winticket.jp/keirin/kawasaki/racecard/2026100134/1/12
2026-10-01,川崎,12,123420261001,trifecta,2-5-3,94.8,0.0,0.0,94.8,34,https://www.winticket.jp/keirin/kawasaki/racecard/2026100134/1/12
2026-10-01,川崎,12,123420261001,trifecta,5-7-4,95.0,0.0,0.0,95.0,35,https://www.winticket.jp/keirin/kawasaki/racecard/2026100134/1/12
2026-10-01,川崎,12,123420261001,trifecta,2-1-6,97.6,0.0,0.0,97.6,36,https://www.winticket.jp/keirin/kawasaki/racecard/2026100134/1/12
2026-10-01,川崎,12,123420261001,trifecta,4-7-5,97.6,0.0,0.0,97.6,37,https://www.winticket.jp/keirin/kawasaki/racecard/2026100134/1/12
2026-10-01,川崎,12,123420261001,trifecta,5-7-2,98.3,0.0,0.0,98.3,38,https://www.winticket.jp/keirin/kawasaki/racecard/2026100134/1/12
2026-10-01,川崎,12,123420261001,trifecta,2-4-1,100.1,0.0,0.0,100.1,39,https://www.winticket.jp/keirin/kawasaki/racecard/2026100134/1/12
2026-10-01,川崎,12,123420261001,trifecta,2-1-7,105.3,0.0,0.0,105.3,40,https://www.winticket.jp/keirin/kawasaki/racecard/2026100134/1/12
2026-10-01,川崎,12,123420261001,trifecta,7-3-5,107.3,0.0,0.0,107.3,41,https://www.winticket.jp/keirin/kawasaki/racecard/2026100134/1/12
2026-10-01,川崎,12,123420261001,trifecta,2-4-6,107.8,0.0,0.0,107.8,42,https://www.winticket.jp/keirin/kawasaki/racecard/2026100134/1/12
2026-10-01,川崎,12,123420261001,trifecta,3-7-2,107.9,0.0,0.0,107.9,43,https://www.winticket.jp/keirin/kawasaki/racecard/2026100134/1/12
2026-10-01,川崎,12,123420261001,trifecta,2-6-7,110.1,0.0,0.0,110.1,44,https://www.winticket.jp/keirin/kawasaki/racecard/2026100134/1/12
2026-10-01,川崎,12,123420261001,trifecta,4-7-2,114.8,0.0,0.0,114.8,45,https://www.winticket.jp/keirin/kawasaki/racecard/2026100134/1/12
2026-10-01,川崎,12,123420261001,trifecta,7-2-1,115.4,0.0,0.0,115.4,46,https://www.winticket.jp/keirin/kawasaki/racecard/2026100134/1/12
2026-10-01,川崎,12,123420261001,trifecta,2-3-7,117.5,0.0,0.0,117.5,47,https://www.winticket.jp/keirin/kawasaki/racecard/2026100134/1/12
2026-10-01,川崎,12,123420261001,trifecta,7-2-4,122.7,0.0,0.0,122.7,48,https://www.winticket.jp/keirin/kawasaki/racecard/2026100134/1/12
2026-10-01,川崎,12,123420261001,trifecta,2-6-1,125.3,0.0,0.0,125.3,49,https://www.winticket.jp/keirin/kawasaki/racecard/2026100134/1/12
2026-10-01,川崎,12,123420261001,trifecta,7-2-6,129.2,0.0,0.0,129.2,50,https://www.winticket.jp/keirin/kawasaki/racecard/2026100134/1/12
2026-10-01,川崎,12,123420261001,trifecta,3-7-5,130.7,0.0,0.0,130.7,51,https://www.winticket.jp/keirin/kawasaki/racecard/2026100134/1/12
2026-10-01,川崎,12,123420261001,trifecta,7-3-4,131.7,0.0,0.0,131.7,52,https://www.winticket.jp/keirin/kawasaki/racecard/2026100134/1/12
2026-10-01,川崎,12,123420261001,trifecta,2-1-4,131.9,0.0,0.0,131.9,53,https://www.winticket.jp/keirin/kawasaki/racecard/2026100134/1/12
2026-10-01,川崎,12,123420261001,trifecta,7-3-1,137.2,0.0,0.0,137.2,54,https://www.winticket.jp/keirin/kawasaki/racecard/2026100134/1/12
2026-10-01,川崎,12,123420261001,trifecta,2-3-5,141.1,0.0,0.0,141.1,55,https://www.winticket.jp/keirin/kawasaki/racecard/2026100134/1/12
2026-10-01,川崎,12,123420261001,trifecta,2-4-3,142.9,0.0,0.0,142.9,56,https://www.winticket.jp/keirin/kawasaki/racecard/2026100134/1/12
2026-10-01,川崎,12,123420261001,trifecta,7-4-5,148.7,0.0,0.0,148.7,57,https://www.winticket.jp/keirin/kawasaki/racecard/2026100134/1/12
2026-10-01,川崎,12,123420261001,trifecta,7-3-6,149.6,0.0,0.0,149.6,58,https://www.winticket.jp/keirin/kawasaki/racecard/2026100134/1/12
2026-10-01,川崎,12,123420261001,trifecta,7-4-2,151.5,0.0,0.0,151.5,59,https://www.winticket.jp/keirin/kawasaki/racecard/2026100134/1/12
2026-10-01,川崎,12,123420261001,trifecta,4-2-1,151.8,0.0,0.0,151.8,60,https://www.winticket.jp/keirin/kawasaki/racecard/2026100134/1/12
2026-10-01,川崎,12,123420261001,trifecta,5-7-3,156.8,0.0,0.0,156.8,61,https://www.winticket.jp/keirin/kawasaki/racecard/2026100134/1/12
2026-10-01,川崎,12,123420261001,trifecta,7-5-2,157.3,0.0,0.0,157.3,62,https://www.winticket.jp/keirin/kawasaki/racecard/2026100134/1/12
2026-10-01,川崎,12,123420261001,trifecta,3-7-4,163.4,0.0,0.0,163.4,63,https://www.winticket.jp/keirin/kawasaki/racecard/2026100134/1/12
2026-10-01,川崎,12,123420261001,trifecta,5-1-4,164.1,0.0,0.0,164.1,64,https://www.winticket.jp/keirin/kawasaki/racecard/2026100134/1/12
2026-10-01,川崎,12,123420261001,trifecta,7-5-4,164.4,0.0,0.0,164.4,65,https://www.winticket.jp/keirin/kawasaki/racecard/2026100134/1/12
2026-10-01,川崎,12,123420261001,trifecta,2-6-4,165.3,0.0,0.0,165.3,66,https://www.winticket.jp/keirin/kawasaki/racecard/2026100134/1/12
2026-10-01,川崎,12,123420261001,trifecta,4-2-3,167.0,0.0,0.0,167.0,67,https://www.winticket.jp/keirin/kawasaki/racecard/2026100134/1/12
2026-10-01,川崎,12,123420261001,trifecta,4-2-6,169.4,0.0,0.0,169.4,68,https://www.winticket.jp/keirin/kawasaki/racecard/2026100134/1/12
2026-10-01,川崎,12,123420261001,trifecta,3-2-7,169.5,0.0,0.0,169.5,69,https://www.winticket.jp/keirin/kawasaki/racecard/2026100134/1/12
2026-10-01,川崎,12,123420261001,trifecta,7-5-3,170.0,0.0,0.0,170.0,70,https://www.winticket.jp/keirin/kawasaki/racecard/2026100134/1/12
2026-10-01,川崎,12,123420261001,trifecta,5-1-2,185.7,0.0,0.0,185.7,71,https://www.winticket.jp/keirin/kawasaki/racecard/2026100134/1/12
2026-10-01,川崎,12,123420261001,trifecta,5-7-1,194.1,0.0,0.0,194.1,72,https://www.winticket.jp/keirin/kawasaki/racecard/2026100134/1/12
2026-10-01,川崎,12,123420261001,trifecta,5-6-2,198.3,0.0,0.0,198.3,73,https://www.winticket.jp/keirin/kawasaki/racecard/2026100134/1/12
2026-10-01,川崎,12,123420261001,trifecta,5-3-2,199.2,0.0,0.0,199.2,74,https://www.winticket.jp/keirin/kawasaki/racecard/2026100134/1/12
2026-10-01,川崎,12,123420261001,trifecta,4-3-5,201.0,0.0,0.0,201.0,75,https://www.winticket.jp/keirin/kawasaki/racecard/2026100134/1/12
2026-10-01,川崎,12,123420261001,trifecta,5-6-4,201.8,0.0,0.0,201.8,76,https://www.winticket.jp/keirin/kawasaki/racecard/2026100134/1/12
2026-10-01,川崎,12,123420261001,trifecta,5-3-4,202.8,0.0,0.0,202.8,77,https://www.winticket.jp/keirin/kawasaki/racecard/2026100134/1/12
2026-10-01,川崎,12,123420261001,trifecta,3-7-6,204.7,0.0,0.0,204.7,78,https://www.winticket.jp/keirin/kawasaki/racecard/2026100134/1/12
2026-10-01,川崎,12,123420261001,trifecta,5-7-6,204.8,0.0,0.0,204.8,79,https://www.winticket.jp/keirin/kawasaki/racecard/2026100134/1/12
2026-10-01,川崎,12,123420261001,trifecta,7-1-2,205.2,0.0,0.0,205.2,80,https://www.winticket.jp/keirin/kawasaki/racecard/2026100134/1/12
2026-10-01,川崎,12,123420261001,trifecta,7-4-3,212.1,0.0,0.0,212.1,81,https://www.winticket.jp/keirin/kawasaki/racecard/2026100134/1/12
2026-10-01,川崎,12,123420261001,trifecta,2-3-4,212.7,0.0,0.0,212.7,82,https://www.winticket.jp/keirin/kawasaki/racecard/2026100134/1/12
2026-10-01,川崎,12,123420261001,trifecta,3-2-5,216.7,0.0,0.0,216.7,83,https://www.winticket.jp/keirin/kawasaki/racecard/2026100134/1/12
2026-10-01,川崎,12,123420261001,trifecta,3-4-5,217.8,0.0,0.0,217.8,84,https://www.winticket.jp/keirin/kawasaki/racecard/2026100134/1/12
2026-10-01,川崎,12,123420261001,trifecta,7-1-3,219.2,0.0,0.0,219.2,85,https://www.winticket.jp/keirin/kawasaki/racecard/2026100134/1/12
2026-10-01,川崎,12,123420261001,trifecta,5-3-7,219.4,0.0,0.0,219.4,86,https://www.winticket.jp/keirin/kawasaki/racecard/2026100134/1/12
2026-10-01,川崎,12,123420261001,trifecta,4-7-3,224.2,0.0,0.0,224.2,87,https://www.winticket.jp/keirin/kawasaki/racecard/2026100134/1/12
2026-10-01,川崎,12,123420261001,trifecta,3-7-1,229.9,0.0,0.0,229.9,88,https://www.winticket.jp/keirin/kawasaki/racecard/2026100134/1/12
2026-10-01,川崎,12,123420261001,trifecta,3-5-7,234.1,0.0,0.0,234.1,89,https://www.winticket.jp/keirin/kawasaki/racecard/2026100134/1/12
2026-10-01,川崎,12,123420261001,trifecta,2-3-1,237.3,0.0,0.0,237.3,90,https://www.winticket.jp/keirin/kawasaki/racecard/2026100134/1/12
2026-10-01,川崎,12,123420261001,trifecta,4-1-5,242.2,0.0,0.0,242.2,91,https://www.winticket.jp/keirin/kawasaki/racecard/2026100134/1/12
2026-10-01,川崎,12,123420261001,trifecta,3-5-2,251.2,0.0,0.0,251.2,92,https://www.winticket.jp/keirin/kawasaki/racecard/2026100134/1/12
2026-10-01,川崎,12,123420261001,trifecta,2-1-3,257.0,0.0,0.0,257.0,93,https://www.winticket.jp/keirin/kawasaki/racecard/2026100134/1/12
2026-10-01,川崎,12,123420261001,trifecta,6-2-1,260.9,0.0,0.0,260.9,94,https://www.winticket.jp/keirin/kawasaki/racecard/2026100134/1/12
2026-10-01,川崎,12,123420261001,trifecta,6-2-5,264.8,0.0,0.0,264.8,95,https://www.winticket.jp/keirin/kawasaki/racecard/2026100134/1/12
2026-10-01,川崎,12,123420261001,trifecta,3-5-4,269.2,0.0,0.0,269.2,96,https://www.winticket.jp/keirin/kawasaki/racecard/2026100134/1/12
2026-10-01,川崎,12,123420261001,trifecta,6-2-7,269.8,0.0,0.0,269.8,97,https://www.winticket.jp/keirin/kawasaki/racecard/2026100134/1/12
2026-10-01,川崎,12,123420261001,trifecta,4-3-7,270.1,0.0,0.0,270.1,98,https://www.winticket.jp/keirin/kawasaki/racecard/2026100134/1/12
2026-10-01,川崎,12,123420261001,trifecta,4-3-2,272.2,0.0,0.0,272.2,99,https://www.winticket.jp/keirin/kawasaki/racecard/2026100134/1/12
2026-10-01,川崎,12,123420261001,trifecta,1-2-6,277.5,0.0,0.0,277.5,100,https://www.winticket.jp/keirin/kawasaki/racecard/2026100134/1/12
2026-10-01,川崎,12,123420261001,trifecta,2-3-6,277.8,0.0,0.0,277.8,101,https://www.winticket.jp/keirin/kawasaki/racecard/2026100134/1/12
2026-10-01,川崎,12,123420261001,trifecta,7-1-6,279.1,0.0,0.0,279.1,102,https://www.winticket.jp/keirin/kawasaki/racecard/2026100134/1/12
2026-10-01,川崎,12,123420261001,trifecta,3-4-7,283.6,0.0,0.0,283.6,103,https://www.winticket.jp/keirin/kawasaki/racecard/2026100134/1/12
2026-10-01,川崎,12,123420261001,trifecta,1-2-5,289.7,0.0,0.0,289.7,104,https://www.winticket.jp/keirin/kawasaki/racecard/2026100134/1/12
2026-10-01,川崎,12,123420261001,trifecta,4-7-1,290.3,0.0,0.0,290.3,105,https://www.winticket.jp/keirin/kawasaki/racecard/2026100134/1/12
2026-10-01,川崎,12,123420261001,trifecta,1-2-7,300.3,0.0,0.0,300.3,106,https://www.winticket.jp/keirin/kawasaki/racecard/2026100134/1/12
2026-10-01,川崎,12,123420261001,trifecta,7-6-3,310.7,0.0,0.0,310.7,107,https://www.winticket.jp/keirin/kawasaki/racecard/2026100134/1/12
2026-10-01,川崎,12,123420261001,trifecta,7-6-2,320.9,0.0,0.0,320.9,108,https://www.winticket.jp/keirin/kawasaki/racecard/2026100134/1/12
2026-10-01,川崎,12,123420261001,trifecta,7-1-5,327.8,0.0,0.0,327.8,109,https://www.winticket.jp/keirin/kawasaki/racecard/2026100134/1/12
2026-10-01,川崎,12,123420261001,trifecta,6-2-4,329.1,0.0,0.0,329.1,110,https://www.winticket.jp/keirin/kawasaki/racecard/2026100134/1/12
2026-10-01,川崎,12,123420261001,trifecta,3-2-4,331.8,0.0,0.0,331.8,111,https://www.winticket.jp/keirin/kawasaki/racecard/2026100134/1/12
2026-10-01,川崎,12,123420261001,trifecta,7-5-1,332.2,0.0,0.0,332.2,112,https://www.winticket.jp/keirin/kawasaki/racecard/2026100134/1/12
2026-10-01,川崎,12,123420261001,trifecta,5-6-7,336.3,0.0,0.0,336.3,113,https://www.winticket.jp/keirin/kawasaki/racecard/2026100134/1/12
2026-10-01,川崎,12,123420261001,trifecta,4-1-2,336.8,0.0,0.0,336.8,114,https://www.winticket.jp/keirin/kawasaki/racecard/2026100134/1/12
2026-10-01,川崎,12,123420261001,trifecta,5-1-6,341.0,0.0,0.0,341.0,115,https://www.winticket.jp/keirin/kawasaki/racecard/2026100134/1/12
2026-10-01,川崎,12,123420261001,trifecta,1-2-4,343.4,0.0,0.0,343.4,116,https://www.winticket.jp/keirin/kawasaki/racecard/2026100134/1/12
2026-10-01,川崎,12,123420261001,trifecta,3-4-2,345.4,0.0,0.0,345.4,117,https://www.winticket.jp/keirin/kawasaki/racecard/2026100134/1/12
2026-10-01,川崎,12,123420261001,trifecta,4-7-6,349.3,0.0,0.0,349.3,118,https://www.winticket.jp/keirin/kawasaki/racecard/2026100134/1/12
2026-10-01,川崎,12,123420261001,trifecta,7-5-6,353.9,0.0,0.0,353.9,119,https://www.winticket.jp/keirin/kawasaki/racecard/2026100134/1/12
2026-10-01,川崎,12,123420261001,trifecta,5-1-7,357.5,0.0,0.0,357.5,120,https://www.winticket.jp/keirin/kawasaki/racecard/2026100134/1/12
2026-10-01,川崎,12,123420261001,trifecta,2-6-3,367.2,0.0,0.0,367.2,121,https://www.winticket.jp/keirin/kawasaki/racecard/2026100134/1/12
2026-10-01,川崎,12,123420261001,trifecta,7-4-1,368.9,0.0,0.0,368.9,122,https://www.winticket.jp/keirin/kawasaki/racecard/2026100134/1/12
2026-10-01,川崎,12,123420261001,trifecta,3-2-1,372.2,0.0,0.0,372.2,123,https://www.winticket.jp/keirin/kawasaki/racecard/2026100134/1/12
2026-10-01,川崎,12,123420261001,trifecta,4-6-5,373.4,0.0,0.0,373.4,124,https://www.winticket.jp/keirin/kawasaki/racecard/2026100134/1/12
2026-10-01,川崎,12,123420261001,trifecta,5-3-1,377.4,0.0,0.0,377.4,125,https://www.winticket.jp/keirin/kawasaki/racecard/2026100134/1/12
2026-10-01,川崎,12,123420261001,trifecta,7-1-4,383.3,0.0,0.0,383.3,126,https://www.winticket.jp/keirin/kawasaki/racecard/2026100134/1/12
2026-10-01,川崎,12,123420261001,trifecta,5-6-1,410.4,0.0,0.0,410.4,127,https://www.winticket.jp/keirin/kawasaki/racecard/2026100134/1/12
2026-10-01,川崎,12,123420261001,trifecta,3-2-6,414.6,0.0,0.0,414.6,128,https://www.winticket.jp/keirin/kawasaki/racecard/2026100134/1/12
2026-10-01,川崎,12,123420261001,trifecta,4-6-2,424.7,0.0,0.0,424.7,129,https://www.winticket.jp/keirin/kawasaki/racecard/2026100134/1/12
2026-10-01,川崎,12,123420261001,trifecta,7-4-6,437.6,0.0,0.0,437.6,130,https://www.winticket.jp/keirin/kawasaki/racecard/2026100134/1/12
2026-10-01,川崎,12,123420261001,trifecta,1-6-2,455.6,0.0,0.0,455.6,131,https://www.winticket.jp/keirin/kawasaki/racecard/2026100134/1/12
2026-10-01,川崎,12,123420261001,trifecta,6-1-2,466.9,0.0,0.0,466.9,132,https://www.winticket.jp/keirin/kawasaki/racecard/2026100134/1/12
2026-10-01,川崎,12,123420261001,trifecta,7-6-5,468.7,0.0,0.0,468.7,133,https://www.winticket.jp/keirin/kawasaki/racecard/2026100134/1/12
2026-10-01,川崎,12,123420261001,trifecta,1-7-2,469.6,0.0,0.0,469.6,134,https://www.winticket.jp/keirin/kawasaki/racecard/2026100134/1/12
2026-10-01,川崎,12,123420261001,trifecta,3-5-1,475.1,0.0,0.0,475.1,135,https://www.winticket.jp/keirin/kawasaki/racecard/2026100134/1/12
2026-10-01,川崎,12,123420261001,trifecta,1-5-2,477.9,0.0,0.0,477.9,136,https://www.winticket.jp/keirin/kawasaki/racecard/2026100134/1/12
2026-10-01,川崎,12,123420261001,trifecta,4-1-7,479.8,0.0,0.0,479.8,137,https://www.winticket.jp/keirin/kawasaki/racecard/2026100134/1/12
2026-10-01,川崎,12,123420261001,trifecta,6-5-2,501.4,0.0,0.0,501.4,138,https://www.winticket.jp/keirin/kawasaki/racecard/2026100134/1/12
2026-10-01,川崎,12,123420261001,trifecta,1-5-4,510.9,0.0,0.0,510.9,139,https://www.winticket.jp/keirin/kawasaki/racecard/2026100134/1/12
2026-10-01,川崎,12,123420261001,trifecta,3-6-7,520.7,0.0,0.0,520.7,140,https://www.winticket.jp/keirin/kawasaki/racecard/2026100134/1/12
2026-10-01,川崎,12,123420261001,trifecta,1-4-5,524.0,0.0,0.0,524.0,141,https://www.winticket.jp/keirin/kawasaki/racecard/2026100134/1/12
2026-10-01,川崎,12,123420261001,trifecta,7-6-1,525.2,0.0,0.0,525.2,142,https://www.winticket.jp/keirin/kawasaki/racecard/2026100134/1/12
2026-10-01,川崎,12,123420261001,trifecta,5-1-3,555.0,0.0,0.0,555.0,143,https://www.winticket.jp/keirin/kawasaki/racecard/2026100134/1/12
2026-10-01,川崎,12,123420261001,trifecta,5-3-6,566.6,0.0,0.0,566.6,144,https://www.winticket.jp/keirin/kawasaki/racecard/2026100134/1/12
2026-10-01,川崎,12,123420261001,trifecta,6-7-2,577.3,0.0,0.0,577.3,145,https://www.winticket.jp/keirin/kawasaki/racecard/2026100134/1/12
2026-10-01,川崎,12,123420261001,trifecta,6-2-3,582.8,0.0,0.0,582.8,146,https://www.winticket.jp/keirin/kawasaki/racecard/2026100134/1/12
2026-10-01,川崎,12,123420261001,trifecta,4-3-1,584.2,0.0,0.0,584.2,147,https://www.winticket.jp/keirin/kawasaki/racecard/2026100134/1/12
2026-10-01,川崎,12,123420261001,trifecta,6-5-4,592.7,0.0,0.0,592.7,148,https://www.winticket.jp/keirin/kawasaki/racecard/2026100134/1/12
2026-10-01,川崎,12,123420261001,trifecta,3-5-6,598.5,0.0,0.0,598.5,149,https://www.winticket.jp/keirin/kawasaki/racecard/2026100134/1/12
2026-10-01,川崎,12,123420261001,trifecta,3-1-7,600.0,0.0,0.0,600.0,150,https://www.winticket.jp/keirin/kawasaki/racecard/2026100134/1/12
2026-10-01,川崎,12,123420261001,trifecta,4-3-6,609.0,0.0,0.0,609.0,151,https://www.winticket.jp/keirin/kawasaki/racecard/2026100134/1/12
2026-10-01,川崎,12,123420261001,trifecta,1-4-2,644.3,0.0,0.0,644.3,152,https://www.winticket.jp/keirin/kawasaki/racecard/2026100134/1/12
2026-10-01,川崎,12,123420261001,trifecta,4-6-7,646.0,0.0,0.0,646.0,153,https://www.winticket.jp/keirin/kawasaki/racecard/2026100134/1/12
2026-10-01,川崎,12,123420261001,trifecta,7-6-4,646.0,0.0,0.0,646.0,153,https://www.winticket.jp/keirin/kawasaki/racecard/2026100134/1/12
2026-10-01,川崎,12,123420261001,trifecta,6-4-2,654.7,0.0,0.0,654.7,155,https://www.winticket.jp/keirin/kawasaki/racecard/2026100134/1/12
2026-10-01,川崎,12,123420261001,trifecta,6-4-5,676.5,0.0,0.0,676.5,156,https://www.winticket.jp/keirin/kawasaki/racecard/2026100134/1/12
2026-10-01,川崎,12,123420261001,trifecta,5-6-3,678.3,0.0,0.0,678.3,157,https://www.winticket.jp/keirin/kawasaki/racecard/2026100134/1/12
2026-10-01,川崎,12,123420261001,trifecta,1-7-3,707.8,0.0,0.0,707.8,158,https://www.winticket.jp/keirin/kawasaki/racecard/2026100134/1/12
2026-10-01,川崎,12,123420261001,trifecta,1-2-3,718.3,0.0,0.0,718.3,159,https://www.winticket.jp/keirin/kawasaki/racecard/2026100134/1/12
2026-10-01,川崎,12,123420261001,trifecta,4-1-6,720.4,0.0,0.0,720.4,160,https://www.winticket.jp/keirin/kawasaki/racecard/2026100134/1/12
2026-10-01,川崎,12,123420261001,trifecta,3-4-1,792.9,0.0,0.0,792.9,161,https://www.winticket.jp/keirin/kawasaki/racecard/2026100134/1/12
2026-10-01,川崎,12,123420261001,trifecta,3-1-2,798.1,0.0,0.0,798.1,162,https://www.winticket.jp/keirin/kawasaki/racecard/2026100134/1/12
2026-10-01,川崎,12,123420261001,trifecta,3-6-2,800.7,0.0,0.0,800.7,163,https://www.winticket.jp/keirin/kawasaki/racecard/2026100134/1/12
2026-10-01,川崎,12,123420261001,trifecta,3-4-6,803.3,0.0,0.0,803.3,164,https://www.winticket.jp/keirin/kawasaki/racecard/2026100134/1/12
2026-10-01,川崎,12,123420261001,trifecta,3-1-5,808.6,0.0,0.0,808.6,165,https://www.winticket.jp/keirin/kawasaki/racecard/2026100134/1/12
2026-10-01,川崎,12,123420261001,trifecta,6-5-7,814.0,0.0,0.0,814.0,166,https://www.winticket.jp/keirin/kawasaki/racecard/2026100134/1/12
2026-10-01,川崎,12,123420261001,trifecta,1-5-7,816.7,0.0,0.0,816.7,167,https://www.winticket.jp/keirin/kawasaki/racecard/2026100134/1/12
2026-10-01,川崎,12,123420261001,trifecta,1-3-7,845.0,0.0,0.0,845.0,168,https://www.winticket.jp/keirin/kawasaki/racecard/2026100134/1/12
2026-10-01,川崎,12,123420261001,trifecta,1-7-5,845.0,0.0,0.0,845.0,168,https://www.winticket.jp/keirin/kawasaki/racecard/2026100134/1/12
2026-10-01,川崎,12,123420261001,trifecta,1-7-6,856.9,0.0,0.0,856.9,170,https://www.winticket.jp/keirin/kawasaki/racecard/2026100134/1/12
2026-10-01,川崎,12,123420261001,trifecta,6-7-5,881.6,0.0,0.0,881.6,171,https://www.winticket.jp/keirin/kawasaki/racecard/2026100134/1/12
2026-10-01,川崎,12,123420261001,trifecta,4-1-3,888.0,0.0,0.0,888.0,172,https://www.winticket.jp/keirin/kawasaki/racecard/2026100134/1/12
2026-10-01,川崎,12,123420261001,trifecta,6-7-3,907.8,0.0,0.0,907.8,173,https://www.winticket.jp/keirin/kawasaki/racecard/2026100134/1/12
2026-10-01,川崎,12,123420261001,trifecta,4-6-1,914.6,0.0,0.0,914.6,174,https://www.winticket.jp/keirin/kawasaki/racecard/2026100134/1/12
2026-10-01,川崎,12,123420261001,trifecta,6-5-1,939.3,0.0,0.0,939.3,175,https://www.winticket.jp/keirin/kawasaki/racecard/2026100134/1/12
2026-10-01,川崎,12,123420261001,trifecta,6-1-5,957.7,0.0,0.0,957.7,176,https://www.winticket.jp/keirin/kawasaki/racecard/2026100134/1/12
2026-10-01,川崎,12,123420261001,trifecta,1-4-7,961.5,0.0,0.0,961.5,177,https://www.winticket.jp/keirin/kawasaki/racecard/2026100134/1/12
2026-10-01,川崎,12,123420261001,trifecta,1-5-6,976.8,0.0,0.0,976.8,178,https://www.winticket.jp/keirin/kawasaki/racecard/2026100134/1/12
2026-10-01,川崎,12,123420261001,trifecta,1-7-4,980.8,0.0,0.0,980.8,179,https://www.winticket.jp/keirin/kawasaki/racecard/2026100134/1/12
2026-10-01,川崎,12,123420261001,trifecta,1-3-5,1005.0,0.0,0.0,1005.0,180,https://www.winticket.jp/keirin/kawasaki/racecard/2026100134/1/12
2026-10-01,川崎,12,123420261001,trifecta,6-7-1,1005.0,0.0,0.0,1005.0,180,https://www.winticket.jp/keirin/kawasaki/racecard/2026100134/1/12
2026-10-01,川崎,12,123420261001,trifecta,1-6-7,1009.1,0.0,0.0,1009.1,182,https://www.winticket.jp/keirin/kawasaki/racecard/2026100134/1/12
2026-10-01,川崎,12,123420261001,trifecta,1-4-3,1034.8,0.0,0.0,1034.8,183,https://www.winticket.jp/keirin/kawasaki/racecard/2026100134/1/12
2026-10-01,川崎,12,123420261001,trifecta,6-3-7,1034.8,0.0,0.0,1034.8,183,https://www.winticket.jp/keirin/kawasaki/racecard/2026100134/1/12
2026-10-01,川崎,12,123420261001,trifecta,6-1-7,1043.6,0.0,0.0,1043.6,185,https://www.winticket.jp/keirin/kawasaki/racecard/2026100134/1/12
2026-10-01,川崎,12,123420261001,trifecta,4-6-3,1057.2,0.0,0.0,1057.2,186,https://www.winticket.jp/keirin/kawasaki/racecard/2026100134/1/12
2026-10-01,川崎,12,123420261001,trifecta,1-6-5,1061.8,0.0,0.0,1061.8,187,https://www.winticket.jp/keirin/kawasaki/racecard/2026100134/1/12
2026-10-01,川崎,12,123420261001,trifecta,1-3-2,1066.4,0.0,0.0,1066.4,188,https://www.winticket.jp/keirin/kawasaki/racecard/2026100134/1/12
2026-10-01,川崎,12,123420261001,trifecta,3-1-4,1075.8,0.0,0.0,1075.8,189,https://www.winticket.jp/keirin/kawasaki/racecard/2026100134/1/12
2026-10-01,川崎,12,123420261001,trifecta,3-1-6,1085.4,0.0,0.0,1085.4,190,https://www.winticket.jp/keirin/kawasaki/racecard/2026100134/1/12
2026-10-01,川崎,12,123420261001,trifecta,6-3-2,1120.2,0.0,0.0,1120.2,191,https://www.winticket.jp/keirin/kawasaki/racecard/2026100134/1/12
2026-10-01,川崎,12,123420261001,trifecta,1-3-4,1125.4,0.0,0.0,1125.4,192,https://www.winticket.jp/keirin/kawasaki/racecard/2026100134/1/12
2026-10-01,川崎,12,123420261001,trifecta,3-6-4,1130.6,0.0,0.0,1130.6,193,https://www.winticket.jp/keirin/kawasaki/racecard/2026100134/1/12
2026-10-01,川崎,12,123420261001,trifecta,6-4-7,1130.6,0.0,0.0,1130.6,193,https://www.winticket.jp/keirin/kawasaki/racecard/2026100134/1/12
2026-10-01,川崎,12,123420261001,trifecta,3-6-5,1141.2,0.0,0.0,1141.2,195,https://www.winticket.jp/keirin/kawasaki/racecard/2026100134/1/12
2026-10-01,川崎,12,123420261001,trifecta,6-7-4,1141.2,0.0,0.0,1141.2,195,https://www.winticket.jp/keirin/kawasaki/racecard/2026100134/1/12
2026-10-01,川崎,12,123420261001,trifecta,6-1-4,1203.0,0.0,0.0,1203.0,197,https://www.winticket.jp/keirin/kawasaki/racecard/2026100134/1/12
2026-10-01,川崎,12,123420261001,trifecta,1-4-6,1227.2,0.0,0.0,1227.2,198,https://www.winticket.jp/keirin/kawasaki/racecard/2026100134/1/12
2026-10-01,川崎,12,123420261001,trifecta,1-5-3,1239.7,0.0,0.0,1239.7,199,https://www.winticket.jp/keirin/kawasaki/racecard/2026100134/1/12
2026-10-01,川崎,12,123420261001,trifecta,3-6-1,1271.9,0.0,0.0,1271.9,200,https://www.winticket.jp/keirin/kawasaki/racecard/2026100134/1/12
2026-10-01,川崎,12,123420261001,trifecta,1-6-4,1285.3,0.0,0.0,1285.3,201,https://www.winticket.jp/keirin/kawasaki/racecard/2026100134/1/12
2026-10-01,川崎,12,123420261001,trifecta,1-6-3,1349.2,0.0,0.0,1349.2,202,https://www.winticket.jp/keirin/kawasaki/racecard/2026100134/1/12
2026-10-01,川崎,12,123420261001,trifecta,6-5-3,1364.3,0.0,0.0,1364.3,203,https://www.winticket.jp/keirin/kawasaki/racecard/2026100134/1/12
2026-10-01,川崎,12,123420261001,trifecta,6-1-3,1387.6,0.0,0.0,1387.6,204,https://www.winticket.jp/keirin/kawasaki/racecard/2026100134/1/12
2026-10-01,川崎,12,123420261001,trifecta,6-3-4,1535.9,0.0,0.0,1535.9,205,https://www.winticket.jp/keirin/kawasaki/racecard/2026100134/1/12
2026-10-01,川崎,12,123420261001,trifecta,6-4-1,1545.7,0.0,0.0,1545.7,206,https://www.winticket.jp/keirin/kawasaki/racecard/2026100134/1/12
2026-10-01,川崎,12,123420261001,trifecta,1-3-6,1565.5,0.0,0.0,1565.5,207,https://www.winticket.jp/keirin/kawasaki/racecard/2026100134/1/12
2026-10-01,川崎,12,123420261001,trifecta,6-3-5,1672.7,0.0,0.0,1672.7,208,https://www.winticket.jp/keirin/kawasaki/racecard/2026100134/1/12
2026-10-01,川崎,12,123420261001,trifecta,6-4-3,1695.9,0.0,0.0,1695.9,209,https://www.winticket.jp/keirin/kawasaki/racecard/2026100134/1/12
2026-10-01,川崎,12,123420261001,trifecta,6-3-1,1864.2,0.0,0.0,1864.2,210,https://www.winticket.jp/keirin/kawasaki/racecard/2026100134/1/12
2026-10-01,川崎,12,123420261001,trio,2-4-5,4.0,0.0,0.0,4.0,1,https://www.winticket.jp/keirin/kawasaki/racecard/2026100134/1/12
2026-10-01,川崎,12,123420261001,trio,4-5-7,11.4,0.0,0.0,11.4,2,https://www.winticket.jp/keirin/kawasaki/racecard/2026100134/1/12
2026-10-01,川崎,12,123420261001,trio,2-5-7,12.0,0.0,0.0,12.0,3,https://www.winticket.jp/keirin/kawasaki/racecard/2026100134/1/12
2026-10-01,川崎,12,123420261001,trio,2-4-7,13.9,0.0,0.0,13.9,4,https://www.winticket.jp/keirin/kawasaki/racecard/2026100134/1/12
2026-10-01,川崎,12,123420261001,trio,2-3-7,16.3,0.0,0.0,16.3,5,https://www.winticket.jp/keirin/kawasaki/racecard/2026100134/1/12
2026-10-01,川崎,12,123420261001,trio,3-4-5,18.6,0.0,0.0,18.6,6,https://www.winticket.jp/keirin/kawasaki/racecard/2026100134/1/12
2026-10-01,川崎,12,123420261001,trio,1-2-5,20.3,0.0,0.0,20.3,7,https://www.winticket.jp/keirin/kawasaki/racecard/2026100134/1/12
2026-10-01,川崎,12,123420261001,trio,1-4-5,20.6,0.0,0.0,20.6,8,https://www.winticket.jp/keirin/kawasaki/racecard/2026100134/1/12
2026-10-01,川崎,12,123420261001,trio,2-3-5,21.9,0.0,0.0,21.9,9,https://www.winticket.jp/keirin/kawasaki/racecard/2026100134/1/12
2026-10-01,川崎,12,123420261001,trio,2-5-6,22.7,0.0,0.0,22.7,10,https://www.winticket.jp/keirin/kawasaki/racecard/2026100134/1/12
2026-10-01,川崎,12,123420261001,trio,2-3-4,24.9,0.0,0.0,24.9,11,https://www.winticket.jp/keirin/kawasaki/racecard/2026100134/1/12
2026-10-01,川崎,12,123420261001,trio,3-5-7,25.5,0.0,0.0,25.5,12,https://www.winticket.jp/keirin/kawasaki/racecard/2026100134/1/12
2026-10-01,川崎,12,123420261001,trio,4-5-6,25.5,0.0,0.0,25.5,12,https://www.winticket.jp/keirin/kawasaki/racecard/2026100134/1/12
2026-10-01,川崎,12,123420261001,trio,3-4-7,26.6,0.0,0.0,26.6,14,https://www.winticket.jp/keirin/kawasaki/racecard/2026100134/1/12
2026-10-01,川崎,12,123420261001,trio,1-2-7,26.9,0.0,0.0,26.9,15,https://www.winticket.jp/keirin/kawasaki/racecard/2026100134/1/12
2026-10-01,川崎,12,123420261001,trio,1-2-4,27.5,0.0,0.0,27.5,16,https://www.winticket.jp/keirin/kawasaki/racecard/2026100134/1/12
2026-10-01,川崎,12,123420261001,trio,2-6-7,28.9,0.0,0.0,28.9,17,https://www.winticket.jp/keirin/kawasaki/racecard/2026100134/1/12
2026-10-01,川崎,12,123420261001,trio,2-4-6,37.0,0.0,0.0,37.0,18,https://www.winticket.jp/keirin/kawasaki/racecard/2026100134/1/12
2026-10-01,川崎,12,123420261001,trio,1-3-7,38.3,0.0,0.0,38.3,19,https://www.winticket.jp/keirin/kawasaki/racecard/2026100134/1/12
2026-10-01,川崎,12,123420261001,trio,1-2-6,39.1,0.0,0.0,39.1,20,https://www.winticket.jp/keirin/kawasaki/racecard/2026100134/1/12
2026-10-01,川崎,12,123420261001,trio,3-6-7,45.1,0.0,0.0,45.1,21,https://www.winticket.jp/keirin/kawasaki/racecard/2026100134/1/12
2026-10-01,川崎,12,123420261001,trio,1-4-7,49.6,0.0,0.0,49.6,22,https://www.winticket.jp/keirin/kawasaki/racecard/2026100134/1/12
2026-10-01,川崎,12,123420261001,trio,1-2-3,52.3,0.0,0.0,52.3,23,https://www.winticket.jp/keirin/kawasaki/racecard/2026100134/1/12
2026-10-01,川崎,12,123420261001,trio,2-3-6,54.0,0.0,0.0,54.0,24,https://www.winticket.jp/keirin/kawasaki/racecard/2026100134/1/12
2026-10-01,川崎,12,123420261001,trio,5-6-7,59.3,0.0,0.0,59.3,25,https://www.winticket.jp/keirin/kawasaki/racecard/2026100134/1/12
2026-10-01,川崎,12,123420261001,trio,1-5-7,61.7,0.0,0.0,61.7,26,https://www.winticket.jp/keirin/kawasaki/racecard/2026100134/1/12
2026-10-01,川崎,12,123420261001,trio,4-6-7,66.8,0.0,0.0,66.8,27,https://www.winticket.jp/keirin/kawasaki/racecard/2026100134/1/12
2026-10-01,川崎,12,123420261001,trio,1-6-7,72.8,0.0,0.0,72.8,28,https://www.winticket.jp/keirin/kawasaki/racecard/2026100134/1/12
2026-10-01,川崎,12,123420261001,trio,1-5-6,108.7,0.0,0.0,108.7,29,https://www.winticket.jp/keirin/kawasaki/racecard/2026100134/1/12
2026-10-01,川崎,12,123420261001,trio,1-3-5,113.1,0.0,0.0,113.1,30,https://www.winticket.jp/keirin/kawasaki/racecard/2026100134/1/12
2026-10-01,川崎,12,123420261001,trio,1-3-4,115.4,0.0,0.0,115.4,31,https://www.winticket.jp/keirin/kawasaki/racecard/2026100134/1/12
2026-10-01,川崎,12,123420261001,trio,1-4-6,115.4,0.0,0.0,115.4,31,https://www.winticket.jp/keirin/kawasaki/racecard/2026100134/1/12
2026-10-01,川崎,12,123420261001,trio,3-4-6,134.6,0.0,0.0,134.6,33,https://www.winticket.jp/keirin/kawasaki/racecard/2026100134/1/12
2026-10-01,川崎,12,123420261001,trio,1-3-6,147.5,0.0,0.0,147.5,34,https://www.winticket.jp/keirin/kawasaki/racecard/2026100134/1/12
2026-10-01,川崎,12,123420261001,trio,3-5-6,148.8,0.0,0.0,148.8,35,https://www.winticket.jp/keirin/kawasaki/racecard/2026100134/1/12
